This is pdfTeX, Version 3.141592653-2.6-1.40.28 (TeX Live 2025/Debian) (preloaded format=pdflatex 2026.5.7)  7 MAY 2026 18:30
entering extended mode
 restricted \write18 enabled.
 %&-line parsing enabled.
**refman
(./refman.tex
LaTeX2e <2025-11-01>
L3 programming layer <2026-01-19>

(/usr/share/texlive/texmf-dist/tex/generic/iftex/iftex.sty
Package: iftex 2024/12/12 v1.0g TeX engine tests
) (/usr/share/texlive/texmf-dist/tex/latex/base/book.cls
Document Class: book 2025/01/22 v1.4n Standard LaTeX document class
(/usr/share/texlive/texmf-dist/tex/latex/base/bk10.clo
File: bk10.clo 2025/01/22 v1.4n Standard LaTeX file (size option)
)
\c@part=\count275
\c@chapter=\count276
\c@section=\count277
\c@subsection=\count278
\c@subsubsection=\count279
\c@paragraph=\count280
\c@subparagraph=\count281
\c@figure=\count282
\c@table=\count283
\abovecaptionskip=\skip49
\belowcaptionskip=\skip50
\bibindent=\dimen148
) (/usr/share/texlive/texmf-dist/tex/generic/infwarerr/infwarerr.sty
package info suppressed
) (./doxygen.sty
Package: doxygen 
(/usr/share/texlive/texmf-dist/tex/latex/base/alltt.sty
Package: alltt 2024/07/07 v2.0g defines alltt environment
) (/usr/share/texlive/texmf-dist/tex/latex/tools/array.sty
Package: array 2025/09/25 v2.6n Tabular extension package (FMi)
\col@sep=\dimen149
\ar@mcellbox=\box53
\extrarowheight=\dimen150
\NC@list=\toks17
\extratabsurround=\skip51
\backup@length=\skip52
\ar@cellbox=\box54
) (/usr/share/texlive/texmf-dist/tex/latex/tools/calc.sty
Package: calc 2025/03/01 v4.3b Infix arithmetic (KKT,FJ)
\calc@Acount=\count284
\calc@Bcount=\count285
\calc@Adimen=\dimen151
\calc@Bdimen=\dimen152
\calc@Askip=\skip53
\calc@Bskip=\skip54
LaTeX Info: Redefining \setlength on input line 86.
LaTeX Info: Redefining \addtolength on input line 87.
\calc@Ccount=\count286
\calc@Cskip=\skip55
) (/usr/share/texlive/texmf-dist/tex/latex/float/float.sty
Package: float 2001/11/08 v1.3d Float enhancements (AL)
\c@float@type=\count287
\float@exts=\toks18
\float@box=\box55
\@float@everytoks=\toks19
\@floatcapt=\box56
) (/usr/share/texlive/texmf-dist/tex/latex/base/ifthen.sty
Package: ifthen 2024/03/16 v1.1e Standard LaTeX ifthen package (DPC)
) (/usr/share/texlive/texmf-dist/tex/latex/tools/verbatim.sty
Package: verbatim 2024-01-22 v1.5x LaTeX2e package for verbatim enhancements
\every@verbatim=\toks20
\verbatim@line=\toks21
\verbatim@in@stream=\read2
) (/usr/share/texlive/texmf-dist/tex/latex/varwidth/varwidth.sty
Package: varwidth 2009/03/30 ver 0.92;  Variable-width minipages
\@vwid@box=\box57
\sift@deathcycles=\count288
\@vwid@loff=\dimen153
\@vwid@roff=\dimen154
)
==> First Aid for varwidth.sty applied!
(/usr/share/texlive/texmf-dist/tex/latex/xcolor/xcolor.sty
Package: xcolor 2024/09/29 v3.02 LaTeX color extensions (UK)
(/usr/share/texlive/texmf-dist/tex/latex/graphics-cfg/color.cfg
File: color.cfg 2016/01/02 v1.6 sample color configuration
)
Package xcolor Info: Driver file: pdftex.def on input line 274.
(/usr/share/texlive/texmf-dist/tex/latex/graphics-def/pdftex.def
File: pdftex.def 2025/09/29 v1.2d Graphics/color driver for pdftex
) (/usr/share/texlive/texmf-dist/tex/latex/graphics/mathcolor.ltx)
Package xcolor Info: Model `cmy' substituted by `cmy0' on input line 1349.
Package xcolor Info: Model `hsb' substituted by `rgb' on input line 1353.
Package xcolor Info: Model `RGB' extended on input line 1365.
Package xcolor Info: Model `HTML' substituted by `rgb' on input line 1367.
Package xcolor Info: Model `Hsb' substituted by `hsb' on input line 1368.
Package xcolor Info: Model `tHsb' substituted by `hsb' on input line 1369.
Package xcolor Info: Model `HSB' substituted by `hsb' on input line 1370.
Package xcolor Info: Model `Gray' substituted by `gray' on input line 1371.
Package xcolor Info: Model `wave' substituted by `hsb' on input line 1372.
) (/usr/share/texlive/texmf-dist/tex/latex/colortbl/colortbl.sty
Package: colortbl 2024/10/29 v1.0k Color table columns (DPC)
\everycr=\toks22
\minrowclearance=\skip56
\rownum=\count289
) (/usr/share/texlive/texmf-dist/tex/latex/tools/longtable.sty
Package: longtable 2025-10-13 v4.24 Multi-page Table package (DPC)
\LTleft=\skip57
\LTright=\skip58
\LTpre=\skip59
\LTpost=\skip60
\LTchunksize=\count290
\LTcapwidth=\dimen155
\LT@head=\box58
\LT@firsthead=\box59
\LT@foot=\box60
\LT@lastfoot=\box61
\LT@gbox=\box62
\LT@cols=\count291
\LT@rows=\count292
\c@LT@tables=\count293
\c@LT@chunks=\count294
\LT@p@ftn=\toks23
) (/usr/share/texlive/texmf-dist/tex/latex/xltabular/xltabular.sty
Package: xltabular 2025/02/28 v0.2i `xltabular' package (hv,RN)
(/usr/share/texlive/texmf-dist/tex/latex/tools/tabularx.sty
Package: tabularx 2023/12/11 v2.12a `tabularx' package (DPC)
\TX@col@width=\dimen156
\TX@old@table=\dimen157
\TX@old@col=\dimen158
\TX@target=\dimen159
\TX@delta=\dimen160
\TX@cols=\count295
\TX@ftn=\toks24
) (/usr/share/texlive/texmf-dist/tex/latex/etoolbox/etoolbox.sty
Package: etoolbox 2025/10/02 v2.5m e-TeX tools for LaTeX (JAW)
\etb@tempcnta=\count296
) (/usr/share/texlive/texmf-dist/tex/latex/ltablex/ltablex.sty
Package: ltablex 2014/08/13 v1.1 Modified tabularx
)) (/usr/share/texlive/texmf-dist/tex/latex/tabularray/tabularray.sty
Package: tabularray 2025-11-27 v2025C Typeset tabulars and arrays with LaTeX3
(/usr/share/texlive/texmf-dist/tex/latex/ninecolors/ninecolors.sty
Package: ninecolors 2022-02-13 v2022D Select colors with proper color contrast
(/usr/share/texlive/texmf-dist/tex/latex/l3packages/xparse/xparse.sty (/usr/sha
re/texlive/texmf-dist/tex/latex/l3kernel/expl3.sty
Package: expl3 2026-01-19 L3 programming layer (loader) 
(/usr/share/texlive/texmf-dist/tex/latex/l3backend/l3backend-pdftex.def
File: l3backend-pdftex.def 2025-10-09 L3 backend support: PDF output (pdfTeX)
\l__color_backend_stack_int=\count297
))
Package: xparse 2025-10-09 L3 Experimental document command parser
))
\g__tblr_nohyper_int=\count298
\l__tblr_a_int=\count299
\l__tblr_c_int=\count300
\l__tblr_r_int=\count301
\l__tblr_d_dim=\dimen161
\l__tblr_h_dim=\dimen162
\l__tblr_o_dim=\dimen163
\l__tblr_p_dim=\dimen164
\l__tblr_q_dim=\dimen165
\l__tblr_r_dim=\dimen166
\l__tblr_s_dim=\dimen167
\l__tblr_t_dim=\dimen168
\l__tblr_v_dim=\dimen169
\l__tblr_w_dim=\dimen170
\l__tblr_a_box=\box63
\l__tblr_b_box=\box64
\l__tblr_c_box=\box65
\l__tblr_d_box=\box66
\c@tblrcount=\count302
\c@colnum=\count303
\c@rowcount=\count304
\c@colcount=\count305
\abovesep=\dimen171
\belowsep=\dimen172
\leftsep=\dimen173
\rightsep=\dimen174
\gTblrLevelInt=\count306
\g__tblr_data_row_key_count_int=\count307
\g__tblr_data_column_key_count_int=\count308
\g__tblr_data_cell_key_count_int=\count309
\g__tblr_array_int=\count310
\l__tblr_key_count_int=\count311
\l__tblr_key_quotient_int=\count312
\l__tblr_key_quotient_two_int=\count313
\l__tblr_key_remainder_int=\count314
\g__tblr_data_str_value_count_int=\count315
\lTblrChildTotalInt=\count316
\lTblrChildHtotalInt=\count317
\lTblrChildVtotalInt=\count318
\l__child_diff_h_int=\count319
\l__child_diff_v_int=\count320
\l__child_sign_h_int=\count321
\l__child_sign_v_int=\count322
\l__child_step_int=\count323
\lTblrDefaultHruleWidthDim=\dimen175
\lTblrDefaultVruleWidthDim=\dimen176
\l__tblr_split_balance_int=\count324
\l__tblr_strut_dp_dim=\dimen177
\l__tblr_strut_ht_dim=\dimen178
\g__tblr_cell_wd_dim=\dimen179
\g__tblr_cell_ht_dim=\dimen180
\g__tblr_cell_head_dim=\dimen181
\g__tblr_cell_foot_dim=\dimen182
\l__tblr_measured_cell_box=\box67
\g__tblr_last_box=\box68
\l__tblr_temp_box=\box69
\l__tblr_column_target_dim=\dimen183
\l__tblr_hfuzz_dim=\dimen184
\l__tblr_caption_box=\box70
\l__tblr_caption_left_box=\box71
\lTblrRowHeadInt=\count325
\lTblrRowFootInt=\count326
\l__tblr_row_head_box=\box72
\l__tblr_row_foot_box=\box73
\l__tblr_row_head_foot_dim=\dimen185
\lTblrTableWidthDim=\dimen186
\l__tblr_table_firsthead_box=\box74
\l__tblr_table_middlehead_box=\box75
\l__tblr_table_lasthead_box=\box76
\l__tblr_table_firstfoot_box=\box77
\l__tblr_table_middlefoot_box=\box78
\l__tblr_table_lastfoot_box=\box79
\l__tblr_remain_height_dim=\dimen187
\l__tblr_next_rows_dim=\dimen188
\l__tblr_page_overfill_dim=\dimen189
\l__tblr_long_from_int=\count327
\l__tblr_long_to_int=\count328
\l__tblr_curr_i_int=\count329
\l__tblr_prev_i_int=\count330
\lTblrTablePageInt=\count331
\l__tblr_table_head_box=\box80
\l__tblr_table_foot_box=\box81
\l__tblr_table_head_foot_dim=\dimen190
\l__tblr_table_head_body_foot_dim=\dimen191
\l__tblr_table_box=\box82
\lTblrRowFirstInt=\count332
\lTblrRowLastInt=\count333
\l__tblr_cover_box_a_dim=\dimen192
\l__tblr_cover_box_b_dim=\dimen193
\l__tblr_table_hlines_box=\box83
\l__tblr_hline_box=\box84
\l__tblr_row_box=\box85
\l__tblr_col_o_wd_dim=\dimen194
\l__tblr_col_b_wd_dim=\dimen195
\l__tblr_hline_leftskip_dim=\dimen196
\l__tblr_hline_rightskip_dim=\dimen197
\l__tblr_row_ht_dim=\dimen198
\l__tblr_row_dp_dim=\dimen199
\l__tblr_row_abovesep_dim=\dimen256
\l__tblr_row_belowsep_dim=\dimen257
\l__tblr_row_vlines_box=\box86
\l__tblr_vline_box=\box87
\l__tblr_cell_box=\box88
\l__tblr_row_upper_dim=\dimen258
\l__tblr_row_lower_dim=\dimen259
\l__tblr_row_vpace_dim=\dimen260
\l__tblr_vline_aboveskip_dim=\dimen261
\l__tblr_vline_belowskip_dim=\dimen262
\lTblrCellRowSpanInt=\count334
\lTblrCellColSpanInt=\count335
\l__tblr_cell_wd_dim=\dimen263
\l__tblr_cell_ht_dim=\dimen264
\lTblrCellAboveBorderWidthDim=\dimen265
\lTblrCellBelowBorderWidthDim=\dimen266
\lTblrCellLeftBorderWidthDim=\dimen267
\lTblrCellRightBorderWidthDim=\dimen268
\l__tblr_diag_box=\box89
\l__tblr_cell_inner_wd_dim=\dimen269
\l__tblr_cell_inner_dp_dim=\dimen270
\l__tblr_cell_hanchor_dim=\dimen271
\l__tblr_last_cell_table_ht_dim=\dimen272
\l__tblr_last_cell_table_dp_dim=\dimen273
\l__tblr_last_vline_wd_dim=\dimen274
\l__tblr_tikz_node_box=\box90
)
\g__doxy_nohyper_int=\count336
(/usr/share/texlive/texmf-dist/tex/latex/fancyvrb/fancyvrb.sty
Package: fancyvrb 2025/07/28 4.6 verbatim text (tvz,hv)
(/usr/share/texlive/texmf-dist/tex/latex/graphics/keyval.sty
Package: keyval 2022/05/29 v1.15 key=value parser (DPC)
\KV@toks@=\toks25
)
\FV@CodeLineNo=\count337
\FV@InFile=\read3
\FV@TabBox=\box91
\c@FancyVerbLine=\count338
\FV@StepNumber=\count339
\FV@OutFile=\write3
) (/usr/share/texlive/texmf-dist/tex/latex/tools/multicol.sty
Package: multicol 2025/10/21 v2.0b multicolumn formatting (FMi)
\c@tracingmulticols=\count340
\mult@box=\box92
\multicol@leftmargin=\dimen275
\c@unbalance=\count341
\c@collectmore=\count342
\doublecol@number=\count343
\multicoltolerance=\count344
\multicolpretolerance=\count345
\full@width=\dimen276
\page@free=\dimen277
\premulticols=\dimen278
\postmulticols=\dimen279
\multicolsep=\skip61
\multicolbaselineskip=\skip62
\partial@page=\box93
\last@line=\box94
\mc@boxedresult=\box95
\maxbalancingoverflow=\dimen280
\mult@rightbox=\box96
\mult@grightbox=\box97
\mult@firstbox=\box98
\mult@gfirstbox=\box99
\@tempa=\box100
\@tempa=\box101
\@tempa=\box102
\@tempa=\box103
\@tempa=\box104
\@tempa=\box105
\@tempa=\box106
\@tempa=\box107
\@tempa=\box108
\@tempa=\box109
\@tempa=\box110
\@tempa=\box111
\@tempa=\box112
\@tempa=\box113
\@tempa=\box114
\@tempa=\box115
\@tempa=\box116
\@tempa=\box117
\@tempa=\box118
\@tempa=\box119
\@tempa=\box120
\@tempa=\box121
\@tempa=\box122
\@tempa=\box123
\@tempa=\box124
\@tempa=\box125
\@tempa=\box126
\@tempa=\box127
\@tempa=\box128
\@tempa=\box129
\@tempa=\box130
\@tempa=\box131
\@tempa=\box132
\@tempa=\box133
\@tempa=\box134
\@tempa=\box135
\c@minrows=\count346
\c@columnbadness=\count347
\c@finalcolumnbadness=\count348
\last@try=\dimen281
\multicolovershoot=\dimen282
\multicolundershoot=\dimen283
\mult@nat@firstbox=\box136
\colbreak@box=\box137
\mc@col@check@num=\count349
\g__mc_curr_col_int=\count350
) (/usr/share/texlive/texmf-dist/tex/latex/multirow/multirow.sty
Package: multirow 2024/11/12 v2.9 Span multiple rows of a table
\multirow@colwidth=\skip63
\multirow@cntb=\count351
\multirow@dima=\skip64
\bigstrutjot=\dimen284
) (/usr/share/texlive/texmf-dist/tex/latex/hanging/hanging.sty
Package: hanging 2009/09/02 v1.2b hanging paragraphs and punctuation
\h@ngcommawd=\skip65
\h@ngfstopwd=\skip66
\h@ngquotewd=\skip67
\h@ngdquotewd=\skip68
\h@ngquerywd=\skip69
\h@ngexclwd=\skip70
\h@ngcolonwd=\skip71
\h@ngscolonwd=\skip72
) (/usr/share/texlive/texmf-dist/tex/generic/iftex/ifpdf.sty
Package: ifpdf 2019/10/25 v3.4 ifpdf legacy package. Use iftex instead.
) (/usr/share/texlive/texmf-dist/tex/latex/adjustbox/adjustbox.sty
Package: adjustbox 2025/02/26 v1.3c Adjusting TeX boxes (trim, clip, ...)
(/usr/share/texlive/texmf-dist/tex/latex/xkeyval/xkeyval.sty
Package: xkeyval 2025/11/04 v2.10 package option processing (HA)
(/usr/share/texlive/texmf-dist/tex/generic/xkeyval/xkeyval.tex (/usr/share/texl
ive/texmf-dist/tex/generic/xkeyval/xkvutils.tex
\XKV@toks=\toks26
\XKV@tempa@toks=\toks27
\XKV@tempb@toks=\toks28
)
\XKV@depth=\count352
File: xkeyval.tex 2014/12/03 v2.7a key=value parser (HA)
)) (/usr/share/texlive/texmf-dist/tex/latex/adjustbox/adjcalc.sty
Package: adjcalc 2012/05/16 v1.1 Provides advanced setlength with multiple back
-ends (calc, etex, pgfmath)
) (/usr/share/texlive/texmf-dist/tex/latex/adjustbox/trimclip.sty
Package: trimclip 2025/02/21 v1.2a Trim and clip general TeX material
(/usr/share/texlive/texmf-dist/tex/latex/graphics/graphicx.sty
Package: graphicx 2024/12/31 v1.2e Enhanced LaTeX Graphics (DPC,SPQR)
(/usr/share/texlive/texmf-dist/tex/latex/graphics/graphics.sty
Package: graphics 2024/08/06 v1.4g Standard LaTeX Graphics (DPC,SPQR)
(/usr/share/texlive/texmf-dist/tex/latex/graphics/trig.sty
Package: trig 2023/12/02 v1.11 sin cos tan (DPC)
) (/usr/share/texlive/texmf-dist/tex/latex/graphics-cfg/graphics.cfg
File: graphics.cfg 2016/06/04 v1.11 sample graphics configuration
)
Package graphics Info: Driver file: pdftex.def on input line 106.
)
\Gin@req@height=\dimen285
\Gin@req@width=\dimen286
) (/usr/share/texlive/texmf-dist/tex/latex/collectbox/collectbox.sty
Package: collectbox 2022/10/17 v0.4c Collect macro arguments as boxes
\collectedbox=\box138
)
\tc@llx=\dimen287
\tc@lly=\dimen288
\tc@urx=\dimen289
\tc@ury=\dimen290
Package trimclip Info: Using driver 'tc-pdftex.def'.
(/usr/share/texlive/texmf-dist/tex/latex/adjustbox/tc-pdftex.def
File: tc-pdftex.def 2025/02/26 v2.3 Clipping driver for pdftex
))
\adjbox@Width=\dimen291
\adjbox@Height=\dimen292
\adjbox@Depth=\dimen293
\adjbox@Totalheight=\dimen294
\adjbox@pwidth=\dimen295
\adjbox@pheight=\dimen296
\adjbox@pdepth=\dimen297
\adjbox@ptotalheight=\dimen298
(/usr/share/texlive/texmf-dist/tex/latex/ifoddpage/ifoddpage.sty
Package: ifoddpage 2022/10/18 v1.2 Conditionals for odd/even page detection
\c@checkoddpage=\count353
)) (/usr/share/texlive/texmf-dist/tex/latex/amsfonts/amssymb.sty
Package: amssymb 2013/01/14 v3.01 AMS font symbols
(/usr/share/texlive/texmf-dist/tex/latex/amsfonts/amsfonts.sty
Package: amsfonts 2013/01/14 v3.01 Basic AMSFonts support
\@emptytoks=\toks29
\symAMSa=\mathgroup4
\symAMSb=\mathgroup5
LaTeX Font Info:    Redeclaring math symbol \hbar on input line 98.
LaTeX Font Info:    Overwriting math alphabet `\mathfrak' in version `bold'
(Font)                  U/euf/m/n --> U/euf/b/n on input line 106.
)) (/usr/share/texlive/texmf-dist/tex/latex/stackengine/stackengine.sty
Package: stackengine 2021/07/22 v4.11\ Stacking text and objects in convenient 
ways
(/usr/share/texlive/texmf-dist/tex/generic/listofitems/listofitems.sty (/usr/sh
are/texlive/texmf-dist/tex/generic/listofitems/listofitems.tex
\loi_cnt_foreach_nest=\count354
\loi_nestcnt=\count355
)
Package: listofitems 2024/03/09 v1.65 Grab items in lists using user-specified 
sep char (CT)
)
\c@@stackindex=\count356
\@boxshift=\skip73
\stack@tmplength=\skip74
\temp@stkl=\skip75
\@stackedboxwidth=\skip76
\@addedbox=\box139
\@anchorbox=\box140
\@insetbox=\box141
\se@backgroundbox=\box142
\stackedbox=\box143
\@centerbox=\box144
\c@ROWcellindex@=\count357
) (/usr/share/texlive/texmf-dist/tex/latex/enumitem/enumitem.sty
Package: enumitem 2025/02/06 v3.11 Customized lists
\labelindent=\skip77
\enit@outerparindent=\dimen299
\enit@toks=\toks30
\enit@inbox=\box145
\enit@count@id=\count358
\enitdp@description=\count359
) (/usr/share/texlive/texmf-dist/tex/generic/alphalph/alphalph.sty
Package: alphalph 2019/12/09 v2.6 Convert numbers to letters (HO)
(/usr/share/texlive/texmf-dist/tex/generic/intcalc/intcalc.sty
Package: intcalc 2019/12/15 v1.3 Expandable calculations with integers (HO)
)) (/usr/share/texlive/texmf-dist/tex/generic/ulem/ulem.sty
\UL@box=\box146
\UL@hyphenbox=\box147
\UL@skip=\skip78
\UL@hook=\toks31
\UL@height=\dimen300
\UL@pe=\count360
\UL@pixel=\dimen301
\ULC@box=\box148
Package: ulem 2019/11/18
\ULdepth=\dimen302
)
\xrefbox=\box149
\xreflength=\skip79
\CodeWidthChar=\skip80
\CodeHeightChar=\skip81
\DoxyCodeWidth=\skip82
\c@DoxyEnumeratei=\count361
\c@DoxyEnumerateii=\count362
\c@DoxyEnumerateiii=\count363
\c@DoxyEnumerateiv=\count364
\c@DoxyEnumeratev=\count365
\c@DoxyEnumeratevi=\count366
\c@DoxyEnumeratevii=\count367
\c@DoxyEnumerateviii=\count368
\c@DoxyEnumerateix=\count369
\c@DoxyEnumeratex=\count370
\c@DoxyEnumeratexi=\count371
\c@DoxyEnumeratexii=\count372
\enitdp@DoxyEnumerate=\count373
\enitdp@DoxyItemize=\count374
\c@subsubsubsection=\count375
\c@subsubsubsubsection=\count376
\c@subsubsubsubsubsection=\count377
\c@subsubsubsubsubsubsection=\count378
) (/usr/share/texlive/texmf-dist/tex/latex/base/inputenc.sty
Package: inputenc 2024/02/08 v1.3d Input encoding file
\inpenc@prehook=\toks32
\inpenc@posthook=\toks33
) (/usr/share/texlive/texmf-dist/tex/latex/base/makeidx.sty
Package: makeidx 2021/10/04 v1.0m Standard LaTeX package
) (/usr/share/texlive/texmf-dist/tex/latex/base/textcomp.sty
Package: textcomp 2024/04/24 v2.1b Standard LaTeX package
) (/usr/share/texlive/texmf-dist/tex/latex/wasysym/wasysym.sty
Package: wasysym 2020/01/19 v2.4 Wasy-2 symbol support package
\symwasy=\mathgroup6
LaTeX Font Info:    Overwriting symbol font `wasy' in version `bold'
(Font)                  U/wasy/m/n --> U/wasy/b/n on input line 93.
) (/usr/share/texlive/texmf-dist/tex/generic/iftex/ifxetex.sty
Package: ifxetex 2019/10/25 v0.7 ifxetex legacy package. Use iftex instead.
) (/usr/share/texlive/texmf-dist/tex/generic/babel/babel.sty
Package: babel 2026/01/18 v26.1 The multilingual framework for LuaLaTeX, pdfLaT
eX and XeLaTeX
\babel@savecnt=\count379
LaTeX Encoding Info:    Redeclaring text command \ij (encoding OT1) on input li
ne 2078.
LaTeX Encoding Info:    Redeclaring text command \IJ (encoding OT1) on input li
ne 2080.
LaTeX Encoding Info:    Redeclaring text command \ij (encoding T1) on input lin
e 2082.
LaTeX Encoding Info:    Redeclaring text command \IJ (encoding T1) on input lin
e 2083.
LaTeX Encoding Info:    Ignoring declaration for text command \ij (encoding ?) 
on input line 2084.
LaTeX Encoding Info:    Ignoring declaration for text command \IJ (encoding ?) 
on input line 2086.
LaTeX Encoding Info:    Ignoring declaration for text command \SS (encoding ?) 
on input line 2111.
\U@D=\dimen303
\l@unhyphenated=\language4
(/usr/share/texlive/texmf-dist/tex/generic/babel/txtbabel.def)
\bbl@readstream=\read4
\bbl@dirlevel=\count380
(/usr/share/texlive/texmf-dist/tex/generic/babel/locale/pl/babel-polish.tex)
Package babel Info: Importing font and identification data for polish
(babel)             from babel-pl.ini. Reported on input line 4330.
(/usr/share/texlive/texmf-dist/tex/generic/babel-polish/polish.ldf
Language: polish 2022/03/12 1.3 Babel support for Polish
Package babel Info: Making " an active character on input line 101.
)) (/usr/share/texlive/texmf-dist/tex/latex/base/fontenc.sty
Package: fontenc 2025/07/18 v2.1d Standard LaTeX package
) (/usr/share/texlive/texmf-dist/tex/latex/psnfss/helvet.sty
Package: helvet 2020/03/25 PSNFSS-v9.3 (WaS) 
) (/usr/share/texlive/texmf-dist/tex/latex/psnfss/courier.sty
Package: courier 2020/03/25 PSNFSS-v9.3 (WaS) 
) (/usr/share/texlive/texmf-dist/tex/latex/geometry/geometry.sty
Package: geometry 2020/01/02 v5.9 Page Geometry
(/usr/share/texlive/texmf-dist/tex/generic/iftex/ifvtex.sty
Package: ifvtex 2019/10/25 v1.7 ifvtex legacy package. Use iftex instead.
)
\Gm@cnth=\count381
\Gm@cntv=\count382
\c@Gm@tempcnt=\count383
\Gm@bindingoffset=\dimen304
\Gm@wd@mp=\dimen305
\Gm@odd@mp=\dimen306
\Gm@even@mp=\dimen307
\Gm@layoutwidth=\dimen308
\Gm@layoutheight=\dimen309
\Gm@layouthoffset=\dimen310
\Gm@layoutvoffset=\dimen311
\Gm@dimlist=\toks34
) (/usr/share/texlive/texmf-dist/tex/latex/changepage/changepage.sty
Package: changepage 2009/10/20 v1.0c check page and change page layout
\c@cp@cntr=\count384
\cp@tempcnt=\count385
LaTeX Info: Redefining \checkoddpage on input line 59.
) (/usr/share/texlive/texmf-dist/tex/latex/fancyhdr/fancyhdr.sty
Package: fancyhdr 2025/02/07 v5.2 Extensive control of page headers and footers

\f@nch@headwidth=\skip83
\f@nch@offset@elh=\skip84
\f@nch@offset@erh=\skip85
\f@nch@offset@olh=\skip86
\f@nch@offset@orh=\skip87
\f@nch@offset@elf=\skip88
\f@nch@offset@erf=\skip89
\f@nch@offset@olf=\skip90
\f@nch@offset@orf=\skip91
\f@nch@height=\skip92
\f@nch@footalignment=\skip93
\f@nch@widthL=\skip94
\f@nch@widthC=\skip95
\f@nch@widthR=\skip96
\@temptokenb=\toks35
) (/usr/share/texlive/texmf-dist/tex/latex/natbib/natbib.sty
Package: natbib 2010/09/13 8.31b (PWD, AO)
\bibhang=\skip97
\bibsep=\skip98
LaTeX Info: Redefining \cite on input line 694.
\c@NAT@ctr=\count386
) (/usr/share/texlive/texmf-dist/tex/latex/tocloft/tocloft.sty
Package: tocloft 2017/08/31 v2.3i parameterised ToC, etc., typesetting
Package tocloft Info: The document has chapter divisions on input line 51.
\cftparskip=\skip99
\cftbeforetoctitleskip=\skip100
\cftaftertoctitleskip=\skip101
\cftbeforepartskip=\skip102
\cftpartnumwidth=\skip103
\cftpartindent=\skip104
\cftbeforechapskip=\skip105
\cftchapindent=\skip106
\cftchapnumwidth=\skip107
\cftbeforesecskip=\skip108
\cftsecindent=\skip109
\cftsecnumwidth=\skip110
\cftbeforesubsecskip=\skip111
\cftsubsecindent=\skip112
\cftsubsecnumwidth=\skip113
\cftbeforesubsubsecskip=\skip114
\cftsubsubsecindent=\skip115
\cftsubsubsecnumwidth=\skip116
\cftbeforeparaskip=\skip117
\cftparaindent=\skip118
\cftparanumwidth=\skip119
\cftbeforesubparaskip=\skip120
\cftsubparaindent=\skip121
\cftsubparanumwidth=\skip122
\cftbeforeloftitleskip=\skip123
\cftafterloftitleskip=\skip124
\cftbeforefigskip=\skip125
\cftfigindent=\skip126
\cftfignumwidth=\skip127
\c@lofdepth=\count387
\c@lotdepth=\count388
\cftbeforelottitleskip=\skip128
\cftafterlottitleskip=\skip129
\cftbeforetabskip=\skip130
\cfttabindent=\skip131
\cfttabnumwidth=\skip132
)
\@indexfile=\write4
\openout4 = `refman.idx'.

Writing index file refman.idx
(/usr/share/texlive/texmf-dist/tex/latex/newunicodechar/newunicodechar.sty
Package: newunicodechar 2018/04/08 v1.2 Defining Unicode characters
) (/usr/share/texlive/texmf-dist/tex/latex/hyperref/hyperref.sty
Package: hyperref 2025-07-12 v7.01o Hypertext links for LaTeX
(/usr/share/texlive/texmf-dist/tex/latex/kvsetkeys/kvsetkeys.sty
Package: kvsetkeys 2022-10-05 v1.19 Key value parser (HO)
) (/usr/share/texlive/texmf-dist/tex/generic/kvdefinekeys/kvdefinekeys.sty
Package: kvdefinekeys 2019-12-19 v1.6 Define keys (HO)
) (/usr/share/texlive/texmf-dist/tex/generic/pdfescape/pdfescape.sty
Package: pdfescape 2019/12/09 v1.15 Implements pdfTeX's escape features (HO)
(/usr/share/texlive/texmf-dist/tex/generic/ltxcmds/ltxcmds.sty
Package: ltxcmds 2023-12-04 v1.26 LaTeX kernel commands for general use (HO)
) (/usr/share/texlive/texmf-dist/tex/generic/pdftexcmds/pdftexcmds.sty
Package: pdftexcmds 2020-06-27 v0.33 Utility functions of pdfTeX for LuaTeX (HO
)
Package pdftexcmds Info: \pdf@primitive is available.
Package pdftexcmds Info: \pdf@ifprimitive is available.
Package pdftexcmds Info: \pdfdraftmode found.
)) (/usr/share/texlive/texmf-dist/tex/latex/hycolor/hycolor.sty
Package: hycolor 2020-01-27 v1.10 Color options for hyperref/bookmark (HO)
) (/usr/share/texlive/texmf-dist/tex/latex/hyperref/nameref.sty
Package: nameref 2025-06-21 v2.57 Cross-referencing by name of section
(/usr/share/texlive/texmf-dist/tex/latex/refcount/refcount.sty
Package: refcount 2019/12/15 v3.6 Data extraction from label references (HO)
) (/usr/share/texlive/texmf-dist/tex/generic/gettitlestring/gettitlestring.sty
Package: gettitlestring 2019/12/15 v1.6 Cleanup title references (HO)
(/usr/share/texlive/texmf-dist/tex/latex/kvoptions/kvoptions.sty
Package: kvoptions 2022-06-15 v3.15 Key value format for package options (HO)
))
\c@section@level=\count389
) (/usr/share/texlive/texmf-dist/tex/generic/stringenc/stringenc.sty
Package: stringenc 2019/11/29 v1.12 Convert strings between diff. encodings (HO
)
)
\@linkdim=\dimen312
\Hy@linkcounter=\count390
\Hy@pagecounter=\count391
(/usr/share/texlive/texmf-dist/tex/latex/hyperref/pd1enc.def
File: pd1enc.def 2025-07-12 v7.01o Hyperref: PDFDocEncoding definition (HO)
Now handling font encoding PD1 ...
... no UTF-8 mapping file for font encoding PD1
)
\Hy@SavedSpaceFactor=\count392
(/usr/share/texlive/texmf-dist/tex/latex/hyperref/puenc.def
File: puenc.def 2025-07-12 v7.01o Hyperref: PDF Unicode definition (HO)
Now handling font encoding PU ...
... no UTF-8 mapping file for font encoding PU
)
Package hyperref Info: Hyper figures OFF on input line 4195.
Package hyperref Info: Link nesting OFF on input line 4200.
Package hyperref Info: Hyper index ON on input line 4203.
Package hyperref Info: Plain pages OFF on input line 4210.
Package hyperref Info: Backreferencing ON on input line 4213.
Package hyperref Info: Implicit mode ON; LaTeX internals redefined.
Package hyperref Info: Bookmarks ON on input line 4462.
(/usr/share/texlive/texmf-dist/tex/latex/hyperref/backref.sty
Package: backref 2025-06-21 v1.45 Bibliographical back referencing
(/usr/share/texlive/texmf-dist/tex/latex/rerunfilecheck/rerunfilecheck.sty
Package: rerunfilecheck 2025-06-21 v1.11 Rerun checks for auxiliary files (HO)
(/usr/share/texlive/texmf-dist/tex/generic/uniquecounter/uniquecounter.sty
Package: uniquecounter 2019/12/15 v1.4 Provide unlimited unique counter (HO)
(/usr/share/texlive/texmf-dist/tex/generic/bigintcalc/bigintcalc.sty
Package: bigintcalc 2019/12/15 v1.5 Expandable calculations on big integers (HO
)
))
Package uniquecounter Info: New unique counter `rerunfilecheck' on input line 2
84.
))
\c@Hy@tempcnt=\count393
(/usr/share/texlive/texmf-dist/tex/latex/url/url.sty
\Urlmuskip=\muskip17
Package: url 2013/09/16  ver 3.4  Verb mode for urls, etc.
)
LaTeX Info: Redefining \url on input line 4801.
\XeTeXLinkMargin=\dimen313
(/usr/share/texlive/texmf-dist/tex/generic/bitset/bitset.sty
Package: bitset 2019/12/09 v1.3 Handle bit-vector datatype (HO)
)
\Fld@menulength=\count394
\Field@Width=\dimen314
\Fld@charsize=\dimen315
Package hyperref Info: Hyper figures OFF on input line 6078.
Package hyperref Info: Link nesting OFF on input line 6083.
Package hyperref Info: Hyper index ON on input line 6086.
Package hyperref Info: backreferencing ON on input line 6091.
Package hyperref Info: Link coloring OFF on input line 6098.
Package hyperref Info: Link coloring with OCG OFF on input line 6103.
Package hyperref Info: PDF/A mode OFF on input line 6108.
\Hy@abspage=\count395
\c@Item=\count396
\c@Hfootnote=\count397
)
Package hyperref Info: Driver: hpdftex.
(/usr/share/texlive/texmf-dist/tex/latex/hyperref/hpdftex.def
File: hpdftex.def 2025-07-12 v7.01o Hyperref driver for pdfTeX
\Fld@listcount=\count398
\c@bookmark@seq@number=\count399
\Hy@SectionHShift=\skip133
)
Package hyperref Info: Option `colorlinks' set `true' on input line 182.
Package hyperref Info: Option `unicode' set `true' on input line 182.
(/usr/share/texlive/texmf-dist/tex/latex/caption/caption.sty
Package: caption 2023/08/05 v3.6o Customizing captions (AR)
(/usr/share/texlive/texmf-dist/tex/latex/caption/caption3.sty
Package: caption3 2023/07/31 v2.4d caption3 kernel (AR)
\caption@tempdima=\dimen316
\captionmargin=\dimen317
\caption@leftmargin=\dimen318
\caption@rightmargin=\dimen319
\caption@width=\dimen320
\caption@indent=\dimen321
\caption@parindent=\dimen322
\caption@hangindent=\dimen323
Package caption Info: Standard document class detected.
)
\c@caption@flags=\count400
\c@continuedfloat=\count401
Package caption Info: changepage package is loaded.
\caption@adjustwidth@hsize=\dimen324
\caption@adjustwidth@linewidth=\dimen325
Package caption Info: float package is loaded.
Package caption Info: hyperref package is loaded.
Package caption Info: longtable package is loaded.
(/usr/share/texlive/texmf-dist/tex/latex/caption/ltcaption.sty
Package: ltcaption 2021/01/08 v1.4c longtable captions (AR)
)) (/usr/share/texlive/texmf-dist/tex/latex/etoc/etoc.sty
Package: etoc 2023/10/29 v1.2d Completely customisable TOCs (JFB)
\Etoc@toctoks=\toks36
\c@etoc@tocid=\count402
\etoc@framed@titlebox=\box150
\etoc@framed@contentsbox=\box151
)
LaTeX Font Info:    Trying to load font information for T1+phv on input line 20
4.
(/usr/share/texlive/texmf-dist/tex/latex/psnfss/t1phv.fd
File: t1phv.fd 2020/03/25 scalable font definitions for T1/phv.
)
LaTeX Font Info:    Font shape `T1/phv/m/n' will be
(Font)              scaled to size 8.99994pt on input line 204.
(./refman.aux
Package babel Info: 'polish' activates 'polish' shorthands.
(babel)             Reported on input line 10.

LaTeX Warning: Label `doc-variable-members' multiply defined.


LaTeX Warning: Label `doc-variable-members' multiply defined.


LaTeX Warning: Label `doc-variable-members' multiply defined.


LaTeX Warning: Label `doc-variable-members' multiply defined.


LaTeX Warning: Label `doc-variable-members' multiply defined.


LaTeX Warning: Label `doc-variable-members' multiply defined.


LaTeX Warning: Label `doc-variable-members' multiply defined.


LaTeX Warning: Label `doc-variable-members' multiply defined.


LaTeX Warning: Label `doc-variable-members' multiply defined.


LaTeX Warning: Label `doc-variable-members' multiply defined.


LaTeX Warning: Label `doc-variable-members' multiply defined.


LaTeX Warning: Label `doc-variable-members' multiply defined.


LaTeX Warning: Label `doc-variable-members' multiply defined.


LaTeX Warning: Label `doc-variable-members' multiply defined.


LaTeX Warning: Label `doc-variable-members' multiply defined.


LaTeX Warning: Label `doc-variable-members' multiply defined.


LaTeX Warning: Label `doc-variable-members' multiply defined.


LaTeX Warning: Label `doc-variable-members' multiply defined.


LaTeX Warning: Label `doc-variable-members' multiply defined.


LaTeX Warning: Label `doc-variable-members' multiply defined.


LaTeX Warning: Label `doc-variable-members' multiply defined.


LaTeX Warning: Label `doc-variable-members' multiply defined.


LaTeX Warning: Label `doc-variable-members' multiply defined.


LaTeX Warning: Label `doc-variable-members' multiply defined.


LaTeX Warning: Label `doc-variable-members' multiply defined.


LaTeX Warning: Label `doc-variable-members' multiply defined.


LaTeX Warning: Label `doc-variable-members' multiply defined.


LaTeX Warning: Label `doc-variable-members' multiply defined.


LaTeX Warning: Label `doc-variable-members' multiply defined.


LaTeX Warning: Label `doc-variable-members' multiply defined.


LaTeX Warning: Label `doc-variable-members' multiply defined.


LaTeX Warning: Label `doc-variable-members' multiply defined.


LaTeX Warning: Label `doc-variable-members' multiply defined.


LaTeX Warning: Label `doc-variable-members' multiply defined.


LaTeX Warning: Label `doc-variable-members' multiply defined.


LaTeX Warning: Label `doc-variable-members' multiply defined.


LaTeX Warning: Label `doc-variable-members' multiply defined.


LaTeX Warning: Label `doc-variable-members' multiply defined.


LaTeX Warning: Label `doc-variable-members' multiply defined.


LaTeX Warning: Label `doc-variable-members' multiply defined.


LaTeX Warning: Label `doc-variable-members' multiply defined.


LaTeX Warning: Label `doc-variable-members' multiply defined.


LaTeX Warning: Label `doc-variable-members' multiply defined.


LaTeX Warning: Label `doc-variable-members' multiply defined.


LaTeX Warning: Label `doc-variable-members' multiply defined.


LaTeX Warning: Label `doc-variable-members' multiply defined.


LaTeX Warning: Label `doc-func-members' multiply defined.


LaTeX Warning: Label `doc-func-members' multiply defined.


LaTeX Warning: Label `doc-func-members' multiply defined.


LaTeX Warning: Label `doc-enum-members' multiply defined.


LaTeX Warning: Label `doc-func-members' multiply defined.


LaTeX Warning: Label `doc-define-members' multiply defined.


LaTeX Warning: Label `doc-func-members' multiply defined.


LaTeX Warning: Label `doc-define-members' multiply defined.


LaTeX Warning: Label `doc-enum-members' multiply defined.


LaTeX Warning: Label `doc-func-members' multiply defined.


LaTeX Warning: Label `doc-define-members' multiply defined.


LaTeX Warning: Label `doc-func-members' multiply defined.


LaTeX Warning: Label `doc-define-members' multiply defined.


LaTeX Warning: Label `doc-func-members' multiply defined.


LaTeX Warning: Label `doc-func-members' multiply defined.


LaTeX Warning: Label `doc-define-members' multiply defined.


LaTeX Warning: Label `doc-enum-members' multiply defined.


LaTeX Warning: Label `doc-func-members' multiply defined.


LaTeX Warning: Label `doc-func-members' multiply defined.


LaTeX Warning: Label `doc-enum-members' multiply defined.


LaTeX Warning: Label `doc-func-members' multiply defined.


LaTeX Warning: Label `doc-define-members' multiply defined.


LaTeX Warning: Label `doc-func-members' multiply defined.


LaTeX Warning: Label `doc-var-members' multiply defined.


LaTeX Warning: Label `doc-enum-members' multiply defined.


LaTeX Warning: Label `doc-func-members' multiply defined.


LaTeX Warning: Label `doc-define-members' multiply defined.


LaTeX Warning: Label `doc-func-members' multiply defined.


LaTeX Warning: Label `doc-enum-members' multiply defined.


LaTeX Warning: Label `doc-func-members' multiply defined.


LaTeX Warning: Label `doc-define-members' multiply defined.


LaTeX Warning: Label `doc-func-members' multiply defined.


LaTeX Warning: Label `doc-func-members' multiply defined.


LaTeX Warning: Label `doc-define-members' multiply defined.


LaTeX Warning: Label `doc-define-members' multiply defined.


LaTeX Warning: Label `doc-func-members' multiply defined.


LaTeX Warning: Label `doc-var-members' multiply defined.


LaTeX Warning: Label `doc-func-members' multiply defined.


LaTeX Warning: Label `doc-define-members' multiply defined.


LaTeX Warning: Label `doc-func-members' multiply defined.


LaTeX Warning: Label `doc-var-members' multiply defined.


LaTeX Warning: Label `doc-func-members' multiply defined.


LaTeX Warning: Label `doc-define-members' multiply defined.


LaTeX Warning: Label `doc-func-members' multiply defined.


LaTeX Warning: Label `doc-var-members' multiply defined.


LaTeX Warning: Label `doc-func-members' multiply defined.


LaTeX Warning: Label `doc-func-members' multiply defined.


LaTeX Warning: Label `doc-var-members' multiply defined.


LaTeX Warning: Label `doc-enum-members' multiply defined.


LaTeX Warning: Label `doc-func-members' multiply defined.


LaTeX Warning: Label `doc-define-members' multiply defined.


LaTeX Warning: Label `doc-func-members' multiply defined.


LaTeX Warning: Label `doc-var-members' multiply defined.


LaTeX Warning: Label `doc-func-members' multiply defined.


LaTeX Warning: Label `doc-enum-members' multiply defined.


LaTeX Warning: Label `doc-func-members' multiply defined.


LaTeX Warning: Label `doc-enum-members' multiply defined.


LaTeX Warning: Label `doc-func-members' multiply defined.


LaTeX Warning: Label `doc-func-members' multiply defined.


LaTeX Warning: Label `doc-define-members' multiply defined.


LaTeX Warning: Label `doc-func-members' multiply defined.


LaTeX Warning: Label `doc-var-members' multiply defined.


LaTeX Warning: Label `doc-define-members' multiply defined.


LaTeX Warning: Label `doc-enum-members' multiply defined.


LaTeX Warning: Label `doc-func-members' multiply defined.


LaTeX Warning: Label `doc-func-members' multiply defined.


LaTeX Warning: Label `doc-func-members' multiply defined.

)
\openout1 = `refman.aux'.

LaTeX Font Info:    Checking defaults for OML/cmm/m/it on input line 204.
LaTeX Font Info:    ... okay on input line 204.
LaTeX Font Info:    Checking defaults for OMS/cmsy/m/n on input line 204.
LaTeX Font Info:    ... okay on input line 204.
LaTeX Font Info:    Checking defaults for OT1/cmr/m/n on input line 204.
LaTeX Font Info:    ... okay on input line 204.
LaTeX Font Info:    Checking defaults for T1/cmr/m/n on input line 204.
LaTeX Font Info:    ... okay on input line 204.
LaTeX Font Info:    Checking defaults for TS1/cmr/m/n on input line 204.
LaTeX Font Info:    ... okay on input line 204.
LaTeX Font Info:    Checking defaults for OMX/cmex/m/n on input line 204.
LaTeX Font Info:    ... okay on input line 204.
LaTeX Font Info:    Checking defaults for U/cmr/m/n on input line 204.
LaTeX Font Info:    ... okay on input line 204.
LaTeX Font Info:    Checking defaults for PD1/pdf/m/n on input line 204.
LaTeX Font Info:    ... okay on input line 204.
LaTeX Font Info:    Checking defaults for PU/pdf/m/n on input line 204.
LaTeX Font Info:    ... okay on input line 204.
(/usr/share/texlive/texmf-dist/tex/context/base/mkii/supp-pdf.mkii
[Loading MPS to PDF converter (version 2006.09.02).]
\scratchcounter=\count403
\scratchdimen=\dimen326
\scratchbox=\box152
\nofMPsegments=\count404
\nofMParguments=\count405
\everyMPshowfont=\toks37
\MPscratchCnt=\count406
\MPscratchDim=\dimen327
\MPnumerator=\count407
\makeMPintoPDFobject=\count408
\everyMPtoPDFconversion=\toks38
) (/usr/share/texlive/texmf-dist/tex/latex/epstopdf-pkg/epstopdf-base.sty
Package: epstopdf-base 2020-01-24 v2.11 Base part for package epstopdf
Package epstopdf-base Info: Redefining graphics rule for `.eps' on input line 4
85.
(/usr/share/texlive/texmf-dist/tex/latex/latexconfig/epstopdf-sys.cfg
File: epstopdf-sys.cfg 2010/07/13 v1.3 Configuration of (r)epstopdf for TeX Liv
e
))
*geometry* driver: auto-detecting
*geometry* detected driver: pdftex
*geometry* verbose mode - [ preamble ] result:
* driver: pdftex
* paper: a4paper
* layout: <same size as paper>
* layoutoffset:(h,v)=(0.0pt,0.0pt)
* modes: twoside 
* h-part:(L,W,R)=(71.13188pt, 455.24411pt, 71.13188pt)
* v-part:(T,H,B)=(71.13188pt, 702.78308pt, 71.13188pt)
* \paperwidth=597.50787pt
* \paperheight=845.04684pt
* \textwidth=455.24411pt
* \textheight=702.78308pt
* \oddsidemargin=-1.1381pt
* \evensidemargin=-1.1381pt
* \topmargin=-31.2056pt
* \headheight=12.0pt
* \headsep=18.06749pt
* \topskip=10.0pt
* \footskip=25.29494pt
* \marginparwidth=125.0pt
* \marginparsep=7.0pt
* \columnsep=10.0pt
* \skip\footins=9.0pt plus 4.0pt minus 2.0pt
* \hoffset=0.0pt
* \voffset=0.0pt
* \mag=1000
* \@twocolumnfalse
* \@twosidetrue
* \@mparswitchtrue
* \@reversemarginfalse
* (1in=72.27pt=25.4mm, 1cm=28.453pt)

Package backref Info: ** backref set up for natbib ** on input line 204.
Package hyperref Info: Link coloring ON on input line 204.
(./refman.out) (./refman.out)
\@outlinefile=\write5
\openout5 = `refman.out'.

Package caption Info: Begin \AtBeginDocument code.
Package caption Info: End \AtBeginDocument code.
\Etoc@tf=\read5
Package hyperref Info: Option `pageanchor' set `false' on input line 212.
Package hyperref Info: Option `bookmarksnumbered' set `true' on input line 212.

Package hyperref Info: Option `unicode' set `true' on input line 212.
LaTeX Font Info:    Font shape `T1/phv/m/n' will be
(Font)              scaled to size 12.9599pt on input line 217.
LaTeX Font Info:    Font shape `T1/phv/m/n' will be
(Font)              scaled to size 10.79993pt on input line 219.
[1


{/var/lib/texmf/fonts/map/pdftex/updmap/pdftex.map}{/usr/share/texlive/texmf-di
st/fonts/enc/dvips/base/8r.enc}] [2

]
\tf@toc=\write6
\openout6 = `refman.toc'.

LaTeX Font Info:    Font shape `T1/phv/b/n' will be
(Font)              scaled to size 8.99994pt on input line 225.
LaTeX Font Info:    Trying to load font information for U+msa on input line 225
.
(/usr/share/texlive/texmf-dist/tex/latex/amsfonts/umsa.fd
File: umsa.fd 2013/01/14 v3.01 AMS symbols A
)
LaTeX Font Info:    Trying to load font information for U+msb on input line 225
.
(/usr/share/texlive/texmf-dist/tex/latex/amsfonts/umsb.fd
File: umsb.fd 2013/01/14 v3.01 AMS symbols B
)
LaTeX Font Info:    Trying to load font information for U+wasy on input line 22
5.
(/usr/share/texlive/texmf-dist/tex/latex/wasysym/uwasy.fd
File: uwasy.fd 2020/01/19 v2.4 Wasy-2 symbol font definitions
)
LaTeX Font Info:    Font shape `T1/phv/m/n' will be
(Font)              scaled to size 6.29996pt on input line 225.
LaTeX Font Info:    Trying to load font information for T1+pcr on input line 22
5.
(/usr/share/texlive/texmf-dist/tex/latex/psnfss/t1pcr.fd
File: t1pcr.fd 2001/06/04 font definitions for T1/pcr.
)
LaTeX Font Info:    Font shape `T1/phv/b/n' will be
(Font)              scaled to size 6.29996pt on input line 225.
[1] [2] [3] [4] [5] [6] [7] [8] [9] [10] [11] [12]
LaTeX Font Info:    Font shape `T1/phv/m/n' will be
(Font)              scaled to size 7.19995pt on input line 225.
[13] [14] [15] [16] [17] [18] [19] [20] [21] [22] [23] [24] [25] [26] [27] [28]
[29] [30] [31] [32] [33] [34] [35] [36] [37] [38] [39] [40] [41] [42] [43] [44]
[45] [46] [47] [48

]
Package hyperref Info: Option `pageanchor' set `true' on input line 228.
(./index.tex
Rozdzia\l  1.
LaTeX Font Info:    Font shape `T1/phv/m/n' will be
(Font)              scaled to size 18.66588pt on input line 1.
LaTeX Font Info:    Font shape `T1/phv/b/n' will be
(Font)              scaled to size 18.66588pt on input line 1.
LaTeX Font Info:    Font shape `T1/phv/b/n' will be
(Font)              scaled to size 22.39185pt on input line 1.
LaTeX Font Info:    Font shape `T1/phv/b/n' will be
(Font)              scaled to size 12.9599pt on input line 3.
LaTeX Font Info:    Trying to load font information for TS1+phv on input line 8
.
(/usr/share/texlive/texmf-dist/tex/latex/psnfss/ts1phv.fd
File: ts1phv.fd 2020/03/25 scalable font definitions for TS1/phv.
)
LaTeX Font Info:    Font shape `TS1/phv/m/n' will be
(Font)              scaled to size 8.99994pt on input line 8.
[1

] (./doxygen_build.tex
LaTeX Font Info:    Font shape `T1/phv/b/n' will be
(Font)              scaled to size 10.79993pt on input line 3.
) (./doxygen_architecture.tex
Package babel Info: 'polish' activates 'polish' shorthands.
(babel)             Reported on input line 1.
[2]
Overfull \hbox (29.97969pt too wide) in paragraph at lines 27--28
[][]\T1/phv/m/n/10 , [] i []
 []


Underfull \hbox (badness 1436) in paragraph at lines 29--29
\T1/phv/m/n/10 Dostep do I2C jest se-ria-li-zo-wany przez hel-pery z []. Mo-dul
y ko-rzy-staja z \T1/pcr/m/n/10 app[]_[]i2c[]_[]master[]_[]
 []

) (./doxygen_modules.tex
Overfull \hbox (35.13235pt too wide) in paragraph at lines 30--1
[] \T1/phv/m/n/10 opi-suje pelny snap-shot pro-fili ra-dio-wych i flag run-time
. []
 []

[3]
Underfull \hbox (badness 3989) in paragraph at lines 17--18
[][] \T1/phv/m/n/10 - ni-sko-po-zio-mowy do-step SPI do re-je-strow
 []

[4]) (./doxygen_security.tex
Underfull \hbox (badness 1946) in paragraph at lines 29--29
\T1/pcr/m/n/10 st33ktpm2x \T1/phv/m/n/10 im-ple-men-tuje trans-port ST33[]KTPM2
X przez I2[]C/[]TIS/[]FIFO i pod-sta-wowe ko-mendy TPM2.
 []

)) (./md_README.tex [5] [6

]
Rozdzia\l  2.
[7] [8] [9] [10] [11] [12] [13]) (./md_Core_2App_2security_2SECURITY__ARCHITECT
URE.tex [14]
Rozdzia\l  3.

Overfull \hbox (31.75151pt too wide) in paragraph at lines 32--33
[]\T1/phv/m/n/10 Logowanie wra»-li-wych pay-lo-adów na UART jest kon-tro-lo-wan
e przez []. 
 []

[15

] [16]
Underfull \hbox (badness 4366) in paragraph at lines 113--113
[]\T1/phv/m/n/10 przypadkowe na-ci-±ni¦-cia i nie-upraw-niony
 []


Underfull \hbox (badness 4366) in paragraph at lines 113--113
[]\T1/phv/m/n/10 przypadkowe na-ci-±ni¦-cia i nie-upraw-niony
 []


Overfull \hbox (0.97794pt too wide) in paragraph at lines 139--139
[][] 
 []


Overfull \hbox (36.97794pt too wide) in paragraph at lines 139--139
[][] 
 []


Overfull \hbox (0.97794pt too wide) in paragraph at lines 139--139
[][] 
 []


Overfull \hbox (36.97794pt too wide) in paragraph at lines 139--139
[][] 
 []

[17] [18] [19] [20]
Overfull \hbox (49.22188pt too wide) in paragraph at lines 422--422
[][] 
 []


Underfull \hbox (badness 922) in paragraph at lines 422--422
[]\T1/phv/m/n/10 zwykªa ko-mu-ni-ka-cja spa-ro-wany peer
 []


Overfull \hbox (25.22188pt too wide) in paragraph at lines 422--422
[][] 
 []


Underfull \hbox (badness 2617) in paragraph at lines 422--422
[]\T1/phv/m/n/10 pairing, er-ror, bro-ad-cast/control fal-l-
 []

[21]
Overfull \hbox (49.22188pt too wide) in paragraph at lines 422--422
[][] 
 []


Underfull \hbox (badness 922) in paragraph at lines 422--422
[]\T1/phv/m/n/10 zwykªa ko-mu-ni-ka-cja spa-ro-wany peer
 []


Overfull \hbox (25.22188pt too wide) in paragraph at lines 422--422
[][] 
 []


Underfull \hbox (badness 2617) in paragraph at lines 422--422
[]\T1/phv/m/n/10 pairing, er-ror, bro-ad-cast/control fal-l-
 []

[22] [23] [24] [25] [26] [27] [28] [29] [30]
Underfull \hbox (badness 945) in paragraph at lines 1173--1174
[]\T1/phv/m/n/10 W obec-nym ko-dzie ist-nieje dia-gno-styczna ±cie»ka \T1/pcr/m
/n/10 RADIO RX REPLAY bypass\T1/phv/m/n/10 , co jest za-zna-czone w
 []

[31] [32] [33] [34] [35] [36] [37]) (./md_Core_2App_2security_2STRIDE__CIA__ANA
LYSIS.tex [38]
Rozdzia\l  4.

Underfull \hbox (badness 2285) in paragraph at lines 40--40
[]\T1/phv/m/n/10 HMAC-[]SHA256 dla \T1/pcr/m/n/10 LAVIET[]_[][]
 []


Underfull \hbox (badness 5446) in paragraph at lines 40--40
\T1/pcr/m/n/10 FRAME[]_[][]V1\T1/phv/m/n/10 , lo-kalny \T1/pcr/m/n/10 node[]_[]
id\T1/phv/m/n/10 ,
 []


Underfull \hbox (badness 6284) in paragraph at lines 40--40
[]\T1/phv/m/n/10 Doda¢ po-licy dla ope-ra-cji ad-
 []


Underfull \hbox (badness 1803) in paragraph at lines 40--40
\T1/phv/m/n/10 mi-ni-stra-cyj-nych i peªny flow ad-
 []


Underfull \hbox (badness 7397) in paragraph at lines 40--40
[]\T1/phv/m/n/10 Uwierzytelni¢ pa-iring challenge-
 []


Underfull \hbox (badness 918) in paragraph at lines 40--40
[]\T1/pcr/m/n/10 T \T1/phv/m/n/10 Tampering[]: mo-dy-fi-ka-cja pay-lo-
 []


Underfull \hbox (badness 2591) in paragraph at lines 40--40
[]\T1/pcr/m/n/10 src[]_[]id\T1/phv/m/n/10 , \T1/pcr/m/n/10 msg[]_[]id\T1/phv/m/
n/10 , log RX do
 []


Underfull \hbox (badness 2426) in paragraph at lines 40--40
[]\T1/phv/m/n/10 Doda¢ trwal-szy au-dit log se-cu-
 []


Underfull \hbox (badness 7116) in paragraph at lines 40--40
\T1/phv/m/n/10 rity, po-wód od-rzu-ce-nia, licz-niki
 []


Underfull \hbox (badness 2662) in paragraph at lines 40--40
\T1/phv/m/n/10 replay/bad-auth, znacz-niki czasu
 []


Underfull \hbox (badness 2334) in paragraph at lines 40--40
[]\T1/phv/m/n/10 Zapisywa¢ zda-rze-nia se-cu-rity w
 []


Underfull \hbox (badness 2922) in paragraph at lines 40--40
\T1/phv/m/n/10 trwa-ªym logu z ty-pem ope-ra-cji,
 []


Underfull \hbox (badness 874) in paragraph at lines 40--40
[]\T1/pcr/m/n/10 I \T1/phv/m/n/10 In-for-ma-tion Disclosure[]: wy-ciek
 []


Underfull \hbox (badness 4859) in paragraph at lines 40--40
[]\T1/phv/m/n/10 Ograniczy¢ obec-no±¢ klu-cza w
 []


Underfull \hbox (badness 3179) in paragraph at lines 40--40
[]\T1/phv/m/n/10 Drop ra-mek gateway-$\OML/cmm/m/it/10 >$\T1/phv/m/n/10 node ze

 []


Underfull \hbox (badness 768) in paragraph at lines 40--40
[]\T1/phv/m/n/10 Per-source rate li-mi-ting, glo-balny
 []


Underfull \hbox (badness 3158) in paragraph at lines 40--40
[]\T1/phv/m/n/10 Doda¢ osobny rate li-mi-ting dla
 []


Underfull \hbox (badness 6592) in paragraph at lines 40--40
\T1/phv/m/n/10 LCD, ogra-ni-cze-nie po-pu-pów w
 []


Underfull \hbox (badness 7256) in paragraph at lines 40--40
[]\T1/phv/m/n/10 Osobna ko-lejka se-cu-rity, agre-
 []


Underfull \hbox (badness 2318) in paragraph at lines 40--40
\T1/phv/m/n/10 go-wa-nie zda-rze« flood, nie ge-
 []


Underfull \hbox (badness 10000) in paragraph at lines 40--40
\T1/phv/m/n/10 ne-ro-wa¢ po-pupu dla ka»-dego
 []


Underfull \hbox (badness 5490) in paragraph at lines 40--40
[]\T1/phv/m/n/10 Doda¢ licz-nik re-co-ve-ries, auto-
 []


Underfull \hbox (badness 879) in paragraph at lines 40--40
\T1/phv/m/n/10 disable wa-dli-wego trybu po se-rii
 []


Underfull \hbox (badness 10000) in paragraph at lines 40--40
[]\T1/phv/m/n/10 Rozdzieli¢ role[]: ope-ra-
 []


Underfull \hbox (badness 10000) in paragraph at lines 40--40
\T1/phv/m/n/10 tor/admin/service, chro-ni¢ wi¦-
 []


Underfull \hbox (badness 1360) in paragraph at lines 40--40
\T1/phv/m/n/10 cej ope-ra-cji se-cu-rity przez TPM
 []


Underfull \hbox (badness 7814) in paragraph at lines 40--40
\T1/phv/m/n/10 po-licy/local pre-sence i osobne
 []


Underfull \hbox (badness 1072) in paragraph at lines 40--40
[]\T1/phv/m/n/10 Pairing na-dal wy-maga lo-kal-nego
 []


Underfull \hbox (badness 10000) in paragraph at lines 40--40
[]\T1/phv/m/n/10 Wdro»y¢ TPM \T1/pcr/m/n/10 Policy[]
 []


Underfull \hbox (badness 10000) in paragraph at lines 40--40
\T1/pcr/m/n/10 Physical[]Presence\T1/phv/m/n/10 , po-licy
 []


Underfull \hbox (badness 892) in paragraph at lines 40--40
[]\T1/phv/m/n/10 Doda¢ peªn¡ trwa-ªo±¢ co-un-te-rów
 []


Underfull \hbox (badness 1092) in paragraph at lines 40--40
\T1/phv/m/n/10 oraz od-dzielne po-li-tyki dla \T1/pcr/m/n/10 CFG\T1/phv/m/n/10 
,
 []


Underfull \hbox (badness 2285) in paragraph at lines 40--40
[]\T1/phv/m/n/10 HMAC-[]SHA256 dla \T1/pcr/m/n/10 LAVIET[]_[][]
 []


Underfull \hbox (badness 5446) in paragraph at lines 40--40
\T1/pcr/m/n/10 FRAME[]_[][]V1\T1/phv/m/n/10 , lo-kalny \T1/pcr/m/n/10 node[]_[]
id\T1/phv/m/n/10 ,
 []


Underfull \hbox (badness 6284) in paragraph at lines 40--40
[]\T1/phv/m/n/10 Doda¢ po-licy dla ope-ra-cji ad-
 []


Underfull \hbox (badness 1803) in paragraph at lines 40--40
\T1/phv/m/n/10 mi-ni-stra-cyj-nych i peªny flow ad-
 []


Underfull \hbox (badness 7397) in paragraph at lines 40--40
[]\T1/phv/m/n/10 Uwierzytelni¢ pa-iring challenge-
 []


Underfull \hbox (badness 918) in paragraph at lines 40--40
[]\T1/pcr/m/n/10 T \T1/phv/m/n/10 Tampering[]: mo-dy-fi-ka-cja pay-lo-
 []


Underfull \hbox (badness 2591) in paragraph at lines 40--40
[]\T1/pcr/m/n/10 src[]_[]id\T1/phv/m/n/10 , \T1/pcr/m/n/10 msg[]_[]id\T1/phv/m/
n/10 , log RX do
 []


Underfull \hbox (badness 2426) in paragraph at lines 40--40
[]\T1/phv/m/n/10 Doda¢ trwal-szy au-dit log se-cu-
 []


Underfull \hbox (badness 7116) in paragraph at lines 40--40
\T1/phv/m/n/10 rity, po-wód od-rzu-ce-nia, licz-niki
 []


Underfull \hbox (badness 2662) in paragraph at lines 40--40
\T1/phv/m/n/10 replay/bad-auth, znacz-niki czasu
 []

[39

]
Underfull \hbox (badness 2334) in paragraph at lines 40--40
[]\T1/phv/m/n/10 Zapisywa¢ zda-rze-nia se-cu-rity w
 []


Underfull \hbox (badness 2922) in paragraph at lines 40--40
\T1/phv/m/n/10 trwa-ªym logu z ty-pem ope-ra-cji,
 []


Underfull \hbox (badness 874) in paragraph at lines 40--40
[]\T1/pcr/m/n/10 I \T1/phv/m/n/10 In-for-ma-tion Disclosure[]: wy-ciek
 []


Underfull \hbox (badness 4859) in paragraph at lines 40--40
[]\T1/phv/m/n/10 Ograniczy¢ obec-no±¢ klu-cza w
 []


Underfull \hbox (badness 3179) in paragraph at lines 40--40
[]\T1/phv/m/n/10 Drop ra-mek gateway-$\OML/cmm/m/it/10 >$\T1/phv/m/n/10 node ze

 []


Underfull \hbox (badness 768) in paragraph at lines 40--40
[]\T1/phv/m/n/10 Per-source rate li-mi-ting, glo-balny
 []


Underfull \hbox (badness 3158) in paragraph at lines 40--40
[]\T1/phv/m/n/10 Doda¢ osobny rate li-mi-ting dla
 []


Underfull \hbox (badness 6592) in paragraph at lines 40--40
\T1/phv/m/n/10 LCD, ogra-ni-cze-nie po-pu-pów w
 []


Underfull \hbox (badness 7256) in paragraph at lines 40--40
[]\T1/phv/m/n/10 Osobna ko-lejka se-cu-rity, agre-
 []


Underfull \hbox (badness 2318) in paragraph at lines 40--40
\T1/phv/m/n/10 go-wa-nie zda-rze« flood, nie ge-
 []


Underfull \hbox (badness 10000) in paragraph at lines 40--40
\T1/phv/m/n/10 ne-ro-wa¢ po-pupu dla ka»-dego
 []


Underfull \hbox (badness 5490) in paragraph at lines 40--40
[]\T1/phv/m/n/10 Doda¢ licz-nik re-co-ve-ries, auto-
 []


Underfull \hbox (badness 879) in paragraph at lines 40--40
\T1/phv/m/n/10 disable wa-dli-wego trybu po se-rii
 []


Underfull \hbox (badness 10000) in paragraph at lines 40--40
[]\T1/phv/m/n/10 Rozdzieli¢ role[]: ope-ra-
 []


Underfull \hbox (badness 10000) in paragraph at lines 40--40
\T1/phv/m/n/10 tor/admin/service, chro-ni¢ wi¦-
 []


Underfull \hbox (badness 1360) in paragraph at lines 40--40
\T1/phv/m/n/10 cej ope-ra-cji se-cu-rity przez TPM
 []


Underfull \hbox (badness 7814) in paragraph at lines 40--40
\T1/phv/m/n/10 po-licy/local pre-sence i osobne
 []


Underfull \hbox (badness 1072) in paragraph at lines 40--40
[]\T1/phv/m/n/10 Pairing na-dal wy-maga lo-kal-nego
 []


Underfull \hbox (badness 10000) in paragraph at lines 40--40
[]\T1/phv/m/n/10 Wdro»y¢ TPM \T1/pcr/m/n/10 Policy[]
 []


Underfull \hbox (badness 10000) in paragraph at lines 40--40
\T1/pcr/m/n/10 Physical[]Presence\T1/phv/m/n/10 , po-licy
 []


Underfull \hbox (badness 892) in paragraph at lines 40--40
[]\T1/phv/m/n/10 Doda¢ peªn¡ trwa-ªo±¢ co-un-te-rów
 []


Underfull \hbox (badness 1092) in paragraph at lines 40--40
\T1/phv/m/n/10 oraz od-dzielne po-li-tyki dla \T1/pcr/m/n/10 CFG\T1/phv/m/n/10 
,
 []


Underfull \hbox (badness 10000) in paragraph at lines 56--56
[]\T1/phv/m/n/10 Podsªuch ra-diowy
 []


Underfull \hbox (badness 896) in paragraph at lines 56--56
[]\T1/phv/m/n/10 Wymusi¢ secure-by-default,
 []


Underfull \hbox (badness 7777) in paragraph at lines 56--56
[]\T1/phv/m/n/10 Root seed w TPM NV,
 []


Underfull \hbox (badness 1472) in paragraph at lines 56--56
\T1/phv/m/n/10 licy ses-sions, ogra-ni-cze-nie
 []


Underfull \hbox (badness 10000) in paragraph at lines 56--56
[]\T1/phv/m/n/10 HMAC-[]SHA256 dla
 []


Underfull \hbox (badness 10000) in paragraph at lines 56--56
[]\T1/phv/m/n/10 Sprz¦towy HASH i do-
 []


Underfull \hbox (badness 10000) in paragraph at lines 56--56
\T1/phv/m/n/10 kªad-niej-sza te-le-me-tryka
 []


Underfull \hbox (badness 10000) in paragraph at lines 56--56
[]\T1/phv/m/n/10 Monotoniczny \T1/pcr/m/n/10 counter
 []


Underfull \hbox (badness 2460) in paragraph at lines 56--56
[]\T1/phv/m/n/10 Faªszywe tru-sted de-vice /
 []


Underfull \hbox (badness 2913) in paragraph at lines 56--56
[]\T1/phv/m/n/10 Token buc-ket per so-urce,
 []


Underfull \hbox (badness 841) in paragraph at lines 56--56
[]\T1/phv/m/n/10 Auto ping re-spek-tuje duty-
 []


Underfull \hbox (badness 3088) in paragraph at lines 56--56
[]\T1/phv/m/n/10 Eskalacja re-co-very, licz-nik
 []


Underfull \hbox (badness 3009) in paragraph at lines 56--56
\T1/phv/m/n/10 pieczny fal-l-back do Lo[]Ra
 []


Underfull \hbox (badness 10000) in paragraph at lines 56--56
[]\T1/phv/m/n/10 Zablokowanie UI/obsªugi
 []


Underfull \hbox (badness 10000) in paragraph at lines 56--56
\T1/phv/m/n/10 ope-ra-tora przez spam
 []


Underfull \hbox (badness 2521) in paragraph at lines 56--56
\T1/phv/m/n/10 cu-rity, sta-tus zbior-czy za-
 []

[40]
Underfull \hbox (badness 10000) in paragraph at lines 56--56
[]\T1/phv/m/n/10 Podsªuch ra-diowy
 []


Underfull \hbox (badness 896) in paragraph at lines 56--56
[]\T1/phv/m/n/10 Wymusi¢ secure-by-default,
 []


Underfull \hbox (badness 7777) in paragraph at lines 56--56
[]\T1/phv/m/n/10 Root seed w TPM NV,
 []


Underfull \hbox (badness 1472) in paragraph at lines 56--56
\T1/phv/m/n/10 licy ses-sions, ogra-ni-cze-nie
 []


Underfull \hbox (badness 10000) in paragraph at lines 56--56
[]\T1/phv/m/n/10 HMAC-[]SHA256 dla
 []


Underfull \hbox (badness 10000) in paragraph at lines 56--56
[]\T1/phv/m/n/10 Sprz¦towy HASH i do-
 []


Underfull \hbox (badness 10000) in paragraph at lines 56--56
\T1/phv/m/n/10 kªad-niej-sza te-le-me-tryka
 []


Underfull \hbox (badness 10000) in paragraph at lines 56--56
[]\T1/phv/m/n/10 Monotoniczny \T1/pcr/m/n/10 counter
 []


Underfull \hbox (badness 2460) in paragraph at lines 56--56
[]\T1/phv/m/n/10 Faªszywe tru-sted de-vice /
 []


Underfull \hbox (badness 2913) in paragraph at lines 56--56
[]\T1/phv/m/n/10 Token buc-ket per so-urce,
 []


Underfull \hbox (badness 841) in paragraph at lines 56--56
[]\T1/phv/m/n/10 Auto ping re-spek-tuje duty-
 []


Underfull \hbox (badness 3088) in paragraph at lines 56--56
[]\T1/phv/m/n/10 Eskalacja re-co-very, licz-nik
 []


Underfull \hbox (badness 3009) in paragraph at lines 56--56
\T1/phv/m/n/10 pieczny fal-l-back do Lo[]Ra
 []


Underfull \hbox (badness 10000) in paragraph at lines 56--56
[]\T1/phv/m/n/10 Zablokowanie UI/obsªugi
 []


Underfull \hbox (badness 10000) in paragraph at lines 56--56
\T1/phv/m/n/10 ope-ra-tora przez spam
 []


Underfull \hbox (badness 2521) in paragraph at lines 56--56
\T1/phv/m/n/10 cu-rity, sta-tus zbior-czy za-
 []

) (./md_Core_2App_2security_2THREAT__MODEL.tex [41] [42

]
Rozdzia\l  5.
) (./md_Core_2App_2security_2TODO.tex [43] [44

]
Rozdzia\l  6.
LaTeX Font Info:    Font shape `T1/phv/m/it' in size <10> not available
(Font)              Font shape `T1/phv/m/sl' tried instead on input line 35.
LaTeX Font Info:    Font shape `T1/phv/m/sl' will be
(Font)              scaled to size 8.99994pt on input line 35.
[45]) [46]
Rozdzia\l  7.
(./dirs.tex

LaTeX Warning: Reference `dir_2e0d07f9845ca8507e3ef751a0d667ca' on page 47 unde
fined on input line 5.


LaTeX Warning: Reference `dir_bb94bc5970b81fcb423ad55b2c6abf7d' on page 47 unde
fined on input line 15.


LaTeX Warning: Reference `dir_c6dbd291585ab9caac0d34eb855a0bf4' on page 47 unde
fined on input line 27.


LaTeX Warning: Reference `dir_1f12900ca1a06df0746395b762b2c619' on page 47 unde
fined on input line 29.


LaTeX Warning: Reference `dir_1a733ebeedee740d3f08773b0caf5275' on page 47 unde
fined on input line 36.


LaTeX Warning: Reference `dir_525421285c80a7b2cba090d57454db13' on page 47 unde
fined on input line 38.


LaTeX Warning: Reference `dir_c05d8b6ad5c5e4d45ef09d311c7969ca' on page 47 unde
fined on input line 43.


LaTeX Warning: Reference `dir_a56c94e2bcc65387b8b20f5c2cb0ea05' on page 47 unde
fined on input line 48.


LaTeX Warning: Reference `dir_ff1fa36fb9327334b2ef16a9b795a190' on page 47 unde
fined on input line 54.

[47

]

LaTeX Warning: Reference `dir_3d59f1528f7adce26fd2042b99b24c88' on page 48 unde
fined on input line 71.


LaTeX Warning: Reference `dir_c6dbd291585ab9caac0d34eb855a0bf4' on page 48 unde
fined on input line 106.


LaTeX Warning: Reference `dir_1f12900ca1a06df0746395b762b2c619' on page 48 unde
fined on input line 108.


LaTeX Warning: Reference `dir_1a733ebeedee740d3f08773b0caf5275' on page 48 unde
fined on input line 115.


LaTeX Warning: Reference `dir_525421285c80a7b2cba090d57454db13' on page 48 unde
fined on input line 117.


LaTeX Warning: Reference `dir_c05d8b6ad5c5e4d45ef09d311c7969ca' on page 48 unde
fined on input line 122.


LaTeX Warning: Reference `dir_a56c94e2bcc65387b8b20f5c2cb0ea05' on page 48 unde
fined on input line 127.


LaTeX Warning: Reference `dir_ff1fa36fb9327334b2ef16a9b795a190' on page 48 unde
fined on input line 133.

[48]) [49] [50

]
Rozdzia\l  8.
(./annotated.tex [51]) [52]
Rozdzia\l  9.
(./files.tex [53

]) [54]
Rozdzia\l  10.
(./dir_358a96ec289b26a3ec39132274b023b0.tex
LaTeX Font Info:    Font shape `T1/phv/m/n' will be
(Font)              scaled to size 8.09995pt on input line 28.
LaTeX Font Info:    Font shape `T1/phv/m/it' in size <9> not available
(Font)              Font shape `T1/phv/m/sl' tried instead on input line 28.
LaTeX Font Info:    Font shape `T1/phv/m/sl' will be
(Font)              scaled to size 8.09995pt on input line 28.
LaTeX Font Info:    Font shape `T1/phv/m/it' in size <7> not available
(Font)              Font shape `T1/phv/m/sl' tried instead on input line 38.
LaTeX Font Info:    Font shape `T1/phv/m/sl' will be
(Font)              scaled to size 6.29996pt on input line 38.
[55

] [56]) (./dir_b491a55cf3c9ae3ce781f510095cd424.tex [57]) (./dir_45024123d6afdc
05bb9645902c1ec7cc.tex [58] [59]) (./dir_a2e8606bee7d2eaf4a9e334d73381ef3.tex
LaTeX Font Info:    Font shape `T1/pcr/m/it' in size <9> not available
(Font)              Font shape `T1/pcr/m/sl' tried instead on input line 16.
LaTeX Font Info:    Font shape `T1/pcr/m/it' in size <7> not available
(Font)              Font shape `T1/pcr/m/sl' tried instead on input line 16.

Underfull \hbox (badness 10000) in paragraph at lines 46--46
[]\T1/phv/m/n/10 Implementacja bac-kendu FSK/[]GFSK/[]MSK/[]GMSK w
 []

[60]
Underfull \hbox (badness 10000) in paragraph at lines 46--46
[]\T1/phv/m/n/10 Implementacja bac-kendu FSK/[]GFSK/[]MSK/[]GMSK w
 []


Overfull \hbox (70.66646pt too wide) in paragraph at lines 61--62
[]\T1/pcr/m/n/10 HAL[]_[][]GPIO[]_[][]EXTI[]_[][]Callback \T1/phv/m/n/10 mo»e b
y¢ im-ple-men-to-wany przez bi-blio-tek¦ ([]
 []

[61]) (./dir_3aa3598b8fe5b4c76a427191eb55bc88.tex [62] [63]) (./dir_4708a5e97be
5c562a34184c0e9880bf6.tex [64]) [65] [66

]
Rozdzia\l  11.
(./structbmp280__api__data__t.tex [67]) (./structBMP280__HandleTypedef.tex [68]
[69] [70]) (./structbmp280__params__t.tex [71]) (./structbutton__hw__t.tex [72]
) (./structbutton__state__t.tex [73]) (./structi2c__mem__store__cfg__t.tex
Underfull \hbox (badness 10000) in paragraph at lines 77--78
[]\T1/phv/m/n/10 Odwoªania w [], [], [] i
 []

[74]) (./structi2c__mem__store__log__record__t.tex [75]) (./structi2c__mem__sto
re__meta__wire__t.tex [76] [77]) (./structi2c__mem__store__t.tex
Overfull \hbox (71.57036pt too wide) in paragraph at lines 59--60
[]\T1/phv/m/n/10 Odwoªania w [], [], [], [],
 []


Underfull \hbox (badness 2608) in paragraph at lines 77--78
[]\T1/phv/m/n/10 Odwoªania w [], [], [],
 []


Overfull \hbox (21.0093pt too wide) in paragraph at lines 77--78
[]\T1/phv/m/n/10 , [], [], [],
 []

[78]
Underfull \hbox (badness 1337) in paragraph at lines 95--96
[]\T1/phv/m/n/10 Odwoªania w [], [], [] i
 []


Underfull \hbox (badness 10000) in paragraph at lines 113--114
[]\T1/phv/m/n/10 Odwoªania w [], [], [] i
 []


Overfull \hbox (64.27141pt too wide) in paragraph at lines 131--132
[]\T1/phv/m/n/10 Odwoªania w [], [], [] i []. 
 []


Underfull \hbox (badness 7631) in paragraph at lines 149--150
[]\T1/phv/m/n/10 Odwoªania w [], [], [] i
 []


Underfull \hbox (badness 2608) in paragraph at lines 167--168
[]\T1/phv/m/n/10 Odwoªania w [], [], [],
 []


Underfull \hbox (badness 3601) in paragraph at lines 185--186
[]\T1/phv/m/n/10 Odwoªania w [], [], [],
 []

) (./structi2c__mem__store__trusted__device__t.tex [79]) (./structlaviet__frame
__t.tex [80]
Overfull \hbox (32.55602pt too wide) in paragraph at lines 61--62
[]\T1/phv/m/n/10 Odwoªania w [], [], [] i []. 
 []


Overfull \hbox (27.59682pt too wide) in paragraph at lines 79--80
[]\T1/phv/m/n/10 Odwoªania w [], [], [], [],
 []


Overfull \hbox (32.78065pt too wide) in paragraph at lines 97--98
[]\T1/phv/m/n/10 Odwoªania w [], [], [] i []. 
 []


Overfull \hbox (28.87473pt too wide) in paragraph at lines 133--134
[]\T1/phv/m/n/10 Odwoªania w [], [], [], []
 []

[81]
Overfull \hbox (32.78065pt too wide) in paragraph at lines 169--170
[]\T1/phv/m/n/10 Odwoªania w [], [], [] i []. 
 []


Overfull \hbox (28.87473pt too wide) in paragraph at lines 187--188
[]\T1/phv/m/n/10 Odwoªania w [], [], [], []
 []

) (./structlaviet__sha256__ctx__t.tex [82]) (./structlcd__main__msg__t.tex [83]
) (./structlcd__state__t.tex) (./structled__array__ctx__t.tex [84] [85]) (./str
uctmenu__item__t.tex [86]) (./structmenu__notification__t.tex [87]) (./structme
nu__page__t.tex) (./structmenu__radio__action__binding__t.tex [88] [89]) (./str
uctmenu__state__t.tex [90] [91]) (./structradio__context__t.tex [92] [93]) (./s
tructradio__fsk__cfg__t.tex [94] [95]) (./structradio__fsk__context__t.tex [96]
) (./structradio__gpio__t.tex [97]) (./structradio__hw__cfg__t.tex [98]) (./str
uctradio__lora__cfg__t.tex [99]
Overfull \hbox (56.3962pt too wide) in paragraph at lines 65--66
[]\T1/phv/m/n/10 Odwoªania w [], [], [], []
 []


Overfull \hbox (50.80716pt too wide) in paragraph at lines 83--84
[]\T1/phv/m/n/10 Odwoªania w [], [], [] i []. 
 []


Overfull \hbox (50.80716pt too wide) in paragraph at lines 119--120
[]\T1/phv/m/n/10 Odwoªania w [], [], [] i []. 
 []


Overfull \hbox (50.80716pt too wide) in paragraph at lines 137--138
[]\T1/phv/m/n/10 Odwoªania w [], [], [] i []. 
 []

[100]
Overfull \hbox (50.80716pt too wide) in paragraph at lines 173--174
[]\T1/phv/m/n/10 Odwoªania w [], [], [] i []. 
 []


Overfull \hbox (50.80716pt too wide) in paragraph at lines 191--192
[]\T1/phv/m/n/10 Odwoªania w [], [], [] i []. 
 []


Overfull \hbox (56.3962pt too wide) in paragraph at lines 209--210
[]\T1/phv/m/n/10 Odwoªania w [], [], [], []
 []

) (./structradio__main__cmd__sync__t.tex [101]) (./structradio__main__cmd__t.te
x [102] [103]
LaTeX Font Info:    Font shape `T1/phv/b/n' will be
(Font)              scaled to size 7.19995pt on input line 185.
) (./structradio__main__ctx__t.tex [104] [105] [106] [107] [108] [109] [110]) (
./structradio__main__fsk__cfg__t.tex [111] [112]) (./structradio__main__ook__cf
g__t.tex [113] [114]) (./structradio__main__runtime__cfg__t.tex [115]) (./struc
tradio__ook__cfg__t.tex [116] [117]) (./structradio__ook__context__t.tex [118] 
[119]) (./structradio__packet__t.tex
Underfull \hbox (badness 6592) in paragraph at lines 55--56
[]\T1/phv/m/n/10 Odwoªania w [], [], [] i
 []


Underfull \hbox (badness 6592) in paragraph at lines 73--74
[]\T1/phv/m/n/10 Odwoªania w [], [], [] i
 []

[120]
Overfull \hbox (16.24805pt too wide) in paragraph at lines 91--92
[]\T1/phv/m/n/10 Odwoªania w [], [] i []. 
 []

) (./structsecurity__cmd__sync__t.tex [121]) (./structsecurity__cmd__t.tex [122
] [123]) (./structsecurity__key__wire__t.tex) (./structsecurity__radio__store__
wire__t.tex [124]) (./structsecurity__runtime__cfg__t.tex [125] [126]) (./struc
tsecurity__settings__wire__t.tex [127]) (./structsecurity__store__wire__t.tex [
128]) (./structsecurity__trusted__entry__t.tex [129]) (./structst33ktpm2x__cfg_
_t.tex [130] [131] [132]) (./structst33ktpm2x__t.tex
Underfull \hbox (badness 10000) in paragraph at lines 49--50
[]\T1/phv/m/n/10 , [], [], [] i
 []


Overfull \hbox (33.00557pt too wide) in paragraph at lines 67--68
[]\T1/phv/m/n/10 Odwoªania w [], [], [], [],
 []


Underfull \hbox (badness 10000) in paragraph at lines 67--68
[]\T1/phv/m/n/10 , [], [], [],
 []


Overfull \hbox (41.78992pt too wide) in paragraph at lines 67--68
[]\T1/phv/m/n/10 , [], [], []
 []


Overfull \hbox (25.16699pt too wide) in paragraph at lines 85--86
[]\T1/phv/m/n/10 Odwoªania w [], [], [] i []. 
 []

) (./structsx1276__bus__t.tex [133]) (./structtrusted__info__t.tex [134]) [135]
[136]
Rozdzia\l  12.
(./app_8c_source.tex [137

] [138] [139] [140]) (./app_8h.tex
Underfull \hbox (badness 10000) in paragraph at lines 8--11

 []

[141]
LaTeX Font Info:    Font shape `T1/pcr/m/it' in size <8> not available
(Font)              Font shape `T1/pcr/m/sl' tried instead on input line 50.

Overfull \hbox (59.24939pt too wide) in paragraph at lines 62--63
[]\T1/phv/m/n/10 Odwoªuje si¦ do [], [], [], [],
 []

LaTeX Font Info:    Font shape `T1/phv/bc/n' will be
(Font)              scaled to size 8.99994pt on input line 79.

Underfull \hbox (badness 10000) detected at line 79
[][][]
 []

[142]
Underfull \hbox (badness 10000) detected at line 109
[][][]
 []


Underfull \hbox (badness 10000) detected at line 143
[][][]
 []

[143]
Underfull \hbox (badness 10000) detected at line 181
[][][]
 []


Underfull \hbox (badness 10000) detected at line 219
[][][]
 []

[144]) (./app_8h_source.tex) (./bmp280_8c_source.tex [145] [146] [147] [148]) (
./bmp280_8h.tex
Underfull \hbox (badness 10000) in paragraph at lines 8--11

 []

[149] [150] [151]
Underfull \hbox (badness 10000) detected at line 272
[][][]
 []


Underfull \hbox (badness 10000) detected at line 302
[][][]
 []


Underfull \hbox (badness 3612) in paragraph at lines 311--312
[]\T1/phv/m/n/10 , [], [], [],
 []


Overfull \hbox (84.8271pt too wide) in paragraph at lines 311--312
[]\T1/phv/m/n/10 , [], []
 []

[152]
Overfull \hbox (88.68788pt too wide) in paragraph at lines 342--343
[]\T1/phv/m/n/10 Odwoªuje si¦ do [], [], [], [],
 []


Overfull \hbox (28.40703pt too wide) in paragraph at lines 342--343
[]\T1/phv/m/n/10 , [] i []. 
 []


Underfull \hbox (badness 10000) detected at line 359
[][][]
 []


Underfull \hbox (badness 10000) detected at line 393
[][][]
 []

[153]
Underfull \hbox (badness 10000) detected at line 427
[][][]
 []

) (./bmp280_8h_source.tex [154]) (./bmp280__api_8c_source.tex [155] [156] [157]
[158]) (./bmp280__api_8h.tex
Underfull \hbox (badness 10000) in paragraph at lines 8--11

 []


Underfull \hbox (badness 10000) detected at line 60
[][][]
 []

[159]
Underfull \hbox (badness 10000) detected at line 90
[][][]
 []


Overfull \hbox (23.79037pt too wide) in paragraph at lines 99--100
[]\T1/phv/m/n/10 Odwoªuje si¦ do [], [], [], [],
 []


Overfull \hbox (117.0282pt too wide) in paragraph at lines 99--100
[]\T1/phv/m/n/10 , [], [], []
 []


Underfull \hbox (badness 10000) detected at line 118
[][][]
 []

[160]
Underfull \hbox (badness 10000) detected at line 146
[][][]
 []


Underfull \hbox (badness 10000) detected at line 174
[][][]
 []


Underfull \hbox (badness 10000) detected at line 195
[][][]
 []


Overfull \hbox (42.3926pt too wide) in paragraph at lines 204--205
[]\T1/phv/m/n/10 Odwoªania w [], [], [], []
 []

) (./bmp280__api_8h_source.tex [161]) (./bmp280__main_8c_source.tex [162] [163]
) (./bmp280__main_8h.tex
Underfull \hbox (badness 10000) in paragraph at lines 8--10

 []


Underfull \hbox (badness 10000) detected at line 64
[][][]
 []

) (./bmp280__main_8h_source.tex [164]) (./button__main_8c_source.tex [165] [166
]) (./button__main_8h.tex
Underfull \hbox (badness 10000) in paragraph at lines 8--10

 []


Underfull \hbox (badness 1546) in paragraph at lines 13--21
[] \T1/phv/m/n/10 = 0 , [] , [] ,
 []

[167] [168]
Underfull \hbox (badness 10000) detected at line 119
[][][]
 []

) (./button__main_8h_source.tex) (./i2c__mem__store_8c.tex
Underfull \hbox (badness 10000) in paragraph at lines 8--12

 []

[169]
Underfull \hbox (badness 1237) in paragraph at lines 75--76
[]\T1/phv/m/n/10 static [] [] ([] $\OMS/cmsy/m/n/10 ^^C$\T1/phv/m/n/10 ctx, uin
t32[]_[]t addr, const
 []

[170]
Underfull \hbox (badness 824) in paragraph at lines 103--104
[][] [] \T1/phv/m/n/10 ([] $\OMS/cmsy/m/n/10 ^^C$\T1/phv/m/n/10 ctx, uint16[]_[
]t slot[]_[]id, uint8[]_[]
 []


Underfull \hbox (badness 1668) in paragraph at lines 107--108
[][] [] \T1/phv/m/n/10 ([] $\OMS/cmsy/m/n/10 ^^C$\T1/phv/m/n/10 ctx, uint16[]_[
]t slot[]_[]id,
 []


Underfull \hbox (badness 1983) in paragraph at lines 109--110
[][] [] \T1/phv/m/n/10 ([] $\OMS/cmsy/m/n/10 ^^C$\T1/phv/m/n/10 ctx, uint16[]_[
]t slot[]_[]id,
 []

[171] [172]
Underfull \hbox (badness 10000) detected at line 271
[][][]
 []


Underfull \hbox (badness 10000) in paragraph at lines 280--281
[]\T1/phv/m/n/10 Odwoªuje si¦ do [], [], [],
 []


Overfull \hbox (30.46776pt too wide) in paragraph at lines 280--281
[]\T1/phv/m/n/10 , [], [], [],
 []


Overfull \hbox (36.97469pt too wide) in paragraph at lines 356--357
[]\T1/phv/m/n/10 Odwoªuje si¦ do [], [], [],
 []

[173]
Underfull \hbox (badness 10000) detected at line 377
[][][]
 []


Underfull \hbox (badness 10000) in paragraph at lines 386--387
[]\T1/phv/m/n/10 Odwoªuje si¦ do [], [], [],
 []


Overfull \hbox (61.71483pt too wide) in paragraph at lines 386--387
[]\T1/phv/m/n/10 , [], [] i []. 
 []


Underfull \hbox (badness 10000) detected at line 409
[][][]
 []


Overfull \hbox (62.37251pt too wide) in paragraph at lines 418--419
[]\T1/phv/m/n/10 Odwoªuje si¦ do [], [], [] i []. 
 []

[174]
Underfull \hbox (badness 10000) detected at line 461
[][][]
 []


Overfull \hbox (40.4489pt too wide) in paragraph at lines 470--471
[]\T1/phv/m/n/10 Odwoªuje si¦ do [], [], [], [],
 []


Overfull \hbox (21.62999pt too wide) in paragraph at lines 470--471
[]\T1/phv/m/n/10 , [], [], []
 []


Overfull \hbox (28.03784pt too wide) in paragraph at lines 492--493
[]\T1/phv/m/n/10 Odwoªuje si¦ do [], [], []
 []

[175]
Underfull \hbox (badness 10000) in paragraph at lines 626--627
[]\T1/phv/m/n/10 Odwoªuje si¦ do [], [], [],
 []


Overfull \hbox (60.68896pt too wide) in paragraph at lines 626--627
[]\T1/phv/m/n/10 , [], [], []
 []


Underfull \hbox (badness 10000) in paragraph at lines 648--649
[]\T1/phv/m/n/10 Odwoªuje si¦ do [], [], [],
 []


Overfull \hbox (61.71483pt too wide) in paragraph at lines 648--649
[]\T1/phv/m/n/10 , [], [] i []. 
 []

[176]
Underfull \hbox (badness 10000) detected at line 735
[][][]
 []


Underfull \hbox (badness 10000) in paragraph at lines 744--745
[]\T1/phv/m/n/10 Odwoªuje si¦ do [], [], [],
 []


Overfull \hbox (49.38599pt too wide) in paragraph at lines 744--745
[]\T1/phv/m/n/10 , [], [], [],
 []


Overfull \hbox (20.85597pt too wide) in paragraph at lines 744--745
[]\T1/phv/m/n/10 , [], [], [],
 []


Overfull \hbox (27.47989pt too wide) in paragraph at lines 744--745
[]\T1/phv/m/n/10 , [], [],
 []


Underfull \hbox (badness 10000) in paragraph at lines 744--745
[]\T1/phv/m/n/10 , [], [] i
 []


Underfull \hbox (badness 10000) in paragraph at lines 762--763
[]\T1/phv/m/n/10 Odwoªuje si¦ do [], [], [],
 []

[177]
Underfull \hbox (badness 10000) detected at line 807
[][][]
 []


Underfull \hbox (badness 10000) detected at line 841
[][][]
 []


Underfull \hbox (badness 10000) in paragraph at lines 850--851
[]\T1/phv/m/n/10 Odwoªuje si¦ do [], [], [],
 []


Overfull \hbox (53.32866pt too wide) in paragraph at lines 850--851
[]\T1/phv/m/n/10 , [], [], [],
 []


Overfull \hbox (46.97359pt too wide) in paragraph at lines 850--851
[]\T1/phv/m/n/10 , [], [], []
 []

[178]
Underfull \hbox (badness 10000) detected at line 899
[][][]
 []


Underfull \hbox (badness 10000) in paragraph at lines 908--909
[]\T1/phv/m/n/10 Odwoªuje si¦ do [], [], [],
 []


Overfull \hbox (37.19997pt too wide) in paragraph at lines 908--909
[]\T1/phv/m/n/10 , [], [], [],
 []


Overfull \hbox (20.19032pt too wide) in paragraph at lines 908--909
[]\T1/phv/m/n/10 , [], [], [],
 []


Overfull \hbox (80.1916pt too wide) in paragraph at lines 908--909
[]\T1/phv/m/n/10 , [], [] i []. 
 []

[179]
Underfull \hbox (badness 10000) detected at line 933
[][][]
 []


Overfull \hbox (63.55127pt too wide) in paragraph at lines 942--943
[]\T1/phv/m/n/10 Odwoªuje si¦ do [], [], [],
 []


Overfull \hbox (36.36316pt too wide) in paragraph at lines 942--943
[]\T1/phv/m/n/10 , [], [], [],
 []


Underfull \hbox (badness 10000) detected at line 963
[][][]
 []


Overfull \hbox (63.55127pt too wide) in paragraph at lines 972--973
[]\T1/phv/m/n/10 Odwoªuje si¦ do [], [], [],
 []


Overfull \hbox (122.43707pt too wide) in paragraph at lines 972--973
[]\T1/phv/m/n/10 , [], [], []
 []


Underfull \hbox (badness 10000) in paragraph at lines 990--991
[]\T1/phv/m/n/10 Odwoªuje si¦ do [], [], [],
 []

[180]) (./i2c__mem__store_8c_source.tex [181] [182] [183] [184] [185] [186] [18
7] [188] [189]) (./i2c__mem__store_8h.tex
Underfull \hbox (badness 10000) in paragraph at lines 8--11

 []

[190]
Overfull \hbox (26.06635pt too wide) in paragraph at lines 52--66
[] \T1/phv/m/n/10 = 0 , [] , [] , []
 []


Overfull \hbox (77.078pt too wide) in paragraph at lines 52--66
[] \T1/phv/m/n/10 , [] , [] , []
 []


Underfull \hbox (badness 824) in paragraph at lines 86--87
[][] [] \T1/phv/m/n/10 ([] $\OMS/cmsy/m/n/10 ^^C$\T1/phv/m/n/10 ctx, uint16[]_[
]t slot[]_[]id, uint8[]_[]
 []


Underfull \hbox (badness 1668) in paragraph at lines 90--91
[][] [] \T1/phv/m/n/10 ([] $\OMS/cmsy/m/n/10 ^^C$\T1/phv/m/n/10 ctx, uint16[]_[
]t slot[]_[]id,
 []


Underfull \hbox (badness 1983) in paragraph at lines 92--93
[][] [] \T1/phv/m/n/10 ([] $\OMS/cmsy/m/n/10 ^^C$\T1/phv/m/n/10 ctx, uint16[]_[
]t slot[]_[]id,
 []

[191] [192] [193]
Underfull \hbox (badness 10000) detected at line 311
[][][]
 []


Underfull \hbox (badness 10000) in paragraph at lines 320--321
[]\T1/phv/m/n/10 Odwoªuje si¦ do [], [], [],
 []


Overfull \hbox (30.46776pt too wide) in paragraph at lines 320--321
[]\T1/phv/m/n/10 , [], [], [],
 []


Overfull \hbox (36.97469pt too wide) in paragraph at lines 378--379
[]\T1/phv/m/n/10 Odwoªuje si¦ do [], [], [],
 []

[194]
Underfull \hbox (badness 10000) detected at line 399
[][][]
 []


Underfull \hbox (badness 10000) in paragraph at lines 408--409
[]\T1/phv/m/n/10 Odwoªuje si¦ do [], [], [],
 []


Overfull \hbox (61.71483pt too wide) in paragraph at lines 408--409
[]\T1/phv/m/n/10 , [], [] i []. 
 []


Underfull \hbox (badness 10000) detected at line 431
[][][]
 []


Overfull \hbox (62.37251pt too wide) in paragraph at lines 440--441
[]\T1/phv/m/n/10 Odwoªuje si¦ do [], [], [] i []. 
 []


Underfull \hbox (badness 10000) detected at line 461
[][][]
 []


Overfull \hbox (40.4489pt too wide) in paragraph at lines 470--471
[]\T1/phv/m/n/10 Odwoªuje si¦ do [], [], [], [],
 []


Overfull \hbox (21.62999pt too wide) in paragraph at lines 470--471
[]\T1/phv/m/n/10 , [], [], []
 []

[195]
Underfull \hbox (badness 10000) detected at line 495
[][][]
 []


Underfull \hbox (badness 10000) in paragraph at lines 504--505
[]\T1/phv/m/n/10 Odwoªuje si¦ do [], [], [],
 []


Overfull \hbox (49.38599pt too wide) in paragraph at lines 504--505
[]\T1/phv/m/n/10 , [], [], [],
 []


Overfull \hbox (20.85597pt too wide) in paragraph at lines 504--505
[]\T1/phv/m/n/10 , [], [], [],
 []


Overfull \hbox (27.47989pt too wide) in paragraph at lines 504--505
[]\T1/phv/m/n/10 , [], [],
 []


Underfull \hbox (badness 10000) in paragraph at lines 504--505
[]\T1/phv/m/n/10 , [], [] i
 []


Underfull \hbox (badness 10000) detected at line 523
[][][]
 []

[196]
Underfull \hbox (badness 10000) detected at line 557
[][][]
 []


Underfull \hbox (badness 10000) in paragraph at lines 566--567
[]\T1/phv/m/n/10 Odwoªuje si¦ do [], [], [],
 []


Overfull \hbox (53.32866pt too wide) in paragraph at lines 566--567
[]\T1/phv/m/n/10 , [], [], [],
 []


Overfull \hbox (46.97359pt too wide) in paragraph at lines 566--567
[]\T1/phv/m/n/10 , [], [], []
 []


Underfull \hbox (badness 10000) detected at line 593
[][][]
 []


Underfull \hbox (badness 10000) in paragraph at lines 602--603
[]\T1/phv/m/n/10 Odwoªuje si¦ do [], [], [],
 []


Overfull \hbox (37.19997pt too wide) in paragraph at lines 602--603
[]\T1/phv/m/n/10 , [], [], [],
 []


Overfull \hbox (20.19032pt too wide) in paragraph at lines 602--603
[]\T1/phv/m/n/10 , [], [], [],
 []


Overfull \hbox (80.1916pt too wide) in paragraph at lines 602--603
[]\T1/phv/m/n/10 , [], [] i []. 
 []

[197]
Underfull \hbox (badness 10000) detected at line 627
[][][]
 []


Overfull \hbox (63.55127pt too wide) in paragraph at lines 636--637
[]\T1/phv/m/n/10 Odwoªuje si¦ do [], [], [],
 []


Overfull \hbox (36.36316pt too wide) in paragraph at lines 636--637
[]\T1/phv/m/n/10 , [], [], [],
 []


Underfull \hbox (badness 10000) detected at line 657
[][][]
 []


Overfull \hbox (63.55127pt too wide) in paragraph at lines 666--667
[]\T1/phv/m/n/10 Odwoªuje si¦ do [], [], [],
 []


Overfull \hbox (122.43707pt too wide) in paragraph at lines 666--667
[]\T1/phv/m/n/10 , [], [], []
 []

) (./i2c__mem__store_8h_source.tex [198] [199]) (./laviet__crypto_8c.tex
Underfull \hbox (badness 10000) in paragraph at lines 8--13

 []

[200]
Overfull \hbox (17.36742pt too wide) in paragraph at lines 72--73
[]\T1/phv/m/n/10 static bool [] (uint8[]_[]t $\OMS/cmsy/m/n/10 ^^C$\T1/phv/m/n/
10 data, uint8[]_[]t len, const uint8[]_[]t key[][][],
 []

[201] [202]
Underfull \hbox (badness 10000) detected at line 187
[][][]
 []


Underfull \hbox (badness 10000) in paragraph at lines 196--197
[]\T1/phv/m/n/10 Odwoªuje si¦ do [], [], [],
 []


Overfull \hbox (53.37317pt too wide) in paragraph at lines 236--237
[]\T1/phv/m/n/10 Odwoªuje si¦ do [], [], [], []
 []


Overfull \hbox (23.37668pt too wide) in paragraph at lines 258--259
[]\T1/phv/m/n/10 Odwoªuje si¦ do [], [], [], []
 []

[203]
Underfull \hbox (badness 10000) detected at line 368
[][][]
 []

[204]
Underfull \hbox (badness 3343) in paragraph at lines 431--432
[]\T1/phv/m/n/10 Odwoªuje si¦ do [], [], [],
 []


Underfull \hbox (badness 10000) detected at line 474
[][][]
 []

[205]
Underfull \hbox (badness 10000) detected at line 526
[][][]
 []


Overfull \hbox (27.09364pt too wide) in paragraph at lines 535--536
[]\T1/phv/m/n/10 Odwoªuje si¦ do [], [], [], []
 []


Underfull \hbox (badness 4060) in paragraph at lines 579--580
[]\T1/phv/m/n/10 Odwoªuje si¦ do [], [], [], [] i
 []

[206]
Underfull \hbox (badness 10000) detected at line 602
[][][]
 []


Overfull \hbox (41.214pt too wide) in paragraph at lines 676--677
[]\T1/phv/m/n/10 Odwoªania w [], [], [], [],
 []

[207] [208]) (./laviet__crypto_8c_source.tex [209] [210] [211] [212] [213] [214
] [215] [216] [217] [218] [219] [220] [221]) (./laviet__crypto_8h.tex
Underfull \hbox (badness 10000) in paragraph at lines 8--12

 []

[222]
Underfull \hbox (badness 10000) in paragraph at lines 102--103
[]\T1/phv/m/n/10 Odwoªania w [], [], [],
 []

[223]
Underfull \hbox (badness 10000) detected at line 130
[][][]
 []


Underfull \hbox (badness 10000) in paragraph at lines 139--140
[]\T1/phv/m/n/10 Odwoªuje si¦ do [], [], [],
 []


Underfull \hbox (badness 10000) detected at line 151
[][][]
 []


Underfull \hbox (badness 10000) detected at line 181
[][][]
 []

[224]
Underfull \hbox (badness 10000) detected at line 215
[][][]
 []


Overfull \hbox (27.09364pt too wide) in paragraph at lines 224--225
[]\T1/phv/m/n/10 Odwoªuje si¦ do [], [], [], []
 []


Underfull \hbox (badness 10000) detected at line 247
[][][]
 []

[225]
Overfull \hbox (41.214pt too wide) in paragraph at lines 281--282
[]\T1/phv/m/n/10 Odwoªania w [], [], [], [],
 []

) (./laviet__crypto_8h_source.tex) (./laviet__frame_8c.tex
Underfull \hbox (badness 10000) in paragraph at lines 8--11

 []

[226]
Overfull \hbox (85.02332pt too wide) in paragraph at lines 42--43
[]\T1/phv/m/n/10 bool [] (uint16[]_[]t acked[]_[]msg[]_[]id, uint32[]_[]t acked
[]_[]counter, uint8[]_[]t out[][][]) 
 []


Underfull \hbox (badness 3158) in paragraph at lines 44--45
[]\T1/phv/m/n/10 bool [] (const uint8[]_[]t payload[][][], uint16[]_[]
 []

[227]
Underfull \hbox (badness 10000) detected at line 153
[][][]
 []


Underfull \hbox (badness 7925) in paragraph at lines 162--163
[]\T1/phv/m/n/10 Odwoªuje si¦ do [], [], [], [],
 []


Overfull \hbox (55.78412pt too wide) in paragraph at lines 162--163
[]\T1/phv/m/n/10 , [], [], [], [],
 []

[228]
Underfull \hbox (badness 10000) detected at line 187
[][][]
 []


Underfull \hbox (badness 10000) in paragraph at lines 196--197
[]\T1/phv/m/n/10 Odwoªuje si¦ do [], [], [], [],
 []


Underfull \hbox (badness 2393) in paragraph at lines 196--197
[]\T1/phv/m/n/10 , [], [], [],
 []


Overfull \hbox (48.49463pt too wide) in paragraph at lines 196--197
[]\T1/phv/m/n/10 , [], [], [], [],
 []


Underfull \hbox (badness 10000) detected at line 219
[][][]
 []


Underfull \hbox (badness 7925) in paragraph at lines 228--229
[]\T1/phv/m/n/10 Odwoªuje si¦ do [], [], [], [],
 []


Underfull \hbox (badness 4156) in paragraph at lines 228--229
[]\T1/phv/m/n/10 , [], [], [],
 []


Overfull \hbox (44.64278pt too wide) in paragraph at lines 228--229
[]\T1/phv/m/n/10 , [], [], [], [],
 []

[229]
Underfull \hbox (badness 10000) detected at line 245
[][][]
 []


Underfull \hbox (badness 10000) detected at line 275
[][][]
 []


Underfull \hbox (badness 10000) detected at line 301
[][][]
 []

[230]
Underfull \hbox (badness 10000) detected at line 353
[][][]
 []


Overfull \hbox (17.19305pt too wide) in paragraph at lines 362--363
[]\T1/phv/m/n/10 Odwoªuje si¦ do [], [], [], [],
 []


Underfull \hbox (badness 10000) in paragraph at lines 362--363
[]\T1/phv/m/n/10 , [], [],
 []


Underfull \hbox (badness 8038) in paragraph at lines 362--363
[]\T1/phv/m/n/10 , [], [], [],
 []


Overfull \hbox (42.44742pt too wide) in paragraph at lines 362--363
[]\T1/phv/m/n/10 , [], [], [], [],
 []


Underfull \hbox (badness 10000) in paragraph at lines 362--363
[]\T1/phv/m/n/10 , [], [], [],
 []


Underfull \hbox (badness 10000) in paragraph at lines 362--363
[]\T1/phv/m/n/10 , [], [], [],
 []


Underfull \hbox (badness 10000) in paragraph at lines 362--363
[]\T1/phv/m/n/10 , [], [], [],
 []


Underfull \hbox (badness 10000) detected at line 383
[][][]
 []

[231]
Underfull \hbox (badness 10000) detected at line 431
[][][]
 []


Underfull \hbox (badness 10000) detected at line 452
[][][]
 []

) (./laviet__frame_8c_source.tex [232] [233] [234] [235] [236]) (./laviet__fram
e_8h.tex
Underfull \hbox (badness 10000) in paragraph at lines 8--10

 []

[237]
Underfull \hbox (badness 5637) in paragraph at lines 28--29
[]\T1/phv/m/n/10 #define [] ([] + [] +
 []


Underfull \hbox (badness 1917) in paragraph at lines 61--75
[] \T1/phv/m/n/10 = 0x00U , [] = 0x01U , [] = 0x02U ,
 []

[238]
Overfull \hbox (85.02332pt too wide) in paragraph at lines 107--108
[]\T1/phv/m/n/10 bool [] (uint16[]_[]t acked[]_[]msg[]_[]id, uint32[]_[]t acked
[]_[]counter, uint8[]_[]t out[][][]) 
 []


Underfull \hbox (badness 3158) in paragraph at lines 109--110
[]\T1/phv/m/n/10 bool [] (const uint8[]_[]t payload[][][], uint16[]_[]
 []


Overfull \hbox (57.50336pt too wide) in paragraph at lines 159--160
[]\T1/phv/m/n/10 Odwoªania w [], [], [] i []. 
 []

[239] [240]
Overfull \hbox (34.50882pt too wide) in paragraph at lines 357--358
[]\T1/phv/m/n/10 Odwoªania w [], [], [] i []. 
 []


Overfull \hbox (55.88332pt too wide) in paragraph at lines 465--466
[]\T1/phv/m/n/10 Odwoªania w [], [], [], []
 []

[241] [242]
Underfull \hbox (badness 10000) detected at line 620
[][][]
 []


Underfull \hbox (badness 7925) in paragraph at lines 629--630
[]\T1/phv/m/n/10 Odwoªuje si¦ do [], [], [], [],
 []


Overfull \hbox (55.78412pt too wide) in paragraph at lines 629--630
[]\T1/phv/m/n/10 , [], [], [], [],
 []


Underfull \hbox (badness 10000) detected at line 654
[][][]
 []


Underfull \hbox (badness 10000) in paragraph at lines 663--664
[]\T1/phv/m/n/10 Odwoªuje si¦ do [], [], [], [],
 []


Underfull \hbox (badness 2393) in paragraph at lines 663--664
[]\T1/phv/m/n/10 , [], [], [],
 []


Overfull \hbox (48.49463pt too wide) in paragraph at lines 663--664
[]\T1/phv/m/n/10 , [], [], [], [],
 []

[243]
Underfull \hbox (badness 10000) detected at line 686
[][][]
 []


Underfull \hbox (badness 7925) in paragraph at lines 695--696
[]\T1/phv/m/n/10 Odwoªuje si¦ do [], [], [], [],
 []


Underfull \hbox (badness 4156) in paragraph at lines 695--696
[]\T1/phv/m/n/10 , [], [], [],
 []


Overfull \hbox (44.64278pt too wide) in paragraph at lines 695--696
[]\T1/phv/m/n/10 , [], [], [], [],
 []


Underfull \hbox (badness 10000) detected at line 712
[][][]
 []


Underfull \hbox (badness 10000) detected at line 742
[][][]
 []

[244]
Underfull \hbox (badness 10000) detected at line 768
[][][]
 []


Underfull \hbox (badness 10000) detected at line 798
[][][]
 []


Overfull \hbox (17.19305pt too wide) in paragraph at lines 807--808
[]\T1/phv/m/n/10 Odwoªuje si¦ do [], [], [], [],
 []


Underfull \hbox (badness 10000) in paragraph at lines 807--808
[]\T1/phv/m/n/10 , [], [],
 []


Underfull \hbox (badness 8038) in paragraph at lines 807--808
[]\T1/phv/m/n/10 , [], [], [],
 []


Overfull \hbox (42.44742pt too wide) in paragraph at lines 807--808
[]\T1/phv/m/n/10 , [], [], [], [],
 []


Underfull \hbox (badness 10000) in paragraph at lines 807--808
[]\T1/phv/m/n/10 , [], [], [],
 []


Underfull \hbox (badness 10000) in paragraph at lines 807--808
[]\T1/phv/m/n/10 , [], [], [],
 []


Underfull \hbox (badness 10000) in paragraph at lines 807--808
[]\T1/phv/m/n/10 , [], [], [],
 []

[245]
Underfull \hbox (badness 10000) detected at line 828
[][][]
 []


Underfull \hbox (badness 10000) detected at line 858
[][][]
 []


Underfull \hbox (badness 10000) detected at line 879
[][][]
 []

) (./laviet__frame_8h_source.tex [246] [247]) (./lcd_8c_source.tex [248] [249] 
[250] [251] [252] [253]) (./lcd_8h.tex [254]
Underfull \hbox (badness 10000) in paragraph at lines 8--10

 []

[255] [256]
Underfull \hbox (badness 10000) detected at line 182
[][][]
 []

) (./lcd_8h_source.tex) (./lcd__main_8c_source.tex [257] [258] [259] [260] [261
] [262] [263] [264]) (./lcd__main_8h.tex
Underfull \hbox (badness 10000) in paragraph at lines 8--10

 []

[265]
Underfull \hbox (badness 10000) detected at line 118
[][][]
 []


Underfull \hbox (badness 10000) detected at line 135
[][][]
 []

[266]
Underfull \hbox (badness 10000) detected at line 161
[][][]
 []


Underfull \hbox (badness 10000) detected at line 189
[][][]
 []

[267]
Underfull \hbox (badness 10000) detected at line 213
[][][]
 []


Underfull \hbox (badness 10000) detected at line 237
[][][]
 []


Underfull \hbox (badness 10000) detected at line 259
[][][]
 []


Underfull \hbox (badness 10000) detected at line 276
[][][]
 []

[268]
Underfull \hbox (badness 10000) detected at line 304
[][][]
 []


Underfull \hbox (badness 10000) detected at line 334
[][][]
 []

) (./lcd__main_8h_source.tex [269]) (./led__array__lib_8c.tex
Underfull \hbox (badness 10000) in paragraph at lines 8--11

 []

[270] [271]
Underfull \hbox (badness 10000) detected at line 218
[][][]
 []

[272]
Underfull \hbox (badness 10000) detected at line 326
[][][]
 []

[273]
Underfull \hbox (badness 10000) detected at line 347
[][][]
 []


Underfull \hbox (badness 10000) detected at line 404
[][][]
 []


Underfull \hbox (badness 10000) detected at line 425
[][][]
 []


Overfull \hbox (39.10747pt too wide) in paragraph at lines 448--449
[]\T1/phv/m/n/10 Odwoªania w [], [], [], [] i []. 
 []

[274]
Underfull \hbox (badness 10000) detected at line 483
[][][]
 []


Underfull \hbox (badness 10000) detected at line 509
[][][]
 []

[275]
Underfull \hbox (badness 10000) detected at line 555
[][][]
 []


Underfull \hbox (badness 10000) detected at line 605
[][][]
 []

[276]
Underfull \hbox (badness 10000) detected at line 637
[][][]
 []


Underfull \hbox (badness 10000) detected at line 658
[][][]
 []


Underfull \hbox (badness 10000) detected at line 719
[][][]
 []

[277]
Underfull \hbox (badness 10000) detected at line 743
[][][]
 []

) (./led__array__lib_8c_source.tex [278] [279] [280] [281] [282] [283] [284] [2
85] [286]) (./led__array__lib_8h.tex
Underfull \hbox (badness 10000) in paragraph at lines 8--12

 []

[287] [288]
Underfull \hbox (badness 10000) detected at line 162
[][][]
 []


Underfull \hbox (badness 10000) detected at line 190
[][][]
 []


Underfull \hbox (badness 10000) detected at line 211
[][][]
 []


Underfull \hbox (badness 10000) detected at line 228
[][][]
 []


Underfull \hbox (badness 10000) detected at line 249
[][][]
 []

[289]
Underfull \hbox (badness 10000) detected at line 271
[][][]
 []


Underfull \hbox (badness 10000) detected at line 297
[][][]
 []

[290]
Underfull \hbox (badness 10000) detected at line 343
[][][]
 []


Underfull \hbox (badness 10000) detected at line 375
[][][]
 []


Underfull \hbox (badness 10000) detected at line 407
[][][]
 []

[291]
Underfull \hbox (badness 10000) detected at line 428
[][][]
 []


Underfull \hbox (badness 10000) detected at line 445
[][][]
 []


Underfull \hbox (badness 10000) detected at line 469
[][][]
 []

) (./led__array__lib_8h_source.tex [292]) (./led__array__lib__config_8h.tex [29
3]) (./led__array__lib__config_8h_source.tex) (./led__array__main_8c_source.tex
[294]) (./led__array__main_8h.tex) (./led__array__main_8h_source.tex) (./menu__
main_8c_source.tex [295] [296] [297] [298] [299] [300] [301] [302] [303] [304] 
[305] [306] [307] [308] [309] [310] [311] [312] [313] [314] [315] [316] [317] [
318] [319] [320] [321] [322] [323] [324] [325] [326] [327] [328] [329] [330] [3
31] [332] [333] [334] [335] [336] [337] [338] [339] [340] [341] [342] [343] [34
4] [345] [346] [347] [348]) (./menu__main_8h.tex
Underfull \hbox (badness 10000) in paragraph at lines 8--10

 []

[349]
Underfull \hbox (badness 10000) detected at line 127
[][][]
 []

) (./menu__main_8h_source.tex) (./pager__config_8h.tex [350]) (./pager__config_
8h_source.tex) (./radio__sx1276_8c.tex [351]
Underfull \hbox (badness 10000) in paragraph at lines 8--10

 []

[352] [353] [354]
Underfull \hbox (badness 10000) detected at line 300
[][][]
 []


Overfull \hbox (40.70079pt too wide) in paragraph at lines 313--314
[]\T1/phv/m/n/10 Odwoªania w [], [], [], [],
 []


Underfull \hbox (badness 10000) detected at line 356
[][][]
 []


Overfull \hbox (75.23305pt too wide) in paragraph at lines 369--370
[]\T1/phv/m/n/10 , [], [], [], [],
 []


Overfull \hbox (15.40256pt too wide) in paragraph at lines 369--370
[]\T1/phv/m/n/10 , [], [], [],
 []


Overfull \hbox (76.95224pt too wide) in paragraph at lines 369--370
[]\T1/phv/m/n/10 , [], [], [] i []. 
 []

[355] [356]
Overfull \hbox (57.60193pt too wide) in paragraph at lines 523--524
[]\T1/phv/m/n/10 , [], [], [], [],
 []

[357]
Underfull \hbox (badness 10000) detected at line 656
[][][]
 []


Overfull \hbox (46.93744pt too wide) in paragraph at lines 669--670
[]\T1/phv/m/n/10 Odwoªania w [], [], [], [],
 []

[358]
Underfull \hbox (badness 10000) detected at line 712
[][][]
 []


Underfull \hbox (badness 10000) in paragraph at lines 725--726
[]\T1/phv/m/n/10 , [], [], [],
 []


Overfull \hbox (55.01955pt too wide) in paragraph at lines 725--726
[]\T1/phv/m/n/10 , [], [], [], [],
 []

) (./radio__sx1276_8c_source.tex [359] [360] [361] [362]) (./radio__sx1276_8h.t
ex
Underfull \hbox (badness 10000) in paragraph at lines 8--11

 []

[363] [364] [365]
Underfull \hbox (badness 10000) detected at line 292
[][][]
 []


Overfull \hbox (40.70079pt too wide) in paragraph at lines 305--306
[]\T1/phv/m/n/10 Odwoªania w [], [], [], [],
 []

[366]
Underfull \hbox (badness 10000) detected at line 348
[][][]
 []


Overfull \hbox (75.23305pt too wide) in paragraph at lines 361--362
[]\T1/phv/m/n/10 , [], [], [], [],
 []


Overfull \hbox (15.40256pt too wide) in paragraph at lines 361--362
[]\T1/phv/m/n/10 , [], [], [],
 []


Overfull \hbox (76.95224pt too wide) in paragraph at lines 361--362
[]\T1/phv/m/n/10 , [], [], [] i []. 
 []

[367]
Overfull \hbox (57.60193pt too wide) in paragraph at lines 493--494
[]\T1/phv/m/n/10 , [], [], [], [],
 []

[368]
Underfull \hbox (badness 10000) detected at line 626
[][][]
 []


Overfull \hbox (46.93744pt too wide) in paragraph at lines 639--640
[]\T1/phv/m/n/10 Odwoªania w [], [], [], [],
 []

[369]
Underfull \hbox (badness 10000) detected at line 682
[][][]
 []


Underfull \hbox (badness 10000) in paragraph at lines 695--696
[]\T1/phv/m/n/10 , [], [], [],
 []


Overfull \hbox (55.01955pt too wide) in paragraph at lines 695--696
[]\T1/phv/m/n/10 , [], [], [], [],
 []

) (./radio__sx1276_8h_source.tex [370]) (./radio__sx1276__regs_8h.tex [371] [37
2] [373] [374] [375] [376] [377] [378] [379] [380] [381] [382] [383] [384] [385
]) (./radio__sx1276__regs_8h_source.tex [386] [387]) (./radio__fsk_8c.tex
Underfull \hbox (badness 10000) in paragraph at lines 8--15

 []

[388] [389] [390]
Underfull \hbox (badness 4048) in paragraph at lines 228--229
[]\T1/phv/m/n/10 Odwoªuje si¦ do [], [], [],
 []


Overfull \hbox (18.47084pt too wide) in paragraph at lines 228--229
[]\T1/phv/m/n/10 , [], [], [],
 []


Overfull \hbox (38.36894pt too wide) in paragraph at lines 250--251
[]\T1/phv/m/n/10 Odwoªuje si¦ do [], [], [], [],
 []


Overfull \hbox (48.23303pt too wide) in paragraph at lines 250--251
[]\T1/phv/m/n/10 , [], [], [],
 []

[391]
Overfull \hbox (26.64212pt too wide) in paragraph at lines 366--367
[]\T1/phv/m/n/10 Odwoªuje si¦ do [], [], [], [], [],
 []


Underfull \hbox (badness 10000) in paragraph at lines 366--367
[]\T1/phv/m/n/10 , [], [], [], [], [],
 []


Underfull \hbox (badness 3049) in paragraph at lines 366--367
[]\T1/phv/m/n/10 , [], [], [] i
 []


Overfull \hbox (54.12035pt too wide) in paragraph at lines 410--411
[]\T1/phv/m/n/10 Odwoªuje si¦ do [], [], [], [],
 []


Overfull \hbox (21.53975pt too wide) in paragraph at lines 410--411
[]\T1/phv/m/n/10 , [], [], [], [], [],
 []

[392]
Underfull \hbox (badness 1168) in paragraph at lines 520--521
[]\T1/phv/m/n/10 Odwoªuje si¦ do [], [], [], [], [],
 []


Overfull \hbox (15.4379pt too wide) in paragraph at lines 520--521
[]\T1/phv/m/n/10 , [], [], [], [], [],
 []


Underfull \hbox (badness 1661) in paragraph at lines 564--565
[]\T1/phv/m/n/10 Odwoªuje si¦ do [], [], [], [], [] i
 []

[393]
Underfull \hbox (badness 1661) in paragraph at lines 586--587
[]\T1/phv/m/n/10 Odwoªuje si¦ do [], [], [], [], [] i
 []


Underfull \hbox (badness 6493) in paragraph at lines 608--609
[]\T1/phv/m/n/10 Odwoªuje si¦ do [], [], [], [], [],
 []


Underfull \hbox (badness 1168) in paragraph at lines 630--631
[]\T1/phv/m/n/10 Odwoªuje si¦ do [], [], [], [], [],
 []

[394]
Overfull \hbox (47.00937pt too wide) in paragraph at lines 736--737
[]\T1/phv/m/n/10 Odwoªuje si¦ do [], [], [] i []. 
 []


Underfull \hbox (badness 10000) in paragraph at lines 740--741
[]\T1/phv/m/n/10 Odwoªania w [], [], [], [],
 []


Underfull \hbox (badness 874) in paragraph at lines 798--799
[]\T1/phv/m/n/10 Odwoªania w [], [], [], [] i
 []


Underfull \hbox (badness 874) in paragraph at lines 816--817
[]\T1/phv/m/n/10 Odwoªania w [], [], [], [] i
 []

[395]
Overfull \hbox (15.76228pt too wide) in paragraph at lines 856--857
[]\T1/phv/m/n/10 Odwoªuje si¦ do [], [], [], [],
 []


Overfull \hbox (22.41289pt too wide) in paragraph at lines 964--965
[]\T1/phv/m/n/10 Odwoªuje si¦ do [], [], [] i []. 
 []

[396]) (./radio__fsk_8c_source.tex [397] [398] [399] [400] [401] [402] [403] [4
04] [405] [406]) (./radio__fsk_8h.tex
Underfull \hbox (badness 10000) in paragraph at lines 8--9

 []

[407] [408]
Overfull \hbox (26.64212pt too wide) in paragraph at lines 174--175
[]\T1/phv/m/n/10 Odwoªuje si¦ do [], [], [], [], [],
 []


Underfull \hbox (badness 10000) in paragraph at lines 174--175
[]\T1/phv/m/n/10 , [], [], [], [], [],
 []


Underfull \hbox (badness 3049) in paragraph at lines 174--175
[]\T1/phv/m/n/10 , [], [], [] i
 []


Overfull \hbox (54.12035pt too wide) in paragraph at lines 218--219
[]\T1/phv/m/n/10 Odwoªuje si¦ do [], [], [], [],
 []


Overfull \hbox (21.53975pt too wide) in paragraph at lines 218--219
[]\T1/phv/m/n/10 , [], [], [], [], [],
 []

[409]
Underfull \hbox (badness 1168) in paragraph at lines 328--329
[]\T1/phv/m/n/10 Odwoªuje si¦ do [], [], [], [], [],
 []


Overfull \hbox (15.4379pt too wide) in paragraph at lines 328--329
[]\T1/phv/m/n/10 , [], [], [], [], [],
 []

[410]
Underfull \hbox (badness 1661) in paragraph at lines 372--373
[]\T1/phv/m/n/10 Odwoªuje si¦ do [], [], [], [], [] i
 []


Underfull \hbox (badness 1661) in paragraph at lines 394--395
[]\T1/phv/m/n/10 Odwoªuje si¦ do [], [], [], [], [] i
 []


Underfull \hbox (badness 6493) in paragraph at lines 416--417
[]\T1/phv/m/n/10 Odwoªuje si¦ do [], [], [], [], [],
 []


Underfull \hbox (badness 1168) in paragraph at lines 438--439
[]\T1/phv/m/n/10 Odwoªuje si¦ do [], [], [], [], [],
 []

) (./radio__fsk_8h_source.tex [411]) (./radio__lora_8c.tex
Underfull \hbox (badness 10000) in paragraph at lines 8--14

 []

[412] [413]
Overfull \hbox (71.54216pt too wide) in paragraph at lines 191--192
[]\T1/phv/m/n/10 Odwoªuje si¦ do [], [], [], [],
 []


Overfull \hbox (34.97565pt too wide) in paragraph at lines 191--192
[]\T1/phv/m/n/10 , [], [], [],
 []


Underfull \hbox (badness 10000) in paragraph at lines 191--192
[]\T1/phv/m/n/10 , [], [],
 []


Underfull \hbox (badness 5374) in paragraph at lines 191--192
[]\T1/phv/m/n/10 , [], [], [],
 []

[414]
Underfull \hbox (badness 4341) in paragraph at lines 213--214
[]\T1/phv/m/n/10 Odwoªuje si¦ do [], [], [],
 []


Overfull \hbox (69.17517pt too wide) in paragraph at lines 213--214
[]\T1/phv/m/n/10 , [], [] i []. 
 []

[415]
Overfull \hbox (71.54216pt too wide) in paragraph at lines 385--386
[]\T1/phv/m/n/10 Odwoªuje si¦ do [], [], [], [],
 []


Overfull \hbox (34.97565pt too wide) in paragraph at lines 385--386
[]\T1/phv/m/n/10 , [], [], [],
 []


Underfull \hbox (badness 10000) in paragraph at lines 385--386
[]\T1/phv/m/n/10 , [], [],
 []


Underfull \hbox (badness 10000) detected at line 401
[][][]
 []

[416]
Underfull \hbox (badness 10000) detected at line 431
[][][]
 []


Underfull \hbox (badness 10000) detected at line 452
[][][]
 []


Underfull \hbox (badness 10000) detected at line 484
[][][]
 []


Overfull \hbox (30.053pt too wide) in paragraph at lines 493--494
[]\T1/phv/m/n/10 Odwoªuje si¦ do [], [], [], [], [],
 []


Underfull \hbox (badness 2376) in paragraph at lines 493--494
[]\T1/phv/m/n/10 , [], [], [], [], [],
 []


Underfull \hbox (badness 10000) in paragraph at lines 493--494
[]\T1/phv/m/n/10 , [], [], [],
 []

[417]
Overfull \hbox (54.61533pt too wide) in paragraph at lines 542--543
[]\T1/phv/m/n/10 Odwoªuje si¦ do [], [], [], [],
 []


Overfull \hbox (26.0678pt too wide) in paragraph at lines 542--543
[]\T1/phv/m/n/10 , [], [], [],
 []


Overfull \hbox (23.05219pt too wide) in paragraph at lines 542--543
[]\T1/phv/m/n/10 , [], [], [], [],
 []


Underfull \hbox (badness 10000) detected at line 567
[][][]
 []

[418]
Underfull \hbox (badness 10000) detected at line 599
[][][]
 []


Underfull \hbox (badness 10000) detected at line 633
[][][]
 []


Underfull \hbox (badness 10000) detected at line 665
[][][]
 []

[419]
Underfull \hbox (badness 10000) detected at line 697
[][][]
 []


Underfull \hbox (badness 1137) in paragraph at lines 706--707
[]\T1/phv/m/n/10 Odwoªuje si¦ do [], [], [], [], [],
 []


Underfull \hbox (badness 2547) in paragraph at lines 706--707
[]\T1/phv/m/n/10 , [], [], [] i
 []


Underfull \hbox (badness 10000) detected at line 722
[][][]
 []


Underfull \hbox (badness 10000) detected at line 747
[][][]
 []


Underfull \hbox (badness 10000) detected at line 772
[][][]
 []


Underfull \hbox (badness 6157) in paragraph at lines 781--782
[]\T1/phv/m/n/10 Odwoªuje si¦ do [], [], [], [], [],
 []

[420]
Underfull \hbox (badness 10000) detected at line 802
[][][]
 []


Underfull \hbox (badness 1067) in paragraph at lines 811--812
[]\T1/phv/m/n/10 Odwoªuje si¦ do [], [], [], [], [],
 []


Underfull \hbox (badness 10000) in paragraph at lines 811--812
[]\T1/phv/m/n/10 , [], [], [], [],
 []


Underfull \hbox (badness 10000) detected at line 827
[][][]
 []

[421]
Overfull \hbox (27.28221pt too wide) in paragraph at lines 902--903
[]\T1/phv/m/n/10 Odwoªuje si¦ do [], [], [], [], [],
 []


Underfull \hbox (badness 1057) in paragraph at lines 902--903
[]\T1/phv/m/n/10 , [], [], [] i
 []

) (./radio__lora_8c_source.tex [422] [423] [424] [425] [426] [427] [428] [429] 
[430]) (./radio__lora_8h.tex [431]
Underfull \hbox (badness 10000) in paragraph at lines 8--9

 []

[432]
Overfull \hbox (71.54216pt too wide) in paragraph at lines 112--113
[]\T1/phv/m/n/10 Odwoªuje si¦ do [], [], [], [],
 []


Overfull \hbox (34.97565pt too wide) in paragraph at lines 112--113
[]\T1/phv/m/n/10 , [], [], [],
 []


Underfull \hbox (badness 10000) in paragraph at lines 112--113
[]\T1/phv/m/n/10 , [], [],
 []


Underfull \hbox (badness 10000) detected at line 128
[][][]
 []

[433]
Underfull \hbox (badness 10000) detected at line 158
[][][]
 []


Underfull \hbox (badness 10000) detected at line 179
[][][]
 []


Underfull \hbox (badness 10000) detected at line 211
[][][]
 []


Overfull \hbox (30.053pt too wide) in paragraph at lines 220--221
[]\T1/phv/m/n/10 Odwoªuje si¦ do [], [], [], [], [],
 []


Underfull \hbox (badness 2376) in paragraph at lines 220--221
[]\T1/phv/m/n/10 , [], [], [], [], [],
 []


Underfull \hbox (badness 10000) in paragraph at lines 220--221
[]\T1/phv/m/n/10 , [], [], [],
 []

[434]
Overfull \hbox (54.61533pt too wide) in paragraph at lines 269--270
[]\T1/phv/m/n/10 Odwoªuje si¦ do [], [], [], [],
 []


Overfull \hbox (26.0678pt too wide) in paragraph at lines 269--270
[]\T1/phv/m/n/10 , [], [], [],
 []


Overfull \hbox (23.05219pt too wide) in paragraph at lines 269--270
[]\T1/phv/m/n/10 , [], [], [], [],
 []


Underfull \hbox (badness 10000) detected at line 294
[][][]
 []

[435]
Underfull \hbox (badness 10000) detected at line 326
[][][]
 []


Underfull \hbox (badness 10000) detected at line 360
[][][]
 []


Underfull \hbox (badness 10000) detected at line 392
[][][]
 []

[436]
Underfull \hbox (badness 10000) detected at line 424
[][][]
 []


Underfull \hbox (badness 1137) in paragraph at lines 433--434
[]\T1/phv/m/n/10 Odwoªuje si¦ do [], [], [], [], [],
 []


Underfull \hbox (badness 2547) in paragraph at lines 433--434
[]\T1/phv/m/n/10 , [], [], [] i
 []


Underfull \hbox (badness 10000) detected at line 449
[][][]
 []


Underfull \hbox (badness 10000) detected at line 474
[][][]
 []


Underfull \hbox (badness 10000) detected at line 499
[][][]
 []


Underfull \hbox (badness 6157) in paragraph at lines 508--509
[]\T1/phv/m/n/10 Odwoªuje si¦ do [], [], [], [], [],
 []

[437]
Underfull \hbox (badness 10000) detected at line 529
[][][]
 []


Underfull \hbox (badness 1067) in paragraph at lines 538--539
[]\T1/phv/m/n/10 Odwoªuje si¦ do [], [], [], [], [],
 []


Underfull \hbox (badness 10000) in paragraph at lines 538--539
[]\T1/phv/m/n/10 , [], [], [], [],
 []


Underfull \hbox (badness 10000) detected at line 554
[][][]
 []

) (./radio__lora_8h_source.tex [438]) (./radio__ook_8c.tex
Underfull \hbox (badness 10000) in paragraph at lines 8--15

 []

[439] [440]
Underfull \hbox (badness 1107) in paragraph at lines 200--201
[]\T1/phv/m/n/10 Odwoªuje si¦ do [], [], [],
 []


Underfull \hbox (badness 1776) in paragraph at lines 200--201
[]\T1/phv/m/n/10 , [], [], [],
 []


Underfull \hbox (badness 1082) in paragraph at lines 200--201
[]\T1/phv/m/n/10 , [], [], [] i
 []

[441]
Underfull \hbox (badness 1107) in paragraph at lines 244--245
[]\T1/phv/m/n/10 Odwoªuje si¦ do [], [], [],
 []

[442]
Overfull \hbox (29.64807pt too wide) in paragraph at lines 454--455
[]\T1/phv/m/n/10 Odwoªuje si¦ do [], [], [], [], [],
 []


Underfull \hbox (badness 10000) in paragraph at lines 454--455
[]\T1/phv/m/n/10 , [], [], [], [], [],
 []


Underfull \hbox (badness 3049) in paragraph at lines 454--455
[]\T1/phv/m/n/10 , [], [], [] i
 []

[443]
Overfull \hbox (36.62453pt too wide) in paragraph at lines 498--499
[]\T1/phv/m/n/10 Odwoªuje si¦ do [], [], [], [],
 []


Underfull \hbox (badness 3199) in paragraph at lines 498--499
[]\T1/phv/m/n/10 , [], [], [],
 []


Overfull \hbox (44.07552pt too wide) in paragraph at lines 498--499
[]\T1/phv/m/n/10 , [], [], [], [], [],
 []

[444]
Underfull \hbox (badness 10000) in paragraph at lines 608--609
[]\T1/phv/m/n/10 Odwoªuje si¦ do [], [], [], [], [],
 []


Overfull \hbox (30.94466pt too wide) in paragraph at lines 608--609
[]\T1/phv/m/n/10 , [], [], [], [], [],
 []


Overfull \hbox (35.04904pt too wide) in paragraph at lines 696--697
[]\T1/phv/m/n/10 Odwoªuje si¦ do [], [], [], [], [], [],
 []


Overfull \hbox (42.49178pt too wide) in paragraph at lines 718--719
[]\T1/phv/m/n/10 Odwoªuje si¦ do [], [], [], [], [], [],
 []

[445]
Overfull \hbox (21.09062pt too wide) in paragraph at lines 784--785
[]\T1/phv/m/n/10 Odwoªuje si¦ do [], [], [], []
 []

[446]
Overfull \hbox (28.42479pt too wide) in paragraph at lines 892--893
[]\T1/phv/m/n/10 Odwoªuje si¦ do [], [], [] i []. 
 []

) (./radio__ook_8c_source.tex [447] [448] [449] [450] [451] [452] [453] [454] [
455]) (./radio__ook_8h.tex [456]
Underfull \hbox (badness 10000) in paragraph at lines 8--9

 []

[457]
Overfull \hbox (29.64807pt too wide) in paragraph at lines 174--175
[]\T1/phv/m/n/10 Odwoªuje si¦ do [], [], [], [], [],
 []


Underfull \hbox (badness 10000) in paragraph at lines 174--175
[]\T1/phv/m/n/10 , [], [], [], [], [],
 []


Underfull \hbox (badness 3049) in paragraph at lines 174--175
[]\T1/phv/m/n/10 , [], [], [] i
 []

[458]
Overfull \hbox (36.62453pt too wide) in paragraph at lines 218--219
[]\T1/phv/m/n/10 Odwoªuje si¦ do [], [], [], [],
 []


Underfull \hbox (badness 3199) in paragraph at lines 218--219
[]\T1/phv/m/n/10 , [], [], [],
 []


Overfull \hbox (44.07552pt too wide) in paragraph at lines 218--219
[]\T1/phv/m/n/10 , [], [], [], [], [],
 []

[459]
Underfull \hbox (badness 10000) in paragraph at lines 328--329
[]\T1/phv/m/n/10 Odwoªuje si¦ do [], [], [], [], [],
 []


Overfull \hbox (30.94466pt too wide) in paragraph at lines 328--329
[]\T1/phv/m/n/10 , [], [], [], [], [],
 []


Overfull \hbox (35.04904pt too wide) in paragraph at lines 416--417
[]\T1/phv/m/n/10 Odwoªuje si¦ do [], [], [], [], [], [],
 []


Overfull \hbox (42.49178pt too wide) in paragraph at lines 438--439
[]\T1/phv/m/n/10 Odwoªuje si¦ do [], [], [], [], [], [],
 []

[460]) (./radio__ook_8h_source.tex) (./radio__lib_8c.tex
Underfull \hbox (badness 10000) in paragraph at lines 8--13

 []

[461] [462]
Overfull \hbox (81.90106pt too wide) in paragraph at lines 118--119
[]\T1/phv/m/n/10 Odwoªuje si¦ do [], [], [], [],
 []

[463]
Underfull \hbox (badness 1107) in paragraph at lines 201--202
[]\T1/phv/m/n/10 Odwoªuje si¦ do [], [], [],
 []


Overfull \hbox (29.66637pt too wide) in paragraph at lines 201--202
[]\T1/phv/m/n/10 , [], [], [],
 []


Underfull \hbox (badness 10000) detected at line 217
[][][]
 []


Underfull \hbox (badness 10000) in paragraph at lines 226--227
[]\T1/phv/m/n/10 Odwoªuje si¦ do [], [], [],
 []


Underfull \hbox (badness 10000) detected at line 238
[][][]
 []

[464]
Underfull \hbox (badness 10000) detected at line 260
[][][]
 []


Underfull \hbox (badness 10000) detected at line 285
[][][]
 []


Underfull \hbox (badness 1383) in paragraph at lines 294--295
[]\T1/phv/m/n/10 Odwoªuje si¦ do [], [], [],
 []


Underfull \hbox (badness 10000) detected at line 321
[][][]
 []


Underfull \hbox (badness 10000) in paragraph at lines 330--331
[]\T1/phv/m/n/10 Odwoªuje si¦ do [], [], [],
 []


Overfull \hbox (31.98923pt too wide) in paragraph at lines 352--353
[]\T1/phv/m/n/10 Odwoªuje si¦ do [], [] i []. 
 []

[465]
Underfull \hbox (badness 4316) in paragraph at lines 381--382
[]\T1/phv/m/n/10 Odwoªuje si¦ do [], [], [],
 []


Underfull \hbox (badness 3098) in paragraph at lines 399--400
[]\T1/phv/m/n/10 Odwoªuje si¦ do [], [], [],
 []


Underfull \hbox (badness 10000) detected at line 424
[][][]
 []

[466]
Underfull \hbox (badness 10000) detected at line 452
[][][]
 []


Underfull \hbox (badness 10000) detected at line 486
[][][]
 []


Underfull \hbox (badness 10000) detected at line 514
[][][]
 []

[467]
Underfull \hbox (badness 10000) detected at line 565
[][][]
 []


Underfull \hbox (badness 10000) detected at line 595
[][][]
 []

[468]
Underfull \hbox (badness 10000) detected at line 621
[][][]
 []


Underfull \hbox (badness 10000) detected at line 642
[][][]
 []


Underfull \hbox (badness 10000) in paragraph at lines 651--652
[]\T1/phv/m/n/10 Odwoªuje si¦ do [], [], [],
 []


Underfull \hbox (badness 10000) detected at line 663
[][][]
 []


Underfull \hbox (badness 3158) in paragraph at lines 672--673
[]\T1/phv/m/n/10 Odwoªuje si¦ do [], [], [],
 []


Underfull \hbox (badness 10000) detected at line 688
[][][]
 []


Overfull \hbox (20.85619pt too wide) in paragraph at lines 697--698
[]\T1/phv/m/n/10 Odwoªuje si¦ do [], [], [],
 []

[469]
Underfull \hbox (badness 10000) detected at line 718
[][][]
 []


Underfull \hbox (badness 10000) detected at line 739
[][][]
 []

) (./radio__lib_8c_source.tex [470] [471] [472] [473]) (./radio__lib_8h.tex
Underfull \hbox (badness 10000) in paragraph at lines 8--12

 []

[474]
Overfull \hbox (29.15327pt too wide) in paragraph at lines 45--53
[] \T1/phv/m/n/10 = 0 , [] , [] , []
 []


Overfull \hbox (65.83438pt too wide) in paragraph at lines 54--67
[] \T1/phv/m/n/10 = (1UL $\OML/cmm/m/it/10 <$$<$ \T1/phv/m/n/10 3) , [] = (1UL 
$\OML/cmm/m/it/10 <$$<$ \T1/phv/m/n/10 4) , []
 []


Underfull \hbox (badness 3088) in paragraph at lines 83--88
[]\T1/phv/m/n/10 enum [] { [] = 0U , [] ,
 []


Underfull \hbox (badness 2443) in paragraph at lines 89--97
\T1/phv/b/n/10 RADIO[]_[][]FSK[]_[][]FILTER[]_[][]NONE \T1/phv/m/n/10 = 0U , \T
1/phv/b/n/10 RADIO[]_[][]FSK[]_[][]FILTER[]_[][]BT[]_[]10 \T1/phv/m/n/10 , \T1/
phv/b/n/10 RADIO[]_[][]FSK[]_[][]FILTER[]_[][]BT[]_[]07 \T1/phv/m/n/10 ,
 []

[475] [476] [477] [478]
Overfull \hbox (81.90106pt too wide) in paragraph at lines 460--461
[]\T1/phv/m/n/10 Odwoªuje si¦ do [], [], [], [],
 []

[479]
Underfull \hbox (badness 1107) in paragraph at lines 543--544
[]\T1/phv/m/n/10 Odwoªuje si¦ do [], [], [],
 []


Overfull \hbox (29.66637pt too wide) in paragraph at lines 543--544
[]\T1/phv/m/n/10 , [], [], [],
 []


Underfull \hbox (badness 10000) detected at line 559
[][][]
 []


Underfull \hbox (badness 10000) in paragraph at lines 568--569
[]\T1/phv/m/n/10 Odwoªuje si¦ do [], [], [],
 []


Underfull \hbox (badness 10000) detected at line 580
[][][]
 []

[480]
Underfull \hbox (badness 10000) detected at line 602
[][][]
 []


Underfull \hbox (badness 10000) detected at line 627
[][][]
 []


Underfull \hbox (badness 1383) in paragraph at lines 636--637
[]\T1/phv/m/n/10 Odwoªuje si¦ do [], [], [],
 []


Underfull \hbox (badness 10000) detected at line 663
[][][]
 []


Underfull \hbox (badness 10000) in paragraph at lines 672--673
[]\T1/phv/m/n/10 Odwoªuje si¦ do [], [], [],
 []

[481]
Underfull \hbox (badness 4316) in paragraph at lines 701--702
[]\T1/phv/m/n/10 Odwoªuje si¦ do [], [], [],
 []


Underfull \hbox (badness 3098) in paragraph at lines 719--720
[]\T1/phv/m/n/10 Odwoªuje si¦ do [], [], [],
 []


Underfull \hbox (badness 10000) detected at line 744
[][][]
 []

[482]
Underfull \hbox (badness 10000) detected at line 772
[][][]
 []


Underfull \hbox (badness 10000) detected at line 806
[][][]
 []


Underfull \hbox (badness 10000) detected at line 834
[][][]
 []

[483]
Underfull \hbox (badness 10000) detected at line 885
[][][]
 []


Underfull \hbox (badness 10000) detected at line 915
[][][]
 []

[484]
Underfull \hbox (badness 10000) detected at line 941
[][][]
 []


Underfull \hbox (badness 10000) detected at line 962
[][][]
 []


Underfull \hbox (badness 10000) in paragraph at lines 971--972
[]\T1/phv/m/n/10 Odwoªuje si¦ do [], [], [],
 []


Underfull \hbox (badness 10000) detected at line 983
[][][]
 []


Underfull \hbox (badness 3158) in paragraph at lines 992--993
[]\T1/phv/m/n/10 Odwoªuje si¦ do [], [], [],
 []


Underfull \hbox (badness 10000) detected at line 1008
[][][]
 []


Overfull \hbox (20.85619pt too wide) in paragraph at lines 1017--1018
[]\T1/phv/m/n/10 Odwoªuje si¦ do [], [], [],
 []


Underfull \hbox (badness 10000) detected at line 1038
[][][]
 []

[485]
Underfull \hbox (badness 10000) detected at line 1059
[][][]
 []

) (./radio__lib_8h_source.tex [486] [487] [488]) (./radio__lib__config_8h.tex
Underfull \hbox (badness 10000) in paragraph at lines 8--9

 []

LaTeX Font Info:    Font shape `T1/pcr/m/it' in size <10> not available
(Font)              Font shape `T1/pcr/m/sl' tried instead on input line 25.
[489]
Underfull \hbox (badness 10000) in paragraph at lines 184--185
[]\T1/phv/m/n/10 , [], [], [], [],
 []


Overfull \hbox (47.21611pt too wide) in paragraph at lines 184--185
[]\T1/phv/m/n/10 , [], [], [], [], []
 []


Underfull \hbox (badness 10000) in paragraph at lines 202--203
[]\T1/phv/m/n/10 , [], [], [], [],
 []


Overfull \hbox (47.21611pt too wide) in paragraph at lines 202--203
[]\T1/phv/m/n/10 , [], [], [], [], []
 []

[490]
Underfull \hbox (badness 10000) in paragraph at lines 220--221
[]\T1/phv/m/n/10 , [], [], [], [],
 []


Overfull \hbox (47.21611pt too wide) in paragraph at lines 220--221
[]\T1/phv/m/n/10 , [], [], [], [], []
 []

) (./radio__lib__config_8h_source.tex [491]) (./radio__test_8c.tex
Underfull \hbox (badness 10000) in paragraph at lines 8--15

 []

[492]
Underfull \hbox (badness 10000) in paragraph at lines 99--100
[]\T1/phv/m/n/10 Odwoªuje si¦ do [], [], [],
 []


Overfull \hbox (52.66066pt too wide) in paragraph at lines 99--100
[]\T1/phv/m/n/10 , [], [], [], [], [],
 []


Overfull \hbox (51.19543pt too wide) in paragraph at lines 117--118
[]\T1/phv/m/n/10 Odwoªuje si¦ do [], [], [], [],
 []


Overfull \hbox (58.07127pt too wide) in paragraph at lines 117--118
[]\T1/phv/m/n/10 , [], [], [],
 []


Overfull \hbox (53.38156pt too wide) in paragraph at lines 117--118
[]\T1/phv/m/n/10 , [], [], [], [],
 []


Overfull \hbox (43.8499pt too wide) in paragraph at lines 117--118
[]\T1/phv/m/n/10 , [], [], [], [],
 []

[493] [494]
Underfull \hbox (badness 10000) detected at line 315
[][][]
 []


Underfull \hbox (badness 10000) detected at line 364
[][][]
 []

[495]
Overfull \hbox (29.54991pt too wide) in paragraph at lines 395--396
[]\T1/phv/m/n/10 Odwoªuje si¦ do [], [], [], []
 []

) (./radio__test_8c_source.tex [496] [497] [498] [499] [500]) (./radio__test_8h
.tex
Underfull \hbox (badness 10000) in paragraph at lines 8--11

 []


Underfull \hbox (badness 10000) in paragraph at lines 59--60
[]\T1/phv/m/n/10 Odwoªuje si¦ do [], [], [],
 []


Overfull \hbox (52.66066pt too wide) in paragraph at lines 59--60
[]\T1/phv/m/n/10 , [], [], [], [], [],
 []

[501]
Overfull \hbox (51.19543pt too wide) in paragraph at lines 77--78
[]\T1/phv/m/n/10 Odwoªuje si¦ do [], [], [], [],
 []


Overfull \hbox (58.07127pt too wide) in paragraph at lines 77--78
[]\T1/phv/m/n/10 , [], [], [],
 []


Overfull \hbox (53.38156pt too wide) in paragraph at lines 77--78
[]\T1/phv/m/n/10 , [], [], [], [],
 []


Overfull \hbox (43.8499pt too wide) in paragraph at lines 77--78
[]\T1/phv/m/n/10 , [], [], [], [],
 []


Underfull \hbox (badness 10000) detected at line 116
[][][]
 []


Underfull \hbox (badness 10000) detected at line 141
[][][]
 []


Underfull \hbox (badness 10000) detected at line 146
[][][]
 []

[502]) (./radio__test_8h_source.tex) (./radio__main_8c_source.tex [503] [504] [
505] [506] [507] [508] [509] [510] [511] [512] [513] [514] [515] [516] [517] [5
18] [519] [520] [521] [522] [523] [524] [525] [526] [527] [528] [529] [530] [53
1] [532] [533] [534] [535] [536] [537] [538] [539] [540] [541] [542] [543] [544
] [545] [546] [547] [548] [549] [550] [551] [552] [553] [554] [555] [556] [557]
[558] [559]) (./radio__main_8h.tex
Underfull \hbox (badness 10000) in paragraph at lines 8--11

 []


Overfull \hbox (20.62946pt too wide) in paragraph at lines 23--27
[]\T1/phv/m/n/10 enum [] { [] = 0U , []
 []


Overfull \hbox (38.24211pt too wide) in paragraph at lines 28--31
[]\T1/phv/m/n/10 enum [] { [] = 0U , []
 []


Overfull \hbox (32.82411pt too wide) in paragraph at lines 32--37
[]\T1/phv/m/n/10 enum [] { [] = 0U , []
 []


Underfull \hbox (badness 752) in paragraph at lines 47--52
[]\T1/phv/m/n/10 enum [] { [] = 0U , [] = 1U ,
 []


Overfull \hbox (25.30917pt too wide) in paragraph at lines 53--56
[]\T1/phv/m/n/10 enum [] { [] = 0U , []
 []


Overfull \hbox (79.82161pt too wide) in paragraph at lines 57--61
[]\T1/phv/m/n/10 enum [] { [] = 0U , []
 []


Overfull \hbox (84.8253pt too wide) in paragraph at lines 62--66
[]\T1/phv/m/n/10 enum [] { [] = 0U , []
 []


Overfull \hbox (68.5625pt too wide) in paragraph at lines 67--112
[] \T1/phv/m/n/10 = 0U , [] , []
 []


Overfull \hbox (55.20744pt too wide) in paragraph at lines 67--112
[] \T1/phv/m/n/10 , [] , []
 []


Overfull \hbox (147.54582pt too wide) in paragraph at lines 67--112
[] \T1/phv/m/n/10 , [] , []
 []


Overfull \hbox (53.91129pt too wide) in paragraph at lines 67--112
[] \T1/phv/m/n/10 , [] , []
 []


Overfull \hbox (80.73991pt too wide) in paragraph at lines 67--112
[] \T1/phv/m/n/10 , [] , []
 []


Underfull \hbox (badness 10000) in paragraph at lines 67--112
[] \T1/phv/m/n/10 , [] ,
 []


Overfull \hbox (98.26262pt too wide) in paragraph at lines 67--112
[] \T1/phv/m/n/10 , [] , []
 []


Overfull \hbox (87.50755pt too wide) in paragraph at lines 67--112
[] \T1/phv/m/n/10 , [] , []
 []

[560] [561]
LaTeX Font Info:    Font shape `TS1/phv/m/it' in size <9> not available
(Font)              Font shape `TS1/phv/m/sl' tried instead on input line 173.
LaTeX Font Info:    Font shape `TS1/phv/m/sl' will be
(Font)              scaled to size 8.09995pt on input line 173.
[562] [563] [564] [565]
Underfull \hbox (badness 10000) detected at line 596
[][][]
 []


Underfull \hbox (badness 10000) detected at line 613
[][][]
 []


Underfull \hbox (badness 10000) detected at line 630
[][][]
 []


Underfull \hbox (badness 10000) detected at line 652
[][][]
 []


Underfull \hbox (badness 10000) detected at line 669
[][][]
 []

[566]
Underfull \hbox (badness 10000) detected at line 693
[][][]
 []


Underfull \hbox (badness 10000) detected at line 719
[][][]
 []

[567]
Underfull \hbox (badness 10000) detected at line 743
[][][]
 []


Underfull \hbox (badness 10000) detected at line 769
[][][]
 []


Underfull \hbox (badness 10000) detected at line 791
[][][]
 []


Underfull \hbox (badness 10000) detected at line 813
[][][]
 []

[568]
Underfull \hbox (badness 10000) detected at line 835
[][][]
 []


Underfull \hbox (badness 10000) detected at line 857
[][][]
 []


Underfull \hbox (badness 10000) detected at line 879
[][][]
 []

[569]
Underfull \hbox (badness 10000) detected at line 901
[][][]
 []


Underfull \hbox (badness 10000) detected at line 923
[][][]
 []


Underfull \hbox (badness 10000) detected at line 945
[][][]
 []


Underfull \hbox (badness 10000) detected at line 967
[][][]
 []

[570]
Underfull \hbox (badness 10000) detected at line 991
[][][]
 []


Underfull \hbox (badness 10000) detected at line 1013
[][][]
 []


Underfull \hbox (badness 10000) detected at line 1035
[][][]
 []

[571]
Underfull \hbox (badness 10000) detected at line 1075
[][][]
 []


Underfull \hbox (badness 10000) detected at line 1099
[][][]
 []


Underfull \hbox (badness 10000) detected at line 1116
[][][]
 []

[572]
Underfull \hbox (badness 10000) detected at line 1138
[][][]
 []


Overfull \hbox (24.53654pt too wide) in paragraph at lines 1166--1167
[]\T1/phv/m/n/10 Odwoªuje si¦ do [], [], [],
 []


Overfull \hbox (108.18065pt too wide) in paragraph at lines 1166--1167
[]\T1/phv/m/n/10 , [], [], [],
 []


Overfull \hbox (119.1079pt too wide) in paragraph at lines 1166--1167
[]\T1/phv/m/n/10 , [], [], [],
 []


Overfull \hbox (107.66815pt too wide) in paragraph at lines 1166--1167
[]\T1/phv/m/n/10 , [], [], []
 []


Overfull \hbox (71.54216pt too wide) in paragraph at lines 1191--1192
[]\T1/phv/m/n/10 Odwoªuje si¦ do [], [], [], [],
 []


Overfull \hbox (34.97565pt too wide) in paragraph at lines 1191--1192
[]\T1/phv/m/n/10 , [], [], [],
 []


Overfull \hbox (53.894pt too wide) in paragraph at lines 1214--1215
[]\T1/phv/m/n/10 Odwoªuje si¦ do [], [], [],
 []

) (./radio__main_8h_source.tex [573] [574] [575]) (./security__main_8c_source.t
ex [576] [577] [578] [579] [580] [581] [582] [583] [584] [585] [586] [587] [588
] [589] [590] [591] [592] [593] [594] [595] [596] [597] [598] [599] [600] [601]
[602] [603] [604] [605] [606] [607] [608] [609] [610] [611] [612]) (./security_
_main_8h.tex
Underfull \hbox (badness 10000) in paragraph at lines 8--11

 []


Overfull \hbox (106.52481pt too wide) in paragraph at lines 25--28
[]\T1/phv/m/n/10 enum [] { [] = 0 , []
 []

[613] [614]
Underfull \hbox (badness 10000) detected at line 168
[][][]
 []

[615]
Underfull \hbox (badness 10000) detected at line 194
[][][]
 []


Underfull \hbox (badness 10000) detected at line 216
[][][]
 []


Underfull \hbox (badness 10000) detected at line 240
[][][]
 []

[616]
Underfull \hbox (badness 10000) detected at line 262
[][][]
 []


Underfull \hbox (badness 10000) detected at line 279
[][][]
 []


Underfull \hbox (badness 10000) detected at line 301
[][][]
 []


Underfull \hbox (badness 10000) detected at line 323
[][][]
 []

[617]
Underfull \hbox (badness 10000) detected at line 345
[][][]
 []


Underfull \hbox (badness 10000) detected at line 367
[][][]
 []


Underfull \hbox (badness 10000) detected at line 389
[][][]
 []


Underfull \hbox (badness 10000) detected at line 411
[][][]
 []

[618]
Underfull \hbox (badness 10000) detected at line 433
[][][]
 []


Underfull \hbox (badness 10000) detected at line 455
[][][]
 []


Underfull \hbox (badness 10000) detected at line 477
[][][]
 []

[619]
Underfull \hbox (badness 10000) detected at line 501
[][][]
 []


Underfull \hbox (badness 10000) detected at line 549
[][][]
 []


Overfull \hbox (99.67749pt too wide) in paragraph at lines 558--559
[]\T1/phv/m/n/10 Odwoªuje si¦ do [], [] i []. 
 []

[620]
Underfull \hbox (badness 10000) detected at line 587
[][][]
 []


Underfull \hbox (badness 10000) detected at line 617
[][][]
 []

[621]
Underfull \hbox (badness 10000) detected at line 641
[][][]
 []


Underfull \hbox (badness 10000) detected at line 663
[][][]
 []


Underfull \hbox (badness 10000) detected at line 689
[][][]
 []

[622]
Underfull \hbox (badness 10000) detected at line 715
[][][]
 []


Underfull \hbox (badness 10000) detected at line 741
[][][]
 []

) (./security__main_8h_source.tex [623]) (./service_8c_source.tex [624] [625] [
626] [627] [628] [629] [630] [631] [632] [633] [634] [635] [636]) (./service_8h
.tex
Underfull \hbox (badness 10000) in paragraph at lines 8--9

 []

[637]) (./service_8h_source.tex) (./st33ktpm2x_8c.tex
Underfull \hbox (badness 10000) in paragraph at lines 8--13

 []

[638]
Underfull \hbox (badness 857) in paragraph at lines 103--104
[]\T1/phv/m/n/10 static [] [] ([] $\OMS/cmsy/m/n/10 ^^C$\T1/phv/m/n/10 ctx, uin
t8[]_[]t mask, uint8[]_[]t expec-ted,
 []

[639]
Underfull \hbox (badness 2111) in paragraph at lines 139--140
[][] [] \T1/phv/m/n/10 ([] $\OMS/cmsy/m/n/10 ^^C$\T1/phv/m/n/10 ctx, const uint
8[]_[]t $\OMS/cmsy/m/n/10 ^^C$\T1/phv/m/n/10 command, uint16[]_[]
 []

[640]
Underfull \hbox (badness 824) in paragraph at lines 157--158
[][] [] \T1/phv/m/n/10 ([] $\OMS/cmsy/m/n/10 ^^C$\T1/phv/m/n/10 ctx, uint32[]_[
]t session[]_[]
 []


Underfull \hbox (badness 2635) in paragraph at lines 159--160
[][] [] \T1/phv/m/n/10 ([] $\OMS/cmsy/m/n/10 ^^C$\T1/phv/m/n/10 ctx, uint32[]_[
]t session[]_[]handle, const
 []


Underfull \hbox (badness 5036) in paragraph at lines 169--170
[][] [] \T1/phv/m/n/10 ([] $\OMS/cmsy/m/n/10 ^^C$\T1/phv/m/n/10 ctx, uint32[]_[
]t nv[]_[]index,
 []

[641] [642] [643]
Overfull \hbox (77.73514pt too wide) in paragraph at lines 496--497
[]\T1/phv/m/n/10 , [], [], [],
 []


Overfull \hbox (77.73514pt too wide) in paragraph at lines 532--533
[]\T1/phv/m/n/10 , [], [], [],
 []

[644]
Overfull \hbox (51.32887pt too wide) in paragraph at lines 594--595
[]\T1/phv/m/n/10 Odwoªuje si¦ do [], [], [], [],
 []


Overfull \hbox (51.32887pt too wide) in paragraph at lines 616--617
[]\T1/phv/m/n/10 Odwoªuje si¦ do [], [], [], [],
 []

[645]
Overfull \hbox (29.9646pt too wide) in paragraph at lines 758--759
[]\T1/phv/m/n/10 Odwoªuje si¦ do [], [], [], [],
 []


Underfull \hbox (badness 10000) in paragraph at lines 758--759
[]\T1/phv/m/n/10 , [], [], [] i
 []

[646]
Underfull \hbox (badness 1127) in paragraph at lines 868--869
[]\T1/phv/m/n/10 Odwoªuje si¦ do [], [], [], [],
 []

[647] [648]
Underfull \hbox (badness 10000) detected at line 1001
[][][]
 []


Underfull \hbox (badness 10000) in paragraph at lines 1010--1011
[]\T1/phv/m/n/10 Odwoªuje si¦ do [], [], [],
 []


Underfull \hbox (badness 4096) in paragraph at lines 1010--1011
[]\T1/phv/m/n/10 , [], [], [] i
 []


Overfull \hbox (36.15532pt too wide) in paragraph at lines 1035--1036
[]\T1/phv/m/n/10 Odwoªuje si¦ do [], [], [],
 []


Overfull \hbox (36.37991pt too wide) in paragraph at lines 1035--1036
[]\T1/phv/m/n/10 , [], [], [],
 []


Overfull \hbox (62.35338pt too wide) in paragraph at lines 1035--1036
[]\T1/phv/m/n/10 , [], [], [],
 []


Overfull \hbox (77.96846pt too wide) in paragraph at lines 1035--1036
[]\T1/phv/m/n/10 , [], [], []
 []


Underfull \hbox (badness 10000) detected at line 1052
[][][]
 []


Overfull \hbox (16.87843pt too wide) in paragraph at lines 1061--1062
[]\T1/phv/m/n/10 Odwoªuje si¦ do [], [], [] i []. 
 []

[649]
Underfull \hbox (badness 10000) detected at line 1078
[][][]
 []


Overfull \hbox (34.17526pt too wide) in paragraph at lines 1087--1088
[]\T1/phv/m/n/10 Odwoªuje si¦ do [], [], [], [],
 []


Overfull \hbox (39.1792pt too wide) in paragraph at lines 1087--1088
[]\T1/phv/m/n/10 , [], [], [],
 []


Underfull \hbox (badness 10000) detected at line 1106
[][][]
 []


Underfull \hbox (badness 10000) detected at line 1134
[][][]
 []


Overfull \hbox (31.97021pt too wide) in paragraph at lines 1143--1144
[]\T1/phv/m/n/10 Odwoªuje si¦ do [], [], [], [],
 []

[650]
Underfull \hbox (badness 10000) detected at line 1166
[][][]
 []


Underfull \hbox (badness 10000) detected at line 1196
[][][]
 []


Overfull \hbox (40.61945pt too wide) in paragraph at lines 1205--1206
[]\T1/phv/m/n/10 Odwoªuje si¦ do [], [], [], [], [],
 []


Underfull \hbox (badness 10000) detected at line 1222
[][][]
 []

[651]
Underfull \hbox (badness 10000) detected at line 1252
[][][]
 []


Overfull \hbox (76.17754pt too wide) in paragraph at lines 1261--1262
[]\T1/phv/m/n/10 Odwoªuje si¦ do [], [], [], [],
 []


Overfull \hbox (30.62074pt too wide) in paragraph at lines 1261--1262
[]\T1/phv/m/n/10 , [], [], [], [], [],
 []


Underfull \hbox (badness 10000) detected at line 1286
[][][]
 []

[652]
Underfull \hbox (badness 10000) detected at line 1328
[][][]
 []


Underfull \hbox (badness 10000) detected at line 1364
[][][]
 []


Overfull \hbox (58.03418pt too wide) in paragraph at lines 1373--1374
[]\T1/phv/m/n/10 Odwoªuje si¦ do [], [], [], [], [],
 []

[653]
Underfull \hbox (badness 10000) detected at line 1398
[][][]
 []


Underfull \hbox (badness 10000) detected at line 1436
[][][]
 []


Overfull \hbox (82.63025pt too wide) in paragraph at lines 1445--1446
[]\T1/phv/m/n/10 Odwoªuje si¦ do [], [], [], [], [],
 []


Overfull \hbox (52.29323pt too wide) in paragraph at lines 1445--1446
[]\T1/phv/m/n/10 , [], [], [] i []. 
 []

[654]
Underfull \hbox (badness 10000) detected at line 1472
[][][]
 []


Underfull \hbox (badness 10000) detected at line 1508
[][][]
 []

[655]
Underfull \hbox (badness 10000) detected at line 1542
[][][]
 []


Underfull \hbox (badness 10000) detected at line 1574
[][][]
 []

[656]
Underfull \hbox (badness 10000) detected at line 1610
[][][]
 []


Underfull \hbox (badness 10000) detected at line 1642
[][][]
 []

[657]
Underfull \hbox (badness 10000) detected at line 1672
[][][]
 []


Underfull \hbox (badness 10000) detected at line 1702
[][][]
 []

[658]
Underfull \hbox (badness 10000) detected at line 1732
[][][]
 []


Underfull \hbox (badness 10000) detected at line 1762
[][][]
 []

[659]
Underfull \hbox (badness 10000) detected at line 1802
[][][]
 []


Underfull \hbox (badness 10000) in paragraph at lines 1811--1812
[]\T1/phv/m/n/10 , [], [], [],
 []


Underfull \hbox (badness 981) in paragraph at lines 1815--1816
[]\T1/phv/m/n/10 Odwoªania w [], [], [],
 []


Overfull \hbox (60.81546pt too wide) in paragraph at lines 1815--1816
[]\T1/phv/m/n/10 , [], [], []
 []

) (./st33ktpm2x_8c_source.tex [660] [661] [662] [663] [664] [665] [666] [667] [
668] [669] [670] [671] [672] [673] [674] [675] [676]) (./st33ktpm2x_8h.tex
Underfull \hbox (badness 10000) in paragraph at lines 8--11

 []

[677]
Overfull \hbox (22.19652pt too wide) in paragraph at lines 74--87
[] \T1/phv/m/n/10 , [] , [] , []
 []

[678]
Underfull \hbox (badness 2111) in paragraph at lines 111--112
[][] [] \T1/phv/m/n/10 ([] $\OMS/cmsy/m/n/10 ^^C$\T1/phv/m/n/10 ctx, const uint
8[]_[]t $\OMS/cmsy/m/n/10 ^^C$\T1/phv/m/n/10 command, uint16[]_[]
 []


Underfull \hbox (badness 824) in paragraph at lines 129--130
[][] [] \T1/phv/m/n/10 ([] $\OMS/cmsy/m/n/10 ^^C$\T1/phv/m/n/10 ctx, uint32[]_[
]t session[]_[]
 []


Underfull \hbox (badness 2635) in paragraph at lines 131--132
[][] [] \T1/phv/m/n/10 ([] $\OMS/cmsy/m/n/10 ^^C$\T1/phv/m/n/10 ctx, uint32[]_[
]t session[]_[]handle, const
 []


Underfull \hbox (badness 5036) in paragraph at lines 139--140
[][] [] \T1/phv/m/n/10 ([] $\OMS/cmsy/m/n/10 ^^C$\T1/phv/m/n/10 ctx, uint32[]_[
]t nv[]_[]index,
 []

[679] [680] [681]
Underfull \hbox (badness 10000) detected at line 488
[][][]
 []


Underfull \hbox (badness 10000) in paragraph at lines 497--498
[]\T1/phv/m/n/10 Odwoªuje si¦ do [], [], [],
 []


Underfull \hbox (badness 4096) in paragraph at lines 497--498
[]\T1/phv/m/n/10 , [], [], [] i
 []

[682]
Overfull \hbox (36.15532pt too wide) in paragraph at lines 522--523
[]\T1/phv/m/n/10 Odwoªuje si¦ do [], [], [],
 []


Overfull \hbox (36.37991pt too wide) in paragraph at lines 522--523
[]\T1/phv/m/n/10 , [], [], [],
 []


Overfull \hbox (62.35338pt too wide) in paragraph at lines 522--523
[]\T1/phv/m/n/10 , [], [], [],
 []


Overfull \hbox (77.96846pt too wide) in paragraph at lines 522--523
[]\T1/phv/m/n/10 , [], [], []
 []


Underfull \hbox (badness 10000) detected at line 539
[][][]
 []


Overfull \hbox (16.87843pt too wide) in paragraph at lines 548--549
[]\T1/phv/m/n/10 Odwoªuje si¦ do [], [], [] i []. 
 []

[683]
Underfull \hbox (badness 10000) detected at line 565
[][][]
 []


Overfull \hbox (34.17526pt too wide) in paragraph at lines 574--575
[]\T1/phv/m/n/10 Odwoªuje si¦ do [], [], [], [],
 []


Overfull \hbox (39.1792pt too wide) in paragraph at lines 574--575
[]\T1/phv/m/n/10 , [], [], [],
 []


Underfull \hbox (badness 10000) detected at line 593
[][][]
 []


Underfull \hbox (badness 10000) detected at line 621
[][][]
 []


Overfull \hbox (31.97021pt too wide) in paragraph at lines 630--631
[]\T1/phv/m/n/10 Odwoªuje si¦ do [], [], [], [],
 []

[684]
Underfull \hbox (badness 10000) detected at line 653
[][][]
 []


Underfull \hbox (badness 10000) detected at line 683
[][][]
 []


Overfull \hbox (40.61945pt too wide) in paragraph at lines 692--693
[]\T1/phv/m/n/10 Odwoªuje si¦ do [], [], [], [], [],
 []


Underfull \hbox (badness 10000) detected at line 709
[][][]
 []

[685]
Underfull \hbox (badness 10000) detected at line 739
[][][]
 []


Overfull \hbox (76.17754pt too wide) in paragraph at lines 748--749
[]\T1/phv/m/n/10 Odwoªuje si¦ do [], [], [], [],
 []


Overfull \hbox (30.62074pt too wide) in paragraph at lines 748--749
[]\T1/phv/m/n/10 , [], [], [], [], [],
 []


Underfull \hbox (badness 10000) detected at line 773
[][][]
 []

[686]
Underfull \hbox (badness 10000) detected at line 815
[][][]
 []


Underfull \hbox (badness 10000) detected at line 851
[][][]
 []


Overfull \hbox (58.03418pt too wide) in paragraph at lines 860--861
[]\T1/phv/m/n/10 Odwoªuje si¦ do [], [], [], [], [],
 []

[687]
Underfull \hbox (badness 10000) detected at line 885
[][][]
 []


Underfull \hbox (badness 10000) detected at line 923
[][][]
 []


Overfull \hbox (82.63025pt too wide) in paragraph at lines 932--933
[]\T1/phv/m/n/10 Odwoªuje si¦ do [], [], [], [], [],
 []


Overfull \hbox (52.29323pt too wide) in paragraph at lines 932--933
[]\T1/phv/m/n/10 , [], [], [] i []. 
 []

[688]
Underfull \hbox (badness 10000) detected at line 959
[][][]
 []


Underfull \hbox (badness 10000) detected at line 995
[][][]
 []

[689]
Underfull \hbox (badness 10000) detected at line 1029
[][][]
 []


Underfull \hbox (badness 10000) detected at line 1061
[][][]
 []

[690]
Underfull \hbox (badness 10000) detected at line 1097
[][][]
 []


Underfull \hbox (badness 10000) detected at line 1129
[][][]
 []

[691]
Underfull \hbox (badness 10000) detected at line 1159
[][][]
 []


Underfull \hbox (badness 10000) detected at line 1189
[][][]
 []

[692]
Underfull \hbox (badness 10000) detected at line 1219
[][][]
 []


Underfull \hbox (badness 10000) detected at line 1249
[][][]
 []

[693]
Underfull \hbox (badness 10000) detected at line 1289
[][][]
 []


Underfull \hbox (badness 10000) in paragraph at lines 1298--1299
[]\T1/phv/m/n/10 , [], [], [],
 []


Underfull \hbox (badness 981) in paragraph at lines 1302--1303
[]\T1/phv/m/n/10 Odwoªania w [], [], [],
 []


Overfull \hbox (60.81546pt too wide) in paragraph at lines 1302--1303
[]\T1/phv/m/n/10 , [], [], []
 []

) (./st33ktpm2x_8h_source.tex [694] [695]) (./tof__main_8c_source.tex [696]) (.
/tof__main_8h.tex
Underfull \hbox (badness 10000) in paragraph at lines 8--9

 []

[697]
Underfull \hbox (badness 10000) detected at line 58
[][][]
 []

) (./tof__main_8h_source.tex) (./vl53l3cx__lib_8c_source.tex [698] [699] [700])
(./vl53l3cx__lib_8h.tex
Underfull \hbox (badness 10000) in paragraph at lines 8--10

 []

[701]
Underfull \hbox (badness 10000) detected at line 43
[][][]
 []


Underfull \hbox (badness 10000) detected at line 46
[][][]
 []


Underfull \hbox (badness 10000) detected at line 71
[][][]
 []

) (./vl53l3cx__lib_8h_source.tex) [702] (./refman.ind
LaTeX Font Info:    Font shape `T1/phv/m/n' will be
(Font)              scaled to size 22.39185pt on input line 1.
[703



] [704]
Underfull \hbox (badness 10000) in paragraph at lines 312--314
[]\T1/phv/m/n/10 Core/App/i2c_mem_store_lib/i2c_mem_store.c, [][]169[][],
 []


Underfull \hbox (badness 10000) in paragraph at lines 314--316
[]\T1/phv/m/n/10 Core/App/i2c_mem_store_lib/i2c_mem_store.h, [][]190[][],
 []


Underfull \hbox (badness 10000) in paragraph at lines 335--337
[]\T1/phv/m/n/10 Core/App/radio_lib/common/sx1276/radio_sx1276.c,
 []


Underfull \hbox (badness 10000) in paragraph at lines 337--339
[]\T1/phv/m/n/10 Core/App/radio_lib/common/sx1276/radio_sx1276.h,
 []


Underfull \hbox (badness 10000) in paragraph at lines 341--343
[]\T1/phv/m/n/10 Core/App/radio_lib/modulations/fsk/radio_fsk.c, [][]388[][],
 []


Underfull \hbox (badness 10000) in paragraph at lines 343--345
[]\T1/phv/m/n/10 Core/App/radio_lib/modulations/fsk/radio_fsk.h, [][]407[][],
 []


Underfull \hbox (badness 10000) in paragraph at lines 345--347
[]\T1/phv/m/n/10 Core/App/radio_lib/modulations/lora/radio_lora.c, [][]412[][],

 []

[705]
Underfull \hbox (badness 10000) in paragraph at lines 347--349
[]\T1/phv/m/n/10 Core/App/radio_lib/modulations/lora/radio_lora.h, [][]432[][],

 []


Underfull \hbox (badness 10000) in paragraph at lines 349--351
[]\T1/phv/m/n/10 Core/App/radio_lib/modulations/ook/radio_ook.c, [][]439[][],
 []


Underfull \hbox (badness 10000) in paragraph at lines 351--353
[]\T1/phv/m/n/10 Core/App/radio_lib/modulations/ook/radio_ook.h, [][]457[][],
 []


Underfull \hbox (badness 1603) in paragraph at lines 461--463
[]\T1/phv/m/n/10 Dokumentacja ka-ta-logu Core/App/i2c_mem_store_lib,
 []

[706] [707]
Underfull \hbox (badness 10000) in paragraph at lines 608--609
[]| \T1/phv/m/n/10 I2C_MEM_STORE_SECRET_HEADER_SIZE,
 []


Overfull \hbox (24.91226pt too wide) in paragraph at lines 640--642
[]| \T1/phv/m/n/10 I2C_MEM_STORE_SECRET_AREA_BYTES_DEFAULT,
 []


Underfull \hbox (badness 10000) in paragraph at lines 643--644
[]| \T1/phv/m/n/10 I2C_MEM_STORE_SECRET_PAYLOAD_MAX,
 []


Underfull \hbox (badness 10000) in paragraph at lines 648--649
[]| \T1/phv/m/n/10 I2C_MEM_STORE_TOTAL_BYTES_DEFAULT,
 []

[708] [709] [710] [711] [712] [713] [714]
Overfull \hbox (21.51004pt too wide) in paragraph at lines 1428--1430
[]| \T1/phv/m/n/10 LED_ARRAY_LIB_OWNS_HAL_SYSTICK_CALLBACK,
 []

[715] [716] [717] [718] [719] [720]
Underfull \hbox (badness 10000) in paragraph at lines 2234--2235
[]| \T1/phv/m/n/10 RA-DIO_DEFAULT_RX_TIMEOUT_SYMBOLS,
 []

[721] [722]
Overfull \hbox (31.06808pt too wide) in paragraph at lines 2361--2363
[]| \T1/phv/m/n/10 RA-DIO_MAIN_ADDRESS_FILTER_NODE_BROADCAST,
 []


Underfull \hbox (badness 10000) in paragraph at lines 2427--2428
[]| \T1/phv/m/n/10 RA-DIO_MAIN_OOK_THRESHOLD_AVERAGE,
 []


Underfull \hbox (badness 10000) in paragraph at lines 2450--2451
[]| \T1/phv/m/n/10 RA-DIO_MAIN_OPTION_LORA_HEADER_MODE,
 []


Underfull \hbox (badness 10000) in paragraph at lines 2457--2458
[]| \T1/phv/m/n/10 RA-DIO_MAIN_OPTION_LORA_SYNC_WORD,
 []


Underfull \hbox (badness 10000) in paragraph at lines 2466--2467
[]| \T1/phv/m/n/10 RA-DIO_MAIN_OPTION_OOK_SYNC_WORD,
 []

[723] [724] [725] [726] [727] [728]
Underfull \hbox (badness 10000) in paragraph at lines 3105--3106
[]| \T1/phv/m/n/10 SX1276_DIO0_MAP_FSK_PAYLOAD_READY,
 []


Underfull \hbox (badness 10000) in paragraph at lines 3145--3146
[]| \T1/phv/m/n/10 SX1276_OPMODE_ACCESS_SHARED_REG,
 []


Underfull \hbox (badness 10000) in paragraph at lines 3161--3162
[]| \T1/phv/m/n/10 SX1276_PACKET_ADDR_FILTER_NODE_BC,
 []


Underfull \hbox (badness 10000) in paragraph at lines 3165--3166
[]| \T1/phv/m/n/10 SX1276_PACKET_CRC_WHITENING_CCITT,
 []


Underfull \hbox (badness 10000) in paragraph at lines 3167--3168
[]| \T1/phv/m/n/10 SX1276_PACKET_DATA_MODE_CONTINUOUS,
 []

[729]
Overfull \hbox (16.59625pt too wide) in paragraph at lines 3232--3234
[]| \T1/phv/m/n/10 SX1276_RXCONFIG_RESTART_RX_NO_PLL_LOCK,
 []

[730] [731]
Underfull \hbox (badness 10000) in paragraph at lines 3450--3452
[]| \T1/phv/m/n/10 SE-CU-RITY_FRAME_KEY_MODE_PAIR_V1_32,
 []

[732] [733] [734]
Underfull \hbox (badness 10000) in paragraph at lines 3833--3834
[]| \T1/phv/m/n/10 ST33KTPM2X_TPM2_CAP_TPM_PROPERTIES,
 []


Underfull \hbox (badness 10000) in paragraph at lines 3834--3835
[]| \T1/phv/m/n/10 ST33KTPM2X_TPM2_CC_GET_CAPABILITY,
 []


Underfull \hbox (badness 10000) in paragraph at lines 3836--3837
[]| \T1/phv/m/n/10 ST33KTPM2X_TPM2_CC_NV_DEFINE_SPACE,
 []

[735] [736] [737] [738] [739] [740] [741]) (./refman.aux)
 ***********
LaTeX2e <2025-11-01>
L3 programming layer <2026-01-19>
 ***********

LaTeX Warning: There were undefined references.


LaTeX Warning: There were multiply-defined labels.

Package rerunfilecheck Info: File `refman.out' has not changed.
(rerunfilecheck)             Checksum: 2008C23A1FA4E0A8C1840332F730987E;455353.

 ) 
Here is how much of TeX's memory you used:
 59503 strings out of 469479
 1484488 string characters out of 5469197
 1577365 words of memory out of 5000000
 55605 multiletter control sequences out of 15000+600000
 690714 words of font info for 131 fonts, out of 8000000 for 9000
 34 hyphenation exceptions out of 8191
 103i,16n,124p,3802b,2786s stack positions out of 10000i,1000n,20000p,200000b,200000s

pdfTeX warning (dest): name{dir_ff1fa36fb9327334b2ef16a9b795a190} has been refe
renced but does not exist, replaced by a fixed one


pdfTeX warning (dest): name{dir_3d59f1528f7adce26fd2042b99b24c88} has been refe
renced but does not exist, replaced by a fixed one


pdfTeX warning (dest): name{dir_bb94bc5970b81fcb423ad55b2c6abf7d} has been refe
renced but does not exist, replaced by a fixed one


pdfTeX warning (dest): name{dir_2e0d07f9845ca8507e3ef751a0d667ca} has been refe
renced but does not exist, replaced by a fixed one

</usr/share/texlive/texmf-dist/fonts/type1/public/amsfonts/cm/cmmi10.pfb></usr/
share/texlive/texmf-dist/fonts/type1/public/amsfonts/cm/cmmi7.pfb></usr/share/t
exlive/texmf-dist/fonts/type1/public/amsfonts/cm/cmmi8.pfb></usr/share/texlive/
texmf-dist/fonts/type1/public/amsfonts/cm/cmsy10.pfb></usr/share/texlive/texmf-
dist/fonts/type1/public/amsfonts/cm/cmsy7.pfb></usr/share/texlive/texmf-dist/fo
nts/type1/public/amsfonts/cm/cmsy8.pfb></usr/share/texlive/texmf-dist/fonts/typ
e1/public/amsfonts/cm/cmsy9.pfb></usr/share/texlive/texmf-dist/fonts/type1/urw/
courier/ucrb8a.pfb></usr/share/texlive/texmf-dist/fonts/type1/urw/courier/ucrr8
a.pfb></usr/share/texlive/texmf-dist/fonts/type1/urw/courier/ucrro8a.pfb></usr/
share/texlive/texmf-dist/fonts/type1/urw/helvetic/uhvb8a.pfb></usr/share/texliv
e/texmf-dist/fonts/type1/urw/helvetic/uhvb8ac.pfb></usr/share/texlive/texmf-dis
t/fonts/type1/urw/helvetic/uhvr8a.pfb></usr/share/texlive/texmf-dist/fonts/type
1/urw/helvetic/uhvro8a.pfb>
Output written on refman.pdf (791 pages, 3202739 bytes).
PDF statistics:
 70148 PDF objects out of 79402 (max. 8388607)
 68520 compressed objects within 686 object streams
 31863 named destinations out of 31911 (max. 500000)
 15505 words of extra memory for PDF output out of 17280 (max. 10000000)

