\BOOKMARK [0][-]{chapter.1}{\376\377\0001\000\040\000B\000E\000K\000O\000\040\000P\000a\000g\000e\000r\000\040\000F\000i\000r\000m\000w\000a\000r\000e\000\040}{}% 1
\BOOKMARK [1][-]{section.1.1}{\376\377\0001\000.\0001\000\040\000W\000p\000r\000o\000w\000a\000d\000z\000e\000n\000i\000e}{chapter.1}% 2
\BOOKMARK [1][-]{section.1.2}{\376\377\0001\000.\0002\000\040\000P\000u\000n\000k\000t\000y\000\040\000s\000t\000a\000r\000t\000o\000w\000e}{chapter.1}% 3
\BOOKMARK [1][-]{section.1.3}{\376\377\0001\000.\0003\000\040\000S\000t\000r\000o\000n\000y\000\040\000o\000p\000i\000s\000o\000w\000e}{chapter.1}% 4
\BOOKMARK [1][-]{section.1.4}{\376\377\0001\000.\0004\000\040\000G\000e\000n\000e\000r\000o\000w\000a\000n\000i\000e\000\040\000d\000o\000k\000u\000m\000e\000n\000t\000a\000c\000j\000i}{chapter.1}% 5
\BOOKMARK [1][-]{section.1.5}{\376\377\0001\000.\0005\000\040\000G\000e\000n\000e\000r\000o\000w\000a\000n\000i\000e\000\040\000d\000o\000k\000u\000m\000e\000n\000t\000a\000c\000j\000i\000\040}{chapter.1}% 6
\BOOKMARK [2][-]{subsection.1.5.1}{\376\377\0001\000.\0005\000.\0001\000\040\000W\000y\000m\000a\000g\000a\000n\000i\000a}{section.1.5}% 7
\BOOKMARK [2][-]{subsection.1.5.2}{\376\377\0001\000.\0005\000.\0002\000\040\000K\000o\000m\000e\000n\000d\000a}{section.1.5}% 8
\BOOKMARK [2][-]{subsection.1.5.3}{\376\377\0001\000.\0005\000.\0003\000\040\000Z\000a\000k\000r\000e\000s\000\040\000w\000e\000j\000s\000c\000i\000a}{section.1.5}% 9
\BOOKMARK [2][-]{subsection.1.5.4}{\376\377\0001\000.\0005\000.\0004\000\040\000P\000o\000l\000i\000t\000y\000k\000a\000\040\000p\000l\000i\000k\000o\000w\000\040\000w\000y\000n\000i\000k\000o\000w\000y\000c\000h}{section.1.5}% 10
\BOOKMARK [1][-]{section.1.6}{\376\377\0001\000.\0006\000\040\000A\000r\000c\000h\000i\000t\000e\000k\000t\000u\000r\000a\000\040\000f\000i\000r\000m\000w\000a\000r\000e\000\040}{chapter.1}% 11
\BOOKMARK [2][-]{subsection.1.6.1}{\376\377\0001\000.\0006\000.\0001\000\040\000W\000a\000r\000s\000t\000w\000y}{section.1.6}% 12
\BOOKMARK [2][-]{subsection.1.6.2}{\376\377\0001\000.\0006\000.\0002\000\040\000Z\000a\000d\000a\000n\000i\000a\000\040\000R\000T\000O\000S}{section.1.6}% 13
\BOOKMARK [2][-]{subsection.1.6.3}{\376\377\0001\000.\0006\000.\0003\000\040\000W\000s\000p\000o\000l\000n\000a\000\040\000m\000a\000g\000i\000s\000t\000r\000a\000l\000a\000\040\000I\0002\000C}{section.1.6}% 14
\BOOKMARK [2][-]{subsection.1.6.4}{\376\377\0001\000.\0006\000.\0004\000\040\000R\000u\000n\000t\000i\000m\000e\000\040\000c\000o\000n\000f\000i\000g\000u\000r\000a\000t\000i\000o\000n}{section.1.6}% 15
\BOOKMARK [1][-]{section.1.7}{\376\377\0001\000.\0007\000\040\000M\000a\000p\000a\000\040\000m\000o\000d\000u\000l\000o\000w\000\040}{chapter.1}% 16
\BOOKMARK [2][-]{subsection.1.7.1}{\376\377\0001\000.\0007\000.\0001\000\040\000C\000o\000r\000e\000\040\000a\000p\000p\000l\000i\000c\000a\000t\000i\000o\000n}{section.1.7}% 17
\BOOKMARK [2][-]{subsection.1.7.2}{\376\377\0001\000.\0007\000.\0002\000\040\000R\000a\000d\000i\000o}{section.1.7}% 18
\BOOKMARK [2][-]{subsection.1.7.3}{\376\377\0001\000.\0007\000.\0003\000\040\000P\000r\000o\000t\000o\000c\000o\000l\000\040\000a\000n\000d\000\040\000c\000r\000y\000p\000t\000o}{section.1.7}% 19
\BOOKMARK [2][-]{subsection.1.7.4}{\376\377\0001\000.\0007\000.\0004\000\040\000S\000e\000c\000u\000r\000i\000t\000y\000\040\000a\000n\000d\000\040\000s\000t\000o\000r\000a\000g\000e}{section.1.7}% 20
\BOOKMARK [2][-]{subsection.1.7.5}{\376\377\0001\000.\0007\000.\0005\000\040\000U\000s\000e\000r\000\040\000i\000n\000t\000e\000r\000f\000a\000c\000e}{section.1.7}% 21
\BOOKMARK [2][-]{subsection.1.7.6}{\376\377\0001\000.\0007\000.\0006\000\040\000S\000e\000n\000s\000o\000r\000s}{section.1.7}% 22
\BOOKMARK [1][-]{section.1.8}{\376\377\0001\000.\0008\000\040\000B\000e\000z\000p\000i\000e\000c\000z\000e\000n\000s\000t\000w\000o\000\040}{chapter.1}% 23
\BOOKMARK [2][-]{subsection.1.8.1}{\376\377\0001\000.\0008\000.\0001\000\040\000L\000A\000V\000I\000E\000T\000\137\000F\000R\000A\000M\000E\000\137\000V\0001}{section.1.8}% 24
\BOOKMARK [2][-]{subsection.1.8.2}{\376\377\0001\000.\0008\000.\0002\000\040\000K\000r\000y\000p\000t\000o\000g\000r\000a\000f\000i\000a}{section.1.8}% 25
\BOOKMARK [2][-]{subsection.1.8.3}{\376\377\0001\000.\0008\000.\0003\000\040\000T\000P\000M}{section.1.8}% 26
\BOOKMARK [2][-]{subsection.1.8.4}{\376\377\0001\000.\0008\000.\0004\000\040\000S\000t\000o\000r\000a\000g\000e}{section.1.8}% 27
\BOOKMARK [0][-]{chapter.2}{\376\377\0002\000\040\000B\000E\000K\000O\000\040\000P\000a\000g\000e\000r\000\040\000N\000e\000t\000w\000o\000r\000k\000\040\000\050\000p\000a\000g\000e\000r\000-\000r\000t\000o\000s\000\051\000\040}{}% 28
\BOOKMARK [1][-]{section.2.1}{\376\377\0002\000.\0001\000\040\0001\000.\000\040\000O\000p\000i\000s\000\040\000s\000y\000s\000t\000e\000m\000u}{chapter.2}% 29
\BOOKMARK [1][-]{section.2.2}{\376\377\0002\000.\0002\000\040\0002\000.\000\040\000A\000d\000r\000e\000s\000a\000c\000j\000a}{chapter.2}% 30
\BOOKMARK [1][-]{section.2.3}{\376\377\0002\000.\0003\000\040\0003\000.\000\040\000R\000o\000l\000e\000\040\000u\001\174\000y\000t\000k\000o\000w\000n\000i\000k\000\363\000w}{chapter.2}% 31
\BOOKMARK [2][-]{subsection.2.3.1}{\376\377\0002\000.\0003\000.\0001\000\040\000A\000d\000m\000i\000n\000i\000s\000t\000r\000a\000t\000o\000r}{section.2.3}% 32
\BOOKMARK [2][-]{subsection.2.3.2}{\376\377\0002\000.\0003\000.\0002\000\040\000O\000p\000e\000r\000a\000t\000o\000r}{section.2.3}% 33
\BOOKMARK [2][-]{subsection.2.3.3}{\376\377\0002\000.\0003\000.\0003\000\040\000U\001\174\000y\000t\000k\000o\000w\000n\000i\000k}{section.2.3}% 34
\BOOKMARK [2][-]{subsection.2.3.4}{\376\377\0002\000.\0003\000.\0004\000\040\000S\000e\000r\000w\000i\000s\000a\000n\000t}{section.2.3}% 35
\BOOKMARK [1][-]{section.2.4}{\376\377\0002\000.\0004\000\040\0004\000.\000\040\000O\000c\000h\000r\000o\000n\000a\000\040\000u\000s\000t\000a\000w\000i\000e\001\104\000\040\000l\000o\000k\000a\000l\000n\000y\000c\000h}{chapter.2}% 36
\BOOKMARK [1][-]{section.2.5}{\376\377\0002\000.\0005\000\040\0005\000.\000\040\000R\000a\000m\000k\000a\000\040\000L\000A\000V\000I\000E\000T\000\137\000F\000R\000A\000M\000E\000\137\000V\0001}{chapter.2}% 37
\BOOKMARK [2][-]{subsection.2.5.1}{\376\377\0002\000.\0005\000.\0001\000\040\000S\000t\000r\000u\000k\000t\000u\000r\000a\000\040\000r\000a\000m\000k\000i}{section.2.5}% 38
\BOOKMARK [2][-]{subsection.2.5.2}{\376\377\0002\000.\0005\000.\0002\000\040\000R\000o\000z\000m\000i\000a\000r\000\040\000r\000a\000m\000k\000i}{section.2.5}% 39
\BOOKMARK [1][-]{section.2.6}{\376\377\0002\000.\0006\000\040\0006\000.\000\040\000Z\000n\000a\000c\000z\000e\000n\000i\000e\000\040\000p\000\363\000l\000\040\000v\000e\000r\000\137\000t\000y\000p\000e\000\040\000i\000\040\000f\000l\000a\000g\000s}{chapter.2}% 40
\BOOKMARK [2][-]{subsection.2.6.1}{\376\377\0002\000.\0006\000.\0001\000\040\000v\000e\000r\000\137\000t\000y\000p\000e}{section.2.6}% 41
\BOOKMARK [2][-]{subsection.2.6.2}{\376\377\0002\000.\0006\000.\0002\000\040\000f\000l\000a\000g\000s}{section.2.6}% 42
\BOOKMARK [1][-]{section.2.7}{\376\377\0002\000.\0007\000\040\0007\000.\000\040\000Z\000a\000b\000e\000z\000p\000i\000e\000c\000z\000e\000n\000i\000a}{chapter.2}% 43
\BOOKMARK [2][-]{subsection.2.7.1}{\376\377\0002\000.\0007\000.\0001\000\040\000H\000M\000A\000C\000-\000S\000H\000A\0002\0005\0006}{section.2.7}% 44
\BOOKMARK [2][-]{subsection.2.7.2}{\376\377\0002\000.\0007\000.\0002\000\040\000S\000z\000y\000f\000r\000o\000w\000a\000n\000i\000e\000\040\000w\000i\000a\000d\000o\000m\000o\001\133\000c\000i}{section.2.7}% 45
\BOOKMARK [1][-]{section.2.8}{\376\377\0002\000.\0008\000\040\0008\000.\000\040\000T\000P\000M\000\040\000i\000\040\000k\000l\000u\000c\000z\000e}{chapter.2}% 46
\BOOKMARK [1][-]{section.2.9}{\376\377\0002\000.\0009\000\040\0009\000.\000\040\000A\000n\000t\000i\000-\000r\000e\000p\000l\000a\000y\000\040\000i\000\040\000s\000y\000n\000c\000h\000r\000o\000n\000i\000z\000a\000c\000j\000a\000\040\000l\000i\000c\000z\000n\000i\000k\000a}{chapter.2}% 47
\BOOKMARK [1][-]{section.2.10}{\376\377\0002\000.\0001\0000\000\040\0001\0000\000.\000\040\000P\000a\000r\000o\000w\000a\000n\000i\000e\000\040\000i\000\040\000r\000o\000t\000a\000c\000j\000a\000\040\000k\000l\000u\000c\000z\000y}{chapter.2}% 48
\BOOKMARK [2][-]{subsection.2.10.1}{\376\377\0002\000.\0001\0000\000.\0001\000\040\000P\000a\000r\000o\000w\000a\000n\000i\000e}{section.2.10}% 49
\BOOKMARK [2][-]{subsection.2.10.2}{\376\377\0002\000.\0001\0000\000.\0002\000\040\000R\000o\000t\000a\000c\000j\000a\000\040\000k\000l\000u\000c\000z\000y}{section.2.10}% 50
\BOOKMARK [1][-]{section.2.11}{\376\377\0002\000.\0001\0001\000\040\0001\0001\000.\000\040\000L\000o\000g\000i\000\040\000U\000A\000R\000T\000\040\000i\000\040\000k\000o\000n\000t\000r\000o\000l\000a\000\040\000s\000t\000a\000r\000t\000u}{chapter.2}% 51
\BOOKMARK [1][-]{section.2.12}{\376\377\0002\000.\0001\0002\000\040\0001\0002\000.\000\040\000G\001\102\000\363\000w\000n\000y\000\040\000g\000r\000a\000f\000\040\000s\000y\000s\000t\000e\000m\000u}{chapter.2}% 52
\BOOKMARK [1][-]{section.2.13}{\376\377\0002\000.\0001\0003\000\040\0001\0003\000.\000\040\000G\001\102\000\363\000w\000n\000e\000\040\000p\000r\000z\000e\000p\001\102\000y\000w\000y\000\040\000k\000o\000m\000u\000n\000i\000k\000a\000c\000j\000i}{chapter.2}% 53
\BOOKMARK [2][-]{subsection.2.13.1}{\376\377\0002\000.\0001\0003\000.\0001\000\040\000Z\000w\000y\000k\001\102\000a\000\040\000w\000i\000a\000d\000o\000m\000o\001\133\001\007\000\040\000z\000\040\000A\000C\000K}{section.2.13}% 54
\BOOKMARK [2][-]{subsection.2.13.2}{\376\377\0002\000.\0001\0003\000.\0002\000\040\000P\000a\000r\000o\000w\000a\000n\000i\000e}{section.2.13}% 55
\BOOKMARK [2][-]{subsection.2.13.3}{\376\377\0002\000.\0001\0003\000.\0003\000\040\000S\000y\000n\000c\000h\000r\000o\000n\000i\000z\000a\000c\000j\000a\000\040\000l\000i\000c\000z\000n\000i\000k\000a}{section.2.13}% 56
\BOOKMARK [2][-]{subsection.2.13.4}{\376\377\0002\000.\0001\0003\000.\0004\000\040\000R\000o\000t\000a\000c\000j\000a\000\040\000k\000l\000u\000c\000z\000y}{section.2.13}% 57
\BOOKMARK [1][-]{section.2.14}{\376\377\0002\000.\0001\0004\000\040\0001\0004\000.\000\040\000D\000o\000k\000u\000m\000e\000n\000t\000a\000c\000j\000a\000\040\000D\000o\000x\000y\000g\000e\000n}{chapter.2}% 58
\BOOKMARK [0][-]{chapter.3}{\376\377\0003\000\040\000B\000E\000K\000O\000\040\000S\000e\000c\000u\000r\000i\000t\000y\000\040\000A\000r\000c\000h\000i\000t\000e\000c\000t\000u\000r\000e\000\040}{}% 59
\BOOKMARK [1][-]{section.3.1}{\376\377\0003\000.\0001\000\040\0001\000.\000\040\000S\000k\000r\000\363\000t}{chapter.3}% 60
\BOOKMARK [1][-]{section.3.2}{\376\377\0003\000.\0002\000\040\0002\000.\000\040\000C\000e\000l\000e\000\040\000b\000e\000z\000p\000i\000e\000c\000z\000e\001\104\000s\000t\000w\000a}{chapter.3}% 61
\BOOKMARK [1][-]{section.3.3}{\376\377\0003\000.\0003\000\040\0003\000.\000\040\000M\000o\000d\000e\000l\000\040\000a\000t\000a\000k\000u\000j\001\005\000c\000e\000g\000o}{chapter.3}% 62
\BOOKMARK [1][-]{section.3.4}{\376\377\0003\000.\0004\000\040\0004\000.\000\040\000G\000r\000a\000n\000i\000c\000e\000\040\000b\000e\000z\000p\000i\000e\000c\000z\000e\001\104\000s\000t\000w\000a}{chapter.3}% 63
\BOOKMARK [1][-]{section.3.5}{\376\377\0003\000.\0005\000\040\0005\000.\000\040\000K\000o\000m\000p\000o\000n\000e\000n\000t\000y\000\040\000i\000m\000p\000l\000e\000m\000e\000n\000t\000a\000c\000j\000i}{chapter.3}% 64
\BOOKMARK [1][-]{section.3.6}{\376\377\0003\000.\0006\000\040\0006\000.\000\040\000T\000P\000M\000\040\000j\000a\000k\000o\000\040\000r\000o\000o\000t\000-\000o\000f\000-\000t\000r\000u\000s\000t}{chapter.3}% 65
\BOOKMARK [2][-]{subsection.3.6.1}{\376\377\0003\000.\0006\000.\0001\000\040\0006\000.\0001\000.\000\040\000D\000l\000a\000c\000z\000e\000g\000o\000\040\000T\000P\000M\000\040\000j\000e\000s\000t\000\040\000b\000e\000z\000p\000i\000e\000c\000z\000n\000i\000e\000j\000s\000z\000y\000\040\000n\000i\001\174\000\040\000E\000E\000P\000R\000O\000M}{section.3.6}% 66
\BOOKMARK [1][-]{section.3.7}{\376\377\0003\000.\0007\000\040\0007\000.\000\040\000T\000P\000M\000\040\000i\000n\000i\000t}{chapter.3}% 67
\BOOKMARK [2][-]{subsection.3.7.1}{\376\377\0003\000.\0007\000.\0001\000\040\0007\000.\0001\000.\000\040\000V\000e\000r\000b\000o\000s\000e\000\040\000l\000o\000g\000i\000\040\000T\000P\000M}{section.3.7}% 68
\BOOKMARK [1][-]{section.3.8}{\376\377\0003\000.\0008\000\040\0008\000.\000\040\000R\000o\000o\000t\000\040\000s\000e\000e\000d}{chapter.3}% 69
\BOOKMARK [2][-]{subsection.3.8.1}{\376\377\0003\000.\0008\000.\0001\000\040\0008\000.\0001\000.\000\040\000D\000l\000a\000c\000z\000e\000g\000o\000\040\000s\000e\000e\000d\000\040\000n\000i\000e\000\040\000j\000e\000s\000t\000\040\000w\000\040\000f\000i\000r\000m\000w\000a\000r\000e}{section.3.8}% 70
\BOOKMARK [2][-]{subsection.3.8.2}{\376\377\0003\000.\0008\000.\0002\000\040\0008\000.\0002\000.\000\040\000L\000i\000f\000e\000c\000y\000c\000l\000e\000\040\000r\000o\000o\000t\000\040\000s\000e\000e\000d\000a}{section.3.8}% 71
\BOOKMARK [2][-]{subsection.3.8.3}{\376\377\0003\000.\0008\000.\0003\000\040\0008\000.\0003\000.\000\040\000P\000h\000y\000s\000i\000c\000a\000l\000\040\000P\000r\000e\000s\000e\000n\000c\000e}{section.3.8}% 72
\BOOKMARK [2][-]{subsection.3.8.4}{\376\377\0003\000.\0008\000.\0004\000\040\0008\000.\0004\000.\000\040\000O\000g\000r\000a\000n\000i\000c\000z\000e\000n\000i\000e\000:\000\040\000s\000e\000e\000d\000\040\000m\000a\000\040\0008\000\040\000b\000a\000j\000t\000\363\000w}{section.3.8}% 73
\BOOKMARK [1][-]{section.3.9}{\376\377\0003\000.\0009\000\040\0009\000.\000\040\000E\000n\000t\000r\000o\000p\000i\000a\000\040\000i\000\040\000g\000e\000n\000e\000r\000o\000w\000a\000n\000i\000e\000\040\000s\000e\000e\000d\000a}{chapter.3}% 74
\BOOKMARK [1][-]{section.3.10}{\376\377\0003\000.\0001\0000\000\040\0001\0000\000.\000\040\000H\000i\000e\000r\000a\000r\000c\000h\000i\000a\000\040\000k\000l\000u\000c\000z\000y}{chapter.3}% 75
\BOOKMARK [1][-]{section.3.11}{\376\377\0003\000.\0001\0001\000\040\0001\0001\000.\000\040\000K\000l\000u\000c\000z\000e\000\040\000r\000a\000m\000e\000k\000\040\000r\000a\000d\000i\000o\000w\000y\000c\000h}{chapter.3}% 76
\BOOKMARK [2][-]{subsection.3.11.1}{\376\377\0003\000.\0001\0001\000.\0001\000\040\0001\0001\000.\0001\000.\000\040\000P\000a\000i\000r\000\040\000l\000i\000n\000k\000\040\000k\000e\000y}{section.3.11}% 77
\BOOKMARK [2][-]{subsection.3.11.2}{\376\377\0003\000.\0001\0001\000.\0002\000\040\0001\0001\000.\0002\000.\000\040\000S\000h\000a\000r\000e\000d\000\040\000m\000o\000d\000e}{section.3.11}% 78
\BOOKMARK [1][-]{section.3.12}{\376\377\0003\000.\0001\0002\000\040\0001\0002\000.\000\040\000R\000a\000m\000k\000a\000\040\000L\000A\000V\000I\000E\000T\000\137\000F\000R\000A\000M\000E\000\137\000V\0001}{chapter.3}% 79
\BOOKMARK [1][-]{section.3.13}{\376\377\0003\000.\0001\0003\000\040\0001\0003\000.\000\040\000W\000a\000l\000i\000d\000a\000c\000j\000a\000\040\000r\000a\000m\000e\000k}{chapter.3}% 80
\BOOKMARK [1][-]{section.3.14}{\376\377\0003\000.\0001\0004\000\040\0001\0004\000.\000\040\000H\000M\000A\000C\000-\000S\000H\000A\0002\0005\0006}{chapter.3}% 81
\BOOKMARK [2][-]{subsection.3.14.1}{\376\377\0003\000.\0001\0004\000.\0001\000\040\0001\0004\000.\0001\000.\000\040\000K\000o\000l\000e\000j\000n\000o\001\133\001\007\000\040\000R\000X}{section.3.14}% 82
\BOOKMARK [2][-]{subsection.3.14.2}{\376\377\0003\000.\0001\0004\000.\0002\000\040\0001\0004\000.\0002\000.\000\040\000S\000t\000a\001\102\000o\000c\000z\000a\000s\000o\000w\000e\000\040\000p\000o\000r\000\363\000w\000n\000a\000n\000i\000e\000\040\000M\000A\000C}{section.3.14}% 83
\BOOKMARK [1][-]{section.3.15}{\376\377\0003\000.\0001\0005\000\040\0001\0005\000.\000\040\000A\000E\000S\000-\000C\000T\000R}{chapter.3}% 84
\BOOKMARK [2][-]{subsection.3.15.1}{\376\377\0003\000.\0001\0005\000.\0001\000\040\0001\0005\000.\0001\000.\000\040\000C\000o\000u\000n\000t\000e\000r\000\040\000b\000l\000o\000c\000k\000\040\000A\000E\000S\000-\000C\000T\000R}{section.3.15}% 85
\BOOKMARK [2][-]{subsection.3.15.2}{\376\377\0003\000.\0001\0005\000.\0002\000\040\0001\0005\000.\0002\000.\000\040\000A\000E\000S\000-\000C\000T\000R\000\040\000n\000i\000e\000\040\000j\000e\000s\000t\000\040\000a\000u\000t\000e\000n\000t\000y\000k\000a\000c\000j\001\005}{section.3.15}% 86
\BOOKMARK [1][-]{section.3.16}{\376\377\0003\000.\0001\0006\000\040\0001\0006\000.\000\040\000H\000a\000r\000d\000w\000a\000r\000e\000\040\000c\000r\000y\000p\000t\000o\000\040\000S\000T\000M\0003\0002}{chapter.3}% 87
\BOOKMARK [2][-]{subsection.3.16.1}{\376\377\0003\000.\0001\0006\000.\0001\000\040\0001\0006\000.\0001\000.\000\040\000D\000l\000a\000c\000z\000e\000g\000o\000\040\000s\000e\000l\000f\000-\000t\000e\000s\000t\000\040\000j\000e\000s\000t\000\040\000w\000a\001\174\000n\000y}{section.3.16}% 88
\BOOKMARK [2][-]{subsection.3.16.2}{\376\377\0003\000.\0001\0006\000.\0002\000\040\0001\0006\000.\0002\000.\000\040\000P\000a\000k\000o\000w\000a\000n\000i\000e\000\040\000b\000i\000g\000-\000e\000n\000d\000i\000a\000n\000\040\000d\000o\000\040\000A\000E\000S}{section.3.16}% 89
\BOOKMARK [1][-]{section.3.17}{\376\377\0003\000.\0001\0007\000\040\0001\0007\000.\000\040\000S\000o\000f\000t\000w\000a\000r\000e\000\040\000f\000a\000l\000l\000b\000a\000c\000k}{chapter.3}% 90
\BOOKMARK [1][-]{section.3.18}{\376\377\0003\000.\0001\0008\000\040\0001\0008\000.\000\040\000E\000E\000P\000R\000O\000M\000\040\000s\000e\000c\000r\000e\000t\000\040\000s\000t\000o\000r\000a\000g\000e}{chapter.3}% 91
\BOOKMARK [2][-]{subsection.3.18.1}{\376\377\0003\000.\0001\0008\000.\0001\000\040\0001\0008\000.\0001\000.\000\040\000S\000z\000y\000f\000r\000o\000w\000a\000n\000i\000e\000\040\000s\000e\000c\000r\000e\000t\000\040\000s\000l\000o\000t\000s}{section.3.18}% 92
\BOOKMARK [1][-]{section.3.19}{\376\377\0003\000.\0001\0009\000\040\0001\0009\000.\000\040\000T\000r\000u\000s\000t\000e\000d\000\040\000d\000e\000v\000i\000c\000e\000s}{chapter.3}% 93
\BOOKMARK [1][-]{section.3.20}{\376\377\0003\000.\0002\0000\000\040\0002\0000\000.\000\040\000P\000a\000i\000r\000i\000n\000g}{chapter.3}% 94
\BOOKMARK [1][-]{section.3.21}{\376\377\0003\000.\0002\0001\000\040\0002\0001\000.\000\040\000A\000C\000K}{chapter.3}% 95
\BOOKMARK [1][-]{section.3.22}{\376\377\0003\000.\0002\0002\000\040\0002\0002\000.\000\040\000C\000o\000u\000n\000t\000e\000r\000\040\000i\000\040\000a\000n\000t\000i\000-\000r\000e\000p\000l\000a\000y}{chapter.3}% 96
\BOOKMARK [1][-]{section.3.23}{\376\377\0003\000.\0002\0003\000\040\0002\0003\000.\000\040\000C\000O\000U\000N\000T\000E\000R\000\137\000S\000Y\000N\000C}{chapter.3}% 97
\BOOKMARK [1][-]{section.3.24}{\376\377\0003\000.\0002\0004\000\040\0002\0004\000.\000\040\000B\000r\000o\000a\000d\000c\000a\000s\000t}{chapter.3}% 98
\BOOKMARK [1][-]{section.3.25}{\376\377\0003\000.\0002\0005\000\040\0002\0005\000.\000\040\000L\000o\000k\000a\000l\000n\000y\000\040\000P\000I\000N\000\040\000i\000\040\000r\000o\000l\000e}{chapter.3}% 99
\BOOKMARK [1][-]{section.3.26}{\376\377\0003\000.\0002\0006\000\040\0002\0006\000.\000\040\000L\000o\000g\000i\000\040\000U\000A\000R\000T}{chapter.3}% 100
\BOOKMARK [1][-]{section.3.27}{\376\377\0003\000.\0002\0007\000\040\0002\0007\000.\000\040\000D\000l\000a\000c\000z\000e\000g\000o\000\040\000t\000a\000\040\000a\000r\000c\000h\000i\000t\000e\000k\000t\000u\000r\000a\000\040\000j\000e\000s\000t\000\040\000b\000e\000z\000p\000i\000e\000c\000z\000n\000a}{chapter.3}% 101
\BOOKMARK [2][-]{subsection.3.27.1}{\376\377\0003\000.\0002\0007\000.\0001\000\040\0002\0007\000.\0001\000.\000\040\000A\000t\000a\000k\000:\000\040\000p\000o\000d\000s\001\102\000u\000c\000h\000\040\000r\000a\000d\000i\000o\000w\000y}{section.3.27}% 102
\BOOKMARK [2][-]{subsection.3.27.2}{\376\377\0003\000.\0002\0007\000.\0002\000\040\0002\0007\000.\0002\000.\000\040\000A\000t\000a\000k\000:\000\040\000z\000m\000i\000a\000n\000a\000\040\000p\000a\000y\000l\000o\000a\000d\000u}{section.3.27}% 103
\BOOKMARK [2][-]{subsection.3.27.3}{\376\377\0003\000.\0002\0007\000.\0003\000\040\0002\0007\000.\0003\000.\000\040\000A\000t\000a\000k\000:\000\040\000z\000m\000i\000a\000n\000a\000\040\000a\000d\000r\000e\000s\000u\000\040\000d\000o\000c\000e\000l\000o\000w\000e\000g\000o}{section.3.27}% 104
\BOOKMARK [2][-]{subsection.3.27.4}{\376\377\0003\000.\0002\0007\000.\0004\000\040\0002\0007\000.\0004\000.\000\040\000A\000t\000a\000k\000:\000\040\000f\000a\001\102\000s\000z\000y\000w\000y\000\040\000A\000C\000K}{section.3.27}% 105
\BOOKMARK [2][-]{subsection.3.27.5}{\376\377\0003\000.\0002\0007\000.\0005\000\040\0002\0007\000.\0005\000.\000\040\000A\000t\000a\000k\000:\000\040\000o\000d\000c\000z\000y\000t\000\040\000E\000E\000P\000R\000O\000M}{section.3.27}% 106
\BOOKMARK [2][-]{subsection.3.27.6}{\376\377\0003\000.\0002\0007\000.\0006\000\040\0002\0007\000.\0006\000.\000\040\000A\000t\000a\000k\000:\000\040\000z\000d\000a\000l\000n\000a\000\040\000r\000o\000t\000a\000c\000j\000a\000\040\000r\000o\000o\000t\000\040\000s\000e\000e\000d\000a}{section.3.27}% 107
\BOOKMARK [2][-]{subsection.3.27.7}{\376\377\0003\000.\0002\0007\000.\0007\000\040\0002\0007\000.\0007\000.\000\040\000A\000t\000a\000k\000:\000\040\000b\001\102\001\005\000d\000\040\000h\000a\000r\000d\000w\000a\000r\000e\000\040\000A\000E\000S\000/\000H\000A\000S\000H}{section.3.27}% 108
\BOOKMARK [2][-]{subsection.3.27.8}{\376\377\0003\000.\0002\0007\000.\0008\000\040\0002\0007\000.\0008\000.\000\040\000A\000t\000a\000k\000:\000\040\000p\000r\000z\000y\000p\000a\000d\000k\000o\000w\000e\000\040\000w\000e\000j\001\133\000c\000i\000e\000\040\000w\000\040\000m\000e\000n\000u\000\040\000a\000d\000m\000i\000n}{section.3.27}% 109
\BOOKMARK [1][-]{section.3.28}{\376\377\0003\000.\0002\0008\000\040\0002\0008\000.\000\040\000O\000g\000r\000a\000n\000i\000c\000z\000e\000n\000i\000a\000\040\000o\000b\000e\000c\000n\000e\000g\000o\000\040\000w\000d\000r\000o\001\174\000e\000n\000i\000a}{chapter.3}% 110
\BOOKMARK [1][-]{section.3.29}{\376\377\0003\000.\0002\0009\000\040\0002\0009\000.\000\040\000Z\000a\000l\000e\000c\000a\000n\000e\000\040\000u\000t\000w\000a\000r\000d\000z\000e\000n\000i\000a}{chapter.3}% 111
\BOOKMARK [1][-]{section.3.30}{\376\377\0003\000.\0003\0000\000\040\0003\0000\000.\000\040\000P\000r\000z\000y\000k\001\102\000a\000d\000y}{chapter.3}% 112
\BOOKMARK [2][-]{subsection.3.30.1}{\376\377\0003\000.\0003\0000\000.\0001\000\040\0003\0000\000.\0001\000.\000\040\000P\000r\000z\000y\000k\001\102\000a\000d\000:\000\040\000b\000u\000d\000o\000w\000a\000\040\000z\000a\000s\000z\000y\000f\000r\000o\000w\000a\000n\000e\000j\000\040\000r\000a\000m\000k\000i\000\040\000D\000A\000T\000A}{section.3.30}% 113
\BOOKMARK [2][-]{subsection.3.30.2}{\376\377\0003\000.\0003\0000\000.\0002\000\040\0003\0000\000.\0002\000.\000\040\000P\000r\000z\000y\000k\001\102\000a\000d\000:\000\040\000o\000d\000b\000i\000\363\000r\000\040\000z\000a\000s\000z\000y\000f\000r\000o\000w\000a\000n\000e\000j\000\040\000r\000a\000m\000k\000i}{section.3.30}% 114
\BOOKMARK [2][-]{subsection.3.30.3}{\376\377\0003\000.\0003\0000\000.\0003\000\040\0003\0000\000.\0003\000.\000\040\000P\000r\000z\000y\000k\001\102\000a\000d\000:\000\040\000o\000d\000r\000z\000u\000c\000e\000n\000i\000e\000\040\000z\000m\000i\000e\000n\000i\000o\000n\000e\000j\000\040\000r\000a\000m\000k\000i}{section.3.30}% 115
\BOOKMARK [2][-]{subsection.3.30.4}{\376\377\0003\000.\0003\0000\000.\0004\000\040\0003\0000\000.\0004\000.\000\040\000P\000r\000z\000y\000k\001\102\000a\000d\000:\000\040\000r\000o\000t\000a\000c\000j\000a\000\040\000r\000o\000o\000t\000\040\000s\000e\000e\000d\000a}{section.3.30}% 116
\BOOKMARK [2][-]{subsection.3.30.5}{\376\377\0003\000.\0003\0000\000.\0005\000\040\0003\0000\000.\0005\000.\000\040\000P\000r\000z\000y\000k\001\102\000a\000d\000:\000\040\000h\000a\000r\000d\000w\000a\000r\000e\000\040\000c\000r\000y\000p\000t\000o\000\040\000s\000e\000l\000f\000-\000t\000e\000s\000t}{section.3.30}% 117
\BOOKMARK [2][-]{subsection.3.30.6}{\376\377\0003\000.\0003\0000\000.\0006\000\040\0003\0000\000.\0006\000.\000\040\000P\000r\000z\000y\000k\001\102\000a\000d\000:\000\040\000E\000E\000P\000R\000O\000M\000\040\000s\000e\000c\000r\000e\000t\000\040\000s\000l\000o\000t}{section.3.30}% 118
\BOOKMARK [1][-]{section.3.31}{\376\377\0003\000.\0003\0001\000\040\0003\0001\000.\000\040\000C\000h\000e\000c\000k\000l\000i\000s\000t\000\040\000d\000l\000a\000\040\000t\000e\000s\000t\000\363\000w}{chapter.3}% 119
\BOOKMARK [1][-]{section.3.32}{\376\377\0003\000.\0003\0002\000\040\0003\0002\000.\000\040\000N\000a\000j\000k\000r\000\363\000t\000s\000z\000a\000\040\000o\000d\000p\000o\000w\000i\000e\000d\001\172\000\040\040\034\000d\000l\000a\000c\000z\000e\000g\000o\000\040\000t\000o\000\040\000j\000e\000s\000t\000\040\000b\000e\000z\000p\000i\000e\000c\000z\000n\000e\040\035}{chapter.3}% 120
\BOOKMARK [0][-]{chapter.4}{\376\377\0004\000\040\000S\000T\000R\000I\000D\000E\000\040\000/\000\040\000C\000I\000A\000\040\000A\000n\000a\000l\000y\000s\000i\000s\000\040}{}% 121
\BOOKMARK [1][-]{section.4.1}{\376\377\0004\000.\0001\000\040\000S\000T\000R\000I\000D\000E}{chapter.4}% 122
\BOOKMARK [1][-]{section.4.2}{\376\377\0004\000.\0002\000\040\000C\000I\000A}{chapter.4}% 123
\BOOKMARK [1][-]{section.4.3}{\376\377\0004\000.\0003\000\040\000N\000a\000j\000w\000a\001\174\000n\000i\000e\000j\000s\000z\000e\000\040\000p\000r\000i\000o\000r\000y\000t\000e\000t\000y}{chapter.4}% 124
\BOOKMARK [0][-]{chapter.5}{\376\377\0005\000\040\000T\000h\000r\000e\000a\000t\000\040\000M\000o\000d\000e\000l\000\040}{}% 125
\BOOKMARK [1][-]{section.5.1}{\376\377\0005\000.\0001\000\040\000A\000s\000s\000e\000t\000s}{chapter.5}% 126
\BOOKMARK [1][-]{section.5.2}{\376\377\0005\000.\0002\000\040\000A\000t\000t\000a\000c\000k\000e\000r\000\040\000g\000o\000a\000l\000s}{chapter.5}% 127
\BOOKMARK [1][-]{section.5.3}{\376\377\0005\000.\0003\000\040\000C\000u\000r\000r\000e\000n\000t\000\040\000m\000i\000t\000i\000g\000a\000t\000i\000o\000n\000s}{chapter.5}% 128
\BOOKMARK [1][-]{section.5.4}{\376\377\0005\000.\0004\000\040\000R\000e\000m\000a\000i\000n\000i\000n\000g\000\040\000g\000a\000p\000s}{chapter.5}% 129
\BOOKMARK [0][-]{chapter.6}{\376\377\0006\000\040\000S\000e\000c\000u\000r\000i\000t\000y\000\040}{}% 130
\BOOKMARK [1][-]{section.6.1}{\376\377\0006\000.\0001\000\040\000P\000y\000t\000a\000n\000i\000a}{chapter.6}% 131
\BOOKMARK [1][-]{section.6.2}{\376\377\0006\000.\0002\000\040\000O\000b\000s\000z\000a\000r\000y}{chapter.6}% 132
\BOOKMARK [1][-]{section.6.3}{\376\377\0006\000.\0003\000\040\000S\000e\000c\000u\000r\000i\000t\000y\000\040\000T\000O\000D\000O}{chapter.6}% 133
\BOOKMARK [2][-]{subsection.6.3.1}{\376\377\0006\000.\0003\000.\0001\000\040\000D\000o\000S\000\040\000/\000\040\000R\000e\000p\000l\000a\000y}{section.6.3}% 134
\BOOKMARK [0][-]{chapter.7}{\376\377\0007\000\040\000S\000t\000r\000u\000k\000t\000u\000r\000a\000\040\000k\000a\000t\000a\000l\000o\000g\000\363\000w}{}% 135
\BOOKMARK [1][-]{section.7.1}{\376\377\0007\000.\0001\000\040\000K\000a\000t\000a\000l\000o\000g\000i}{chapter.7}% 136
\BOOKMARK [0][-]{chapter.8}{\376\377\0008\000\040\000I\000n\000d\000e\000k\000s\000\040\000s\000t\000r\000u\000k\000t\000u\000r\000\040\000d\000a\000n\000y\000c\000h}{}% 137
\BOOKMARK [1][-]{section.8.1}{\376\377\0008\000.\0001\000\040\000S\000t\000r\000u\000k\000t\000u\000r\000y\000\040\000d\000a\000n\000y\000c\000h}{chapter.8}% 138
\BOOKMARK [0][-]{chapter.9}{\376\377\0009\000\040\000I\000n\000d\000e\000k\000s\000\040\000p\000l\000i\000k\000\363\000w}{}% 139
\BOOKMARK [1][-]{section.9.1}{\376\377\0009\000.\0001\000\040\000L\000i\000s\000t\000a\000\040\000p\000l\000i\000k\000\363\000w}{chapter.9}% 140
\BOOKMARK [0][-]{chapter.10}{\376\377\0001\0000\000\040\000D\000o\000k\000u\000m\000e\000n\000t\000a\000c\000j\000a\000\040\000k\000a\000t\000a\000l\000o\000g\000\363\000w}{}% 141
\BOOKMARK [1][-]{section.10.1}{\376\377\0001\0000\000.\0001\000\040\000D\000o\000k\000u\000m\000e\000n\000t\000a\000c\000j\000a\000\040\000k\000a\000t\000a\000l\000o\000g\000u\000\040\000C\000o\000r\000e\000/\000A\000p\000p}{chapter.10}% 142
\BOOKMARK [2][-]{subsection.10.1.1}{\376\377\0001\0000\000.\0001\000.\0001\000\040\000O\000p\000i\000s\000\040\000s\000z\000c\000z\000e\000g\000\363\001\102\000o\000w\000y}{section.10.1}% 143
\BOOKMARK [2][-]{subsection.10.1.2}{\376\377\0001\0000\000.\0001\000.\0002\000\040\000C\000o\000r\000e\000/\000A\000p\000p\000\040\000-\000\040\000F\000r\000e\000e\000R\000T\000O\000S\000\040\000A\000p\000p\000l\000i\000c\000a\000t\000i\000o\000n\000\040\000L\000a\000y\000e\000r}{section.10.1}% 144
\BOOKMARK [2][-]{subsection.10.1.3}{\376\377\0001\0000\000.\0001\000.\0003\000\040\000S\000t\000a\000r\000t\000u\000p}{section.10.1}% 145
\BOOKMARK [2][-]{subsection.10.1.4}{\376\377\0001\0000\000.\0001\000.\0004\000\040\000R\000a\000d\000i\000o\000\040\000i\000\040\000U\000I}{section.10.1}% 146
\BOOKMARK [2][-]{subsection.10.1.5}{\376\377\0001\0000\000.\0001\000.\0005\000\040\000B\000u\000i\000l\000d\000\040\000n\000o\000t\000e}{section.10.1}% 147
\BOOKMARK [1][-]{section.10.2}{\376\377\0001\0000\000.\0002\000\040\000D\000o\000k\000u\000m\000e\000n\000t\000a\000c\000j\000a\000\040\000k\000a\000t\000a\000l\000o\000g\000u\000\040\000C\000o\000r\000e\000/\000A\000p\000p\000/\000i\0002\000c\000\137\000m\000e\000m\000\137\000s\000t\000o\000r\000e\000\137\000l\000i\000b}{chapter.10}% 148
\BOOKMARK [2][-]{subsection.10.2.1}{\376\377\0001\0000\000.\0002\000.\0001\000\040\000O\000p\000i\000s\000\040\000s\000z\000c\000z\000e\000g\000\363\001\102\000o\000w\000y}{section.10.2}% 149
\BOOKMARK [2][-]{subsection.10.2.2}{\376\377\0001\0000\000.\0002\000.\0002\000\040\000i\0002\000c\000\137\000m\000e\000m\000\137\000s\000t\000o\000r\000e\000\137\000l\000i\000b}{section.10.2}% 150
\BOOKMARK [2][-]{subsection.10.2.3}{\376\377\0001\0000\000.\0002\000.\0003\000\040\000Z\000a\001\102\000o\001\174\000e\000n\000i\000a\000\040\000s\000p\000r\000z\001\031\000t\000o\000w\000e}{section.10.2}% 151
\BOOKMARK [2][-]{subsection.10.2.4}{\376\377\0001\0000\000.\0002\000.\0004\000\040\000U\000k\001\102\000a\000d\000\040\000d\000a\000n\000y\000c\000h\000\040\000w\000\040\000p\000a\000m\000i\001\031\000c\000i}{section.10.2}% 152
\BOOKMARK [2][-]{subsection.10.2.5}{\376\377\0001\0000\000.\0002\000.\0005\000\040\000B\000e\000z\000p\000i\000e\000c\000z\000e\001\104\000s\000t\000w\000o}{section.10.2}% 153
\BOOKMARK [1][-]{section.10.3}{\376\377\0001\0000\000.\0003\000\040\000D\000o\000k\000u\000m\000e\000n\000t\000a\000c\000j\000a\000\040\000k\000a\000t\000a\000l\000o\000g\000u\000\040\000C\000o\000r\000e\000/\000A\000p\000p\000/\000l\000e\000d\000\137\000a\000r\000r\000a\000y\000\137\000l\000i\000b}{chapter.10}% 154
\BOOKMARK [2][-]{subsection.10.3.1}{\376\377\0001\0000\000.\0003\000.\0001\000\040\000O\000p\000i\000s\000\040\000s\000z\000c\000z\000e\000g\000\363\001\102\000o\000w\000y}{section.10.3}% 155
\BOOKMARK [2][-]{subsection.10.3.2}{\376\377\0001\0000\000.\0003\000.\0002\000\040\000l\000e\000d\000\137\000a\000r\000r\000a\000y\000\137\000l\000i\000b}{section.10.3}% 156
\BOOKMARK [2][-]{subsection.10.3.3}{\376\377\0001\0000\000.\0003\000.\0003\000\040\000F\000i\000l\000e\000s}{section.10.3}% 157
\BOOKMARK [2][-]{subsection.10.3.4}{\376\377\0001\0000\000.\0003\000.\0004\000\040\000D\000e\000s\000i\000g\000n}{section.10.3}% 158
\BOOKMARK [2][-]{subsection.10.3.5}{\376\377\0001\0000\000.\0003\000.\0005\000\040\000A\000P\000I\000\040\000O\000v\000e\000r\000v\000i\000e\000w}{section.10.3}% 159
\BOOKMARK [2][-]{subsection.10.3.6}{\376\377\0001\0000\000.\0003\000.\0006\000\040\000L\000E\000D\000\040\000M\000a\000s\000k\000s}{section.10.3}% 160
\BOOKMARK [2][-]{subsection.10.3.7}{\376\377\0001\0000\000.\0003\000.\0007\000\040\000U\000s\000a\000g\000e\000\040\000\050\000p\000o\000l\000l\000i\000n\000g\000\040\000m\000o\000d\000e\000\051}{section.10.3}% 161
\BOOKMARK [2][-]{subsection.10.3.8}{\376\377\0001\0000\000.\0003\000.\0008\000\040\000U\000s\000a\000g\000e\000\040\000\050\000I\000S\000R\000\040\000m\000o\000d\000e\000\051}{section.10.3}% 162
\BOOKMARK [2][-]{subsection.10.3.9}{\376\377\0001\0000\000.\0003\000.\0009\000\040\000N\000o\000t\000e\000s}{section.10.3}% 163
\BOOKMARK [1][-]{section.10.4}{\376\377\0001\0000\000.\0004\000\040\000D\000o\000k\000u\000m\000e\000n\000t\000a\000c\000j\000a\000\040\000k\000a\000t\000a\000l\000o\000g\000u\000\040\000C\000o\000r\000e\000/\000A\000p\000p\000/\000r\000a\000d\000i\000o\000\137\000l\000i\000b}{chapter.10}% 164
\BOOKMARK [2][-]{subsection.10.4.1}{\376\377\0001\0000\000.\0004\000.\0001\000\040\000O\000p\000i\000s\000\040\000s\000z\000c\000z\000e\000g\000\363\001\102\000o\000w\000y}{section.10.4}% 165
\BOOKMARK [2][-]{subsection.10.4.2}{\376\377\0001\0000\000.\0004\000.\0002\000\040\000r\000a\000d\000i\000o\000\137\000l\000i\000b}{section.10.4}% 166
\BOOKMARK [2][-]{subsection.10.4.3}{\376\377\0001\0000\000.\0004\000.\0003\000\040\000C\000e\000l\000e\000\040\000p\000r\000o\000j\000e\000k\000t\000u}{section.10.4}% 167
\BOOKMARK [2][-]{subsection.10.4.4}{\376\377\0001\0000\000.\0004\000.\0004\000\040\000S\000t\000r\000u\000k\000t\000u\000r\000a\000\040\000k\000a\000t\000a\000l\000o\000g\000u}{section.10.4}% 168
\BOOKMARK [2][-]{subsection.10.4.5}{\376\377\0001\0000\000.\0004\000.\0005\000\040\000W\000y\000b\000\363\000r\000\040\000a\000k\000t\000y\000w\000n\000e\000j\000\040\000m\000o\000d\000u\000l\000a\000c\000j\000i}{section.10.4}% 169
\BOOKMARK [2][-]{subsection.10.4.6}{\376\377\0001\0000\000.\0004\000.\0006\000\040\000M\000o\000d\000e\000l\000\040\000o\000b\000s\001\102\000u\000g\000i\000\040\000p\000r\000z\000e\000r\000w\000a\001\104\000\040\000\050\000I\000R\000Q\000/\000E\000X\000T\000I\000\051}{section.10.4}% 170
\BOOKMARK [2][-]{subsection.10.4.7}{\376\377\0001\0000\000.\0004\000.\0007\000\040\000I\000n\000t\000e\000g\000r\000a\000c\000j\000a\000\040\000w\000\040\000a\000p\000l\000i\000k\000a\000c\000j\000i}{section.10.4}% 171
\BOOKMARK [2][-]{subsection.10.4.8}{\376\377\0001\0000\000.\0004\000.\0008\000\040\000S\000t\000a\000t\000u\000s\000\040\000b\000a\000c\000k\000e\000n\000d\000\363\000w}{section.10.4}% 172
\BOOKMARK [2][-]{subsection.10.4.9}{\376\377\0001\0000\000.\0004\000.\0009\000\040\000D\000o\000k\000u\000m\000e\000n\000t\000a\000c\000j\000a\000\040\000D\000o\000x\000y\000g\000e\000n}{section.10.4}% 173
\BOOKMARK [1][-]{section.10.5}{\376\377\0001\0000\000.\0005\000\040\000D\000o\000k\000u\000m\000e\000n\000t\000a\000c\000j\000a\000\040\000k\000a\000t\000a\000l\000o\000g\000u\000\040\000C\000o\000r\000e\000/\000A\000p\000p\000/\000s\000e\000c\000u\000r\000i\000t\000y}{chapter.10}% 174
\BOOKMARK [2][-]{subsection.10.5.1}{\376\377\0001\0000\000.\0005\000.\0001\000\040\000O\000p\000i\000s\000\040\000s\000z\000c\000z\000e\000g\000\363\001\102\000o\000w\000y}{section.10.5}% 175
\BOOKMARK [2][-]{subsection.10.5.2}{\376\377\0001\0000\000.\0005\000.\0002\000\040\000S\000e\000c\000u\000r\000i\000t\000y}{section.10.5}% 176
\BOOKMARK [2][-]{subsection.10.5.3}{\376\377\0001\0000\000.\0005\000.\0003\000\040\000A\000k\000t\000u\000a\000l\000n\000y\000\040\000m\000o\000d\000e\000l}{section.10.5}% 177
\BOOKMARK [2][-]{subsection.10.5.4}{\376\377\0001\0000\000.\0005\000.\0004\000\040\000D\000o\000S\000\040\000/\000\040\000F\000l\000o\000o\000d\000\040\000D\000e\000f\000e\000n\000s\000e}{section.10.5}% 178
\BOOKMARK [3][-]{subsubsection.10.5.4.1}{\376\377\0001\0000\000.\0005\000.\0004\000.\0001\000\040\0001\000.\000\040\000R\000a\000t\000e\000\040\000l\000i\000m\000i\000t\000i\000n\000g\000\040\000p\000e\000r\000\040\000s\000o\000u\000r\000c\000e}{subsection.10.5.4}% 179
\BOOKMARK [3][-]{subsubsection.10.5.4.2}{\376\377\0001\0000\000.\0005\000.\0004\000.\0002\000\040\0002\000.\000\040\000G\000l\000o\000b\000a\000l\000\040\000T\000X\000\040\000b\000u\000d\000g\000e\000t}{subsection.10.5.4}% 180
\BOOKMARK [3][-]{subsubsection.10.5.4.3}{\376\377\0001\0000\000.\0005\000.\0004\000.\0003\000\040\0003\000.\000\040\000S\000e\000p\000a\000r\000a\000t\000e\000\040\000l\000i\000m\000i\000t\000s\000\040\000f\000o\000r\000\040\000c\000o\000n\000t\000r\000o\000l\000\040\000t\000r\000a\000f\000f\000i\000c}{subsection.10.5.4}% 181
\BOOKMARK [3][-]{subsubsection.10.5.4.4}{\376\377\0001\0000\000.\0005\000.\0004\000.\0004\000\040\0004\000.\000\040\000R\000e\000p\000l\000a\000y\000-\000a\000w\000a\000r\000e\000\040\000a\000b\000u\000s\000e\000\040\000s\000c\000o\000r\000i\000n\000g}{subsection.10.5.4}% 182
\BOOKMARK [3][-]{subsubsection.10.5.4.5}{\376\377\0001\0000\000.\0005\000.\0004\000.\0005\000\040\0005\000.\000\040\000S\000t\000r\000i\000c\000t\000\040\000f\000r\000a\000m\000e\000\040\000p\000o\000l\000i\000c\000y}{subsection.10.5.4}% 183
\BOOKMARK [3][-]{subsubsection.10.5.4.6}{\376\377\0001\0000\000.\0005\000.\0004\000.\0006\000\040\0006\000.\000\040\000B\000o\000u\000n\000d\000e\000d\000\040\000p\000a\000r\000s\000i\000n\000g\000\040\000c\000o\000s\000t}{subsection.10.5.4}% 184
\BOOKMARK [3][-]{subsubsection.10.5.4.7}{\376\377\0001\0000\000.\0005\000.\0004\000.\0007\000\040\0007\000.\000\040\000Q\000u\000e\000u\000e\000\040\000a\000n\000d\000\040\000U\000I\000\040\000p\000r\000o\000t\000e\000c\000t\000i\000o\000n}{subsection.10.5.4}% 185
\BOOKMARK [3][-]{subsubsection.10.5.4.8}{\376\377\0001\0000\000.\0005\000.\0004\000.\0008\000\040\0008\000.\000\040\000C\000h\000a\000n\000n\000e\000l\000\040\000o\000c\000c\000u\000p\000a\000n\000c\000y\000\040\000p\000r\000o\000t\000e\000c\000t\000i\000o\000n}{subsection.10.5.4}% 186
\BOOKMARK [2][-]{subsection.10.5.5}{\376\377\0001\0000\000.\0005\000.\0005\000\040\000N\000a\000j\000b\000a\000r\000d\000z\000i\000e\000j\000\040\000o\000p\001\102\000a\000c\000a\000l\000n\000a\000\040\000k\000o\000l\000e\000j\000n\000o\001\133\001\007\000\040\000w\000d\000r\000o\001\174\000e\000n\000i\000a}{section.10.5}% 187
\BOOKMARK [1][-]{section.10.6}{\376\377\0001\0000\000.\0006\000\040\000D\000o\000k\000u\000m\000e\000n\000t\000a\000c\000j\000a\000\040\000k\000a\000t\000a\000l\000o\000g\000u\000\040\000C\000o\000r\000e\000/\000A\000p\000p\000/\000s\000t\0003\0003\000k\000t\000p\000m\0002\000x\000\137\000l\000i\000b}{chapter.10}% 188
\BOOKMARK [2][-]{subsection.10.6.1}{\376\377\0001\0000\000.\0006\000.\0001\000\040\000O\000p\000i\000s\000\040\000s\000z\000c\000z\000e\000g\000\363\001\102\000o\000w\000y}{section.10.6}% 189
\BOOKMARK [2][-]{subsection.10.6.2}{\376\377\0001\0000\000.\0006\000.\0002\000\040\000s\000t\0003\0003\000k\000t\000p\000m\0002\000x\000\137\000l\000i\000b}{section.10.6}% 190
\BOOKMARK [2][-]{subsection.10.6.3}{\376\377\0001\0000\000.\0006\000.\0003\000\040\000Z\000a\001\102\000o\001\174\000e\000n\000i\000a}{section.10.6}% 191
\BOOKMARK [2][-]{subsection.10.6.4}{\376\377\0001\0000\000.\0006\000.\0004\000\040\000C\000o\000\040\000z\000a\000w\000i\000e\000r\000a}{section.10.6}% 192
\BOOKMARK [2][-]{subsection.10.6.5}{\376\377\0001\0000\000.\0006\000.\0005\000\040\000U\001\174\000y\000c\000i\000e\000\040\000w\000\040\000B\000E\000K\000O}{section.10.6}% 193
\BOOKMARK [0][-]{chapter.11}{\376\377\0001\0001\000\040\000D\000o\000k\000u\000m\000e\000n\000t\000a\000c\000j\000a\000\040\000s\000t\000r\000u\000k\000t\000u\000r\000\040\000d\000a\000n\000y\000c\000h}{}% 194
\BOOKMARK [1][-]{section.11.1}{\376\377\0001\0001\000.\0001\000\040\000D\000o\000k\000u\000m\000e\000n\000t\000a\000c\000j\000a\000\040\000s\000t\000r\000u\000k\000t\000u\000r\000y\000\040\000b\000m\000p\0002\0008\0000\000\137\000a\000p\000i\000\137\000d\000a\000t\000a\000\137\000t}{chapter.11}% 195
\BOOKMARK [2][-]{subsection.11.1.1}{\376\377\0001\0001\000.\0001\000.\0001\000\040\000O\000p\000i\000s\000\040\000s\000z\000c\000z\000e\000g\000\363\001\102\000o\000w\000y}{section.11.1}% 196
\BOOKMARK [2][-]{subsection.11.1.2}{\376\377\0001\0001\000.\0001\000.\0002\000\040\000D\000o\000k\000u\000m\000e\000n\000t\000a\000c\000j\000a\000\040\000p\000\363\000l}{section.11.1}% 197
\BOOKMARK [3][-]{subsubsection.11.1.2.1}{\376\377\0001\0001\000.\0001\000.\0002\000.\0001\000\040\000p\000r\000e\000s\000s\000u\000r\000e\000\137\000h\000p\000a}{subsection.11.1.2}% 198
\BOOKMARK [3][-]{subsubsection.11.1.2.2}{\376\377\0001\0001\000.\0001\000.\0002\000.\0002\000\040\000p\000r\000e\000s\000s\000u\000r\000e\000\137\000p\000a}{subsection.11.1.2}% 199
\BOOKMARK [3][-]{subsubsection.11.1.2.3}{\376\377\0001\0001\000.\0001\000.\0002\000.\0003\000\040\000t\000e\000m\000p\000e\000r\000a\000t\000u\000r\000e\000\137\000c}{subsection.11.1.2}% 200
\BOOKMARK [3][-]{subsubsection.11.1.2.4}{\376\377\0001\0001\000.\0001\000.\0002\000.\0004\000\040\000t\000i\000m\000e\000s\000t\000a\000m\000p\000\137\000m\000s}{subsection.11.1.2}% 201
\BOOKMARK [3][-]{subsubsection.11.1.2.5}{\376\377\0001\0001\000.\0001\000.\0002\000.\0005\000\040\000v\000a\000l\000i\000d}{subsection.11.1.2}% 202
\BOOKMARK [1][-]{section.11.2}{\376\377\0001\0001\000.\0002\000\040\000D\000o\000k\000u\000m\000e\000n\000t\000a\000c\000j\000a\000\040\000s\000t\000r\000u\000k\000t\000u\000r\000y\000\040\000B\000M\000P\0002\0008\0000\000\137\000H\000a\000n\000d\000l\000e\000T\000y\000p\000e\000d\000e\000f}{chapter.11}% 203
\BOOKMARK [2][-]{subsection.11.2.1}{\376\377\0001\0001\000.\0002\000.\0001\000\040\000O\000p\000i\000s\000\040\000s\000z\000c\000z\000e\000g\000\363\001\102\000o\000w\000y}{section.11.2}% 204
\BOOKMARK [2][-]{subsection.11.2.2}{\376\377\0001\0001\000.\0002\000.\0002\000\040\000D\000o\000k\000u\000m\000e\000n\000t\000a\000c\000j\000a\000\040\000p\000\363\000l}{section.11.2}% 205
\BOOKMARK [3][-]{subsubsection.11.2.2.1}{\376\377\0001\0001\000.\0002\000.\0002\000.\0001\000\040\000a\000d\000d\000r}{subsection.11.2.2}% 206
\BOOKMARK [3][-]{subsubsection.11.2.2.2}{\376\377\0001\0001\000.\0002\000.\0002\000.\0002\000\040\000d\000i\000g\000\137\000H\0001}{subsection.11.2.2}% 207
\BOOKMARK [3][-]{subsubsection.11.2.2.3}{\376\377\0001\0001\000.\0002\000.\0002\000.\0003\000\040\000d\000i\000g\000\137\000H\0002}{subsection.11.2.2}% 208
\BOOKMARK [3][-]{subsubsection.11.2.2.4}{\376\377\0001\0001\000.\0002\000.\0002\000.\0004\000\040\000d\000i\000g\000\137\000H\0003}{subsection.11.2.2}% 209
\BOOKMARK [3][-]{subsubsection.11.2.2.5}{\376\377\0001\0001\000.\0002\000.\0002\000.\0005\000\040\000d\000i\000g\000\137\000H\0004}{subsection.11.2.2}% 210
\BOOKMARK [3][-]{subsubsection.11.2.2.6}{\376\377\0001\0001\000.\0002\000.\0002\000.\0006\000\040\000d\000i\000g\000\137\000H\0005}{subsection.11.2.2}% 211
\BOOKMARK [3][-]{subsubsection.11.2.2.7}{\376\377\0001\0001\000.\0002\000.\0002\000.\0007\000\040\000d\000i\000g\000\137\000H\0006}{subsection.11.2.2}% 212
\BOOKMARK [3][-]{subsubsection.11.2.2.8}{\376\377\0001\0001\000.\0002\000.\0002\000.\0008\000\040\000d\000i\000g\000\137\000P\0001}{subsection.11.2.2}% 213
\BOOKMARK [3][-]{subsubsection.11.2.2.9}{\376\377\0001\0001\000.\0002\000.\0002\000.\0009\000\040\000d\000i\000g\000\137\000P\0002}{subsection.11.2.2}% 214
\BOOKMARK [3][-]{subsubsection.11.2.2.10}{\376\377\0001\0001\000.\0002\000.\0002\000.\0001\0000\000\040\000d\000i\000g\000\137\000P\0003}{subsection.11.2.2}% 215
\BOOKMARK [3][-]{subsubsection.11.2.2.11}{\376\377\0001\0001\000.\0002\000.\0002\000.\0001\0001\000\040\000d\000i\000g\000\137\000P\0004}{subsection.11.2.2}% 216
\BOOKMARK [3][-]{subsubsection.11.2.2.12}{\376\377\0001\0001\000.\0002\000.\0002\000.\0001\0002\000\040\000d\000i\000g\000\137\000P\0005}{subsection.11.2.2}% 217
\BOOKMARK [3][-]{subsubsection.11.2.2.13}{\376\377\0001\0001\000.\0002\000.\0002\000.\0001\0003\000\040\000d\000i\000g\000\137\000P\0006}{subsection.11.2.2}% 218
\BOOKMARK [3][-]{subsubsection.11.2.2.14}{\376\377\0001\0001\000.\0002\000.\0002\000.\0001\0004\000\040\000d\000i\000g\000\137\000P\0007}{subsection.11.2.2}% 219
\BOOKMARK [3][-]{subsubsection.11.2.2.15}{\376\377\0001\0001\000.\0002\000.\0002\000.\0001\0005\000\040\000d\000i\000g\000\137\000P\0008}{subsection.11.2.2}% 220
\BOOKMARK [3][-]{subsubsection.11.2.2.16}{\376\377\0001\0001\000.\0002\000.\0002\000.\0001\0006\000\040\000d\000i\000g\000\137\000P\0009}{subsection.11.2.2}% 221
\BOOKMARK [3][-]{subsubsection.11.2.2.17}{\376\377\0001\0001\000.\0002\000.\0002\000.\0001\0007\000\040\000d\000i\000g\000\137\000T\0001}{subsection.11.2.2}% 222
\BOOKMARK [3][-]{subsubsection.11.2.2.18}{\376\377\0001\0001\000.\0002\000.\0002\000.\0001\0008\000\040\000d\000i\000g\000\137\000T\0002}{subsection.11.2.2}% 223
\BOOKMARK [3][-]{subsubsection.11.2.2.19}{\376\377\0001\0001\000.\0002\000.\0002\000.\0001\0009\000\040\000d\000i\000g\000\137\000T\0003}{subsection.11.2.2}% 224
\BOOKMARK [3][-]{subsubsection.11.2.2.20}{\376\377\0001\0001\000.\0002\000.\0002\000.\0002\0000\000\040\000i\0002\000c}{subsection.11.2.2}% 225
\BOOKMARK [3][-]{subsubsection.11.2.2.21}{\376\377\0001\0001\000.\0002\000.\0002\000.\0002\0001\000\040\000i\000d}{subsection.11.2.2}% 226
\BOOKMARK [3][-]{subsubsection.11.2.2.22}{\376\377\0001\0001\000.\0002\000.\0002\000.\0002\0002\000\040\000p\000a\000r\000a\000m\000s}{subsection.11.2.2}% 227
\BOOKMARK [1][-]{section.11.3}{\376\377\0001\0001\000.\0003\000\040\000D\000o\000k\000u\000m\000e\000n\000t\000a\000c\000j\000a\000\040\000s\000t\000r\000u\000k\000t\000u\000r\000y\000\040\000b\000m\000p\0002\0008\0000\000\137\000p\000a\000r\000a\000m\000s\000\137\000t}{chapter.11}% 228
\BOOKMARK [2][-]{subsection.11.3.1}{\376\377\0001\0001\000.\0003\000.\0001\000\040\000O\000p\000i\000s\000\040\000s\000z\000c\000z\000e\000g\000\363\001\102\000o\000w\000y}{section.11.3}% 229
\BOOKMARK [2][-]{subsection.11.3.2}{\376\377\0001\0001\000.\0003\000.\0002\000\040\000D\000o\000k\000u\000m\000e\000n\000t\000a\000c\000j\000a\000\040\000p\000\363\000l}{section.11.3}% 230
\BOOKMARK [3][-]{subsubsection.11.3.2.1}{\376\377\0001\0001\000.\0003\000.\0002\000.\0001\000\040\000f\000i\000l\000t\000e\000r}{subsection.11.3.2}% 231
\BOOKMARK [3][-]{subsubsection.11.3.2.2}{\376\377\0001\0001\000.\0003\000.\0002\000.\0002\000\040\000m\000o\000d\000e}{subsection.11.3.2}% 232
\BOOKMARK [3][-]{subsubsection.11.3.2.3}{\376\377\0001\0001\000.\0003\000.\0002\000.\0003\000\040\000o\000v\000e\000r\000s\000a\000m\000p\000l\000i\000n\000g\000\137\000h\000u\000m\000i\000d\000i\000t\000y}{subsection.11.3.2}% 233
\BOOKMARK [3][-]{subsubsection.11.3.2.4}{\376\377\0001\0001\000.\0003\000.\0002\000.\0004\000\040\000o\000v\000e\000r\000s\000a\000m\000p\000l\000i\000n\000g\000\137\000p\000r\000e\000s\000s\000u\000r\000e}{subsection.11.3.2}% 234
\BOOKMARK [3][-]{subsubsection.11.3.2.5}{\376\377\0001\0001\000.\0003\000.\0002\000.\0005\000\040\000o\000v\000e\000r\000s\000a\000m\000p\000l\000i\000n\000g\000\137\000t\000e\000m\000p\000e\000r\000a\000t\000u\000r\000e}{subsection.11.3.2}% 235
\BOOKMARK [3][-]{subsubsection.11.3.2.6}{\376\377\0001\0001\000.\0003\000.\0002\000.\0006\000\040\000s\000t\000a\000n\000d\000b\000y}{subsection.11.3.2}% 236
\BOOKMARK [1][-]{section.11.4}{\376\377\0001\0001\000.\0004\000\040\000D\000o\000k\000u\000m\000e\000n\000t\000a\000c\000j\000a\000\040\000s\000t\000r\000u\000k\000t\000u\000r\000y\000\040\000b\000u\000t\000t\000o\000n\000\137\000h\000w\000\137\000t}{chapter.11}% 237
\BOOKMARK [2][-]{subsection.11.4.1}{\376\377\0001\0001\000.\0004\000.\0001\000\040\000O\000p\000i\000s\000\040\000s\000z\000c\000z\000e\000g\000\363\001\102\000o\000w\000y}{section.11.4}% 238
\BOOKMARK [2][-]{subsection.11.4.2}{\376\377\0001\0001\000.\0004\000.\0002\000\040\000D\000o\000k\000u\000m\000e\000n\000t\000a\000c\000j\000a\000\040\000p\000\363\000l}{section.11.4}% 239
\BOOKMARK [3][-]{subsubsection.11.4.2.1}{\376\377\0001\0001\000.\0004\000.\0002\000.\0001\000\040\000a\000c\000t\000i\000v\000e\000\137\000l\000o\000w}{subsection.11.4.2}% 240
\BOOKMARK [3][-]{subsubsection.11.4.2.2}{\376\377\0001\0001\000.\0004\000.\0002\000.\0002\000\040\000p\000i\000n}{subsection.11.4.2}% 241
\BOOKMARK [3][-]{subsubsection.11.4.2.3}{\376\377\0001\0001\000.\0004\000.\0002\000.\0003\000\040\000p\000o\000r\000t}{subsection.11.4.2}% 242
\BOOKMARK [1][-]{section.11.5}{\376\377\0001\0001\000.\0005\000\040\000D\000o\000k\000u\000m\000e\000n\000t\000a\000c\000j\000a\000\040\000s\000t\000r\000u\000k\000t\000u\000r\000y\000\040\000b\000u\000t\000t\000o\000n\000\137\000s\000t\000a\000t\000e\000\137\000t}{chapter.11}% 243
\BOOKMARK [2][-]{subsection.11.5.1}{\376\377\0001\0001\000.\0005\000.\0001\000\040\000O\000p\000i\000s\000\040\000s\000z\000c\000z\000e\000g\000\363\001\102\000o\000w\000y}{section.11.5}% 244
\BOOKMARK [2][-]{subsection.11.5.2}{\376\377\0001\0001\000.\0005\000.\0002\000\040\000D\000o\000k\000u\000m\000e\000n\000t\000a\000c\000j\000a\000\040\000p\000\363\000l}{section.11.5}% 245
\BOOKMARK [3][-]{subsubsection.11.5.2.1}{\376\377\0001\0001\000.\0005\000.\0002\000.\0001\000\040\000l\000o\000n\000g\000\137\000r\000e\000p\000o\000r\000t\000e\000d}{subsection.11.5.2}% 246
\BOOKMARK [3][-]{subsubsection.11.5.2.2}{\376\377\0001\0001\000.\0005\000.\0002\000.\0002\000\040\000p\000r\000e\000s\000s\000e\000d\000\137\000s\000i\000n\000c\000e\000\137\000m\000s}{subsection.11.5.2}% 247
\BOOKMARK [3][-]{subsubsection.11.5.2.3}{\376\377\0001\0001\000.\0005\000.\0002\000.\0003\000\040\000r\000a\000w\000\137\000p\000r\000e\000s\000s\000e\000d}{subsection.11.5.2}% 248
\BOOKMARK [3][-]{subsubsection.11.5.2.4}{\376\377\0001\0001\000.\0005\000.\0002\000.\0004\000\040\000s\000t\000a\000b\000l\000e\000\137\000c\000o\000u\000n\000t}{subsection.11.5.2}% 249
\BOOKMARK [3][-]{subsubsection.11.5.2.5}{\376\377\0001\0001\000.\0005\000.\0002\000.\0005\000\040\000s\000t\000a\000b\000l\000e\000\137\000p\000r\000e\000s\000s\000e\000d}{subsection.11.5.2}% 250
\BOOKMARK [1][-]{section.11.6}{\376\377\0001\0001\000.\0006\000\040\000D\000o\000k\000u\000m\000e\000n\000t\000a\000c\000j\000a\000\040\000s\000t\000r\000u\000k\000t\000u\000r\000y\000\040\000i\0002\000c\000\137\000m\000e\000m\000\137\000s\000t\000o\000r\000e\000\137\000c\000f\000g\000\137\000t}{chapter.11}% 251
\BOOKMARK [2][-]{subsection.11.6.1}{\376\377\0001\0001\000.\0006\000.\0001\000\040\000O\000p\000i\000s\000\040\000s\000z\000c\000z\000e\000g\000\363\001\102\000o\000w\000y}{section.11.6}% 252
\BOOKMARK [2][-]{subsection.11.6.2}{\376\377\0001\0001\000.\0006\000.\0002\000\040\000D\000o\000k\000u\000m\000e\000n\000t\000a\000c\000j\000a\000\040\000p\000\363\000l}{section.11.6}% 253
\BOOKMARK [3][-]{subsubsection.11.6.2.1}{\376\377\0001\0001\000.\0006\000.\0002\000.\0001\000\040\000c\000r\000y\000p\000t\000o\000\137\000k\000e\000y}{subsection.11.6.2}% 254
\BOOKMARK [3][-]{subsubsection.11.6.2.2}{\376\377\0001\0001\000.\0006\000.\0002\000.\0002\000\040\000h\000i\0002\000c}{subsection.11.6.2}% 255
\BOOKMARK [3][-]{subsubsection.11.6.2.3}{\376\377\0001\0001\000.\0006\000.\0002\000.\0003\000\040\000i\0002\000c\000\137\000a\000d\000d\000r\000\137\0007\000b\000i\000t}{subsection.11.6.2}% 256
\BOOKMARK [3][-]{subsubsection.11.6.2.4}{\376\377\0001\0001\000.\0006\000.\0002\000.\0004\000\040\000m\000e\000m\000\137\000a\000d\000d\000r\000\137\000s\000i\000z\000e}{subsection.11.6.2}% 257
\BOOKMARK [3][-]{subsubsection.11.6.2.5}{\376\377\0001\0001\000.\0006\000.\0002\000.\0005\000\040\000p\000a\000g\000e\000\137\000b\000y\000t\000e\000s}{subsection.11.6.2}% 258
\BOOKMARK [3][-]{subsubsection.11.6.2.6}{\376\377\0001\0001\000.\0006\000.\0002\000.\0006\000\040\000s\000e\000c\000r\000e\000t\000\137\000a\000r\000e\000a\000\137\000b\000y\000t\000e\000s}{subsection.11.6.2}% 259
\BOOKMARK [3][-]{subsubsection.11.6.2.7}{\376\377\0001\0001\000.\0006\000.\0002\000.\0007\000\040\000t\000o\000t\000a\000l\000\137\000b\000y\000t\000e\000s}{subsection.11.6.2}% 260
\BOOKMARK [3][-]{subsubsection.11.6.2.8}{\376\377\0001\0001\000.\0006\000.\0002\000.\0008\000\040\000w\000r\000i\000t\000e\000\137\000c\000y\000c\000l\000e\000\137\000m\000s}{subsection.11.6.2}% 261
\BOOKMARK [1][-]{section.11.7}{\376\377\0001\0001\000.\0007\000\040\000D\000o\000k\000u\000m\000e\000n\000t\000a\000c\000j\000a\000\040\000s\000t\000r\000u\000k\000t\000u\000r\000y\000\040\000i\0002\000c\000\137\000m\000e\000m\000\137\000s\000t\000o\000r\000e\000\137\000l\000o\000g\000\137\000r\000e\000c\000o\000r\000d\000\137\000t}{chapter.11}% 262
\BOOKMARK [2][-]{subsection.11.7.1}{\376\377\0001\0001\000.\0007\000.\0001\000\040\000O\000p\000i\000s\000\040\000s\000z\000c\000z\000e\000g\000\363\001\102\000o\000w\000y}{section.11.7}% 263
\BOOKMARK [2][-]{subsection.11.7.2}{\376\377\0001\0001\000.\0007\000.\0002\000\040\000D\000o\000k\000u\000m\000e\000n\000t\000a\000c\000j\000a\000\040\000p\000\363\000l}{section.11.7}% 264
\BOOKMARK [3][-]{subsubsection.11.7.2.1}{\376\377\0001\0001\000.\0007\000.\0002\000.\0001\000\040\000l\000e\000n\000g\000t\000h}{subsection.11.7.2}% 265
\BOOKMARK [3][-]{subsubsection.11.7.2.2}{\376\377\0001\0001\000.\0007\000.\0002\000.\0002\000\040\000p\000a\000y\000l\000o\000a\000d}{subsection.11.7.2}% 266
\BOOKMARK [3][-]{subsubsection.11.7.2.3}{\376\377\0001\0001\000.\0007\000.\0002\000.\0003\000\040\000r\000s\000s\000i\000\137\000d\000b\000m}{subsection.11.7.2}% 267
\BOOKMARK [3][-]{subsubsection.11.7.2.4}{\376\377\0001\0001\000.\0007\000.\0002\000.\0004\000\040\000s\000e\000q\000u\000e\000n\000c\000e}{subsection.11.7.2}% 268
\BOOKMARK [3][-]{subsubsection.11.7.2.5}{\376\377\0001\0001\000.\0007\000.\0002\000.\0005\000\040\000t\000i\000m\000e\000s\000t\000a\000m\000p\000\137\000m\000s}{subsection.11.7.2}% 269
\BOOKMARK [1][-]{section.11.8}{\376\377\0001\0001\000.\0008\000\040\000D\000o\000k\000u\000m\000e\000n\000t\000a\000c\000j\000a\000\040\000s\000t\000r\000u\000k\000t\000u\000r\000y\000\040\000i\0002\000c\000\137\000m\000e\000m\000\137\000s\000t\000o\000r\000e\000\137\000m\000e\000t\000a\000\137\000w\000i\000r\000e\000\137\000t}{chapter.11}% 270
\BOOKMARK [2][-]{subsection.11.8.1}{\376\377\0001\0001\000.\0008\000.\0001\000\040\000O\000p\000i\000s\000\040\000s\000z\000c\000z\000e\000g\000\363\001\102\000o\000w\000y}{section.11.8}% 271
\BOOKMARK [2][-]{subsection.11.8.2}{\376\377\0001\0001\000.\0008\000.\0002\000\040\000D\000o\000k\000u\000m\000e\000n\000t\000a\000c\000j\000a\000\040\000p\000\363\000l}{section.11.8}% 272
\BOOKMARK [3][-]{subsubsection.11.8.2.1}{\376\377\0001\0001\000.\0008\000.\0002\000.\0001\000\040\000c\000r\000c\0001\0006}{subsection.11.8.2}% 273
\BOOKMARK [3][-]{subsubsection.11.8.2.2}{\376\377\0001\0001\000.\0008\000.\0002\000.\0002\000\040\000m\000a\000g\000i\000c}{subsection.11.8.2}% 274
\BOOKMARK [3][-]{subsubsection.11.8.2.3}{\376\377\0001\0001\000.\0008\000.\0002\000.\0003\000\040\000n\000e\000x\000t\000\137\000s\000e\000q\000u\000e\000n\000c\000e}{subsection.11.8.2}% 275
\BOOKMARK [3][-]{subsubsection.11.8.2.4}{\376\377\0001\0001\000.\0008\000.\0002\000.\0004\000\040\000r\000e\000s\000e\000r\000v\000e\000d}{subsection.11.8.2}% 276
\BOOKMARK [3][-]{subsubsection.11.8.2.5}{\376\377\0001\0001\000.\0008\000.\0002\000.\0005\000\040\000r\000e\000s\000e\000r\000v\000e\000d\0002}{subsection.11.8.2}% 277
\BOOKMARK [3][-]{subsubsection.11.8.2.6}{\376\377\0001\0001\000.\0008\000.\0002\000.\0006\000\040\000s\000e\000c\000r\000e\000t\000\137\000c\000o\000u\000n\000t\000e\000r}{subsection.11.8.2}% 278
\BOOKMARK [3][-]{subsubsection.11.8.2.7}{\376\377\0001\0001\000.\0008\000.\0002\000.\0007\000\040\000v\000a\000l\000i\000d\000\137\000c\000o\000u\000n\000t}{subsection.11.8.2}% 279
\BOOKMARK [3][-]{subsubsection.11.8.2.8}{\376\377\0001\0001\000.\0008\000.\0002\000.\0008\000\040\000v\000e\000r\000s\000i\000o\000n}{subsection.11.8.2}% 280
\BOOKMARK [3][-]{subsubsection.11.8.2.9}{\376\377\0001\0001\000.\0008\000.\0002\000.\0009\000\040\000w\000r\000i\000t\000e\000\137\000s\000l\000o\000t}{subsection.11.8.2}% 281
\BOOKMARK [1][-]{section.11.9}{\376\377\0001\0001\000.\0009\000\040\000D\000o\000k\000u\000m\000e\000n\000t\000a\000c\000j\000a\000\040\000s\000t\000r\000u\000k\000t\000u\000r\000y\000\040\000i\0002\000c\000\137\000m\000e\000m\000\137\000s\000t\000o\000r\000e\000\137\000t}{chapter.11}% 282
\BOOKMARK [2][-]{subsection.11.9.1}{\376\377\0001\0001\000.\0009\000.\0001\000\040\000O\000p\000i\000s\000\040\000s\000z\000c\000z\000e\000g\000\363\001\102\000o\000w\000y}{section.11.9}% 283
\BOOKMARK [2][-]{subsection.11.9.2}{\376\377\0001\0001\000.\0009\000.\0002\000\040\000D\000o\000k\000u\000m\000e\000n\000t\000a\000c\000j\000a\000\040\000p\000\363\000l}{section.11.9}% 284
\BOOKMARK [3][-]{subsubsection.11.9.2.1}{\376\377\0001\0001\000.\0009\000.\0002\000.\0001\000\040\000c\000f\000g}{subsection.11.9.2}% 285
\BOOKMARK [3][-]{subsubsection.11.9.2.2}{\376\377\0001\0001\000.\0009\000.\0002\000.\0002\000\040\000i\000n\000i\000t\000i\000a\000l\000i\000z\000e\000d}{subsection.11.9.2}% 286
\BOOKMARK [3][-]{subsubsection.11.9.2.3}{\376\377\0001\0001\000.\0009\000.\0002\000.\0003\000\040\000n\000e\000x\000t\000\137\000s\000e\000q\000u\000e\000n\000c\000e}{subsection.11.9.2}% 287
\BOOKMARK [3][-]{subsubsection.11.9.2.4}{\376\377\0001\0001\000.\0009\000.\0002\000.\0004\000\040\000s\000e\000c\000r\000e\000t\000\137\000c\000o\000u\000n\000t\000e\000r}{subsection.11.9.2}% 288
\BOOKMARK [3][-]{subsubsection.11.9.2.5}{\376\377\0001\0001\000.\0009\000.\0002\000.\0005\000\040\000s\000e\000c\000r\000e\000t\000\137\000s\000l\000o\000t\000\137\000c\000o\000u\000n\000t}{subsection.11.9.2}% 289
\BOOKMARK [3][-]{subsubsection.11.9.2.6}{\376\377\0001\0001\000.\0009\000.\0002\000.\0006\000\040\000s\000l\000o\000t\000\137\000c\000o\000u\000n\000t}{subsection.11.9.2}% 290
\BOOKMARK [3][-]{subsubsection.11.9.2.7}{\376\377\0001\0001\000.\0009\000.\0002\000.\0007\000\040\000v\000a\000l\000i\000d\000\137\000c\000o\000u\000n\000t}{subsection.11.9.2}% 291
\BOOKMARK [3][-]{subsubsection.11.9.2.8}{\376\377\0001\0001\000.\0009\000.\0002\000.\0008\000\040\000w\000r\000i\000t\000e\000\137\000s\000l\000o\000t}{subsection.11.9.2}% 292
\BOOKMARK [1][-]{section.11.10}{\376\377\0001\0001\000.\0001\0000\000\040\000D\000o\000k\000u\000m\000e\000n\000t\000a\000c\000j\000a\000\040\000s\000t\000r\000u\000k\000t\000u\000r\000y\000\040\000i\0002\000c\000\137\000m\000e\000m\000\137\000s\000t\000o\000r\000e\000\137\000t\000r\000u\000s\000t\000e\000d\000\137\000d\000e\000v\000i\000c\000e\000\137\000t}{chapter.11}% 293
\BOOKMARK [2][-]{subsection.11.10.1}{\376\377\0001\0001\000.\0001\0000\000.\0001\000\040\000O\000p\000i\000s\000\040\000s\000z\000c\000z\000e\000g\000\363\001\102\000o\000w\000y}{section.11.10}% 294
\BOOKMARK [2][-]{subsection.11.10.2}{\376\377\0001\0001\000.\0001\0000\000.\0002\000\040\000D\000o\000k\000u\000m\000e\000n\000t\000a\000c\000j\000a\000\040\000p\000\363\000l}{section.11.10}% 295
\BOOKMARK [3][-]{subsubsection.11.10.2.1}{\376\377\0001\0001\000.\0001\0000\000.\0002\000.\0001\000\040\000c\000o\000d\000e}{subsection.11.10.2}% 296
\BOOKMARK [3][-]{subsubsection.11.10.2.2}{\376\377\0001\0001\000.\0001\0000\000.\0002\000.\0002\000\040\000c\000o\000d\000e\000\137\000l\000e\000n}{subsection.11.10.2}% 297
\BOOKMARK [3][-]{subsubsection.11.10.2.3}{\376\377\0001\0001\000.\0001\0000\000.\0002\000.\0003\000\040\000i\000d}{subsection.11.10.2}% 298
\BOOKMARK [3][-]{subsubsection.11.10.2.4}{\376\377\0001\0001\000.\0001\0000\000.\0002\000.\0004\000\040\000i\000d\000\137\000l\000e\000n}{subsection.11.10.2}% 299
\BOOKMARK [1][-]{section.11.11}{\376\377\0001\0001\000.\0001\0001\000\040\000D\000o\000k\000u\000m\000e\000n\000t\000a\000c\000j\000a\000\040\000s\000t\000r\000u\000k\000t\000u\000r\000y\000\040\000l\000a\000v\000i\000e\000t\000\137\000f\000r\000a\000m\000e\000\137\000t}{chapter.11}% 300
\BOOKMARK [2][-]{subsection.11.11.1}{\376\377\0001\0001\000.\0001\0001\000.\0001\000\040\000O\000p\000i\000s\000\040\000s\000z\000c\000z\000e\000g\000\363\001\102\000o\000w\000y}{section.11.11}% 301
\BOOKMARK [2][-]{subsection.11.11.2}{\376\377\0001\0001\000.\0001\0001\000.\0002\000\040\000D\000o\000k\000u\000m\000e\000n\000t\000a\000c\000j\000a\000\040\000p\000\363\000l}{section.11.11}% 302
\BOOKMARK [3][-]{subsubsection.11.11.2.1}{\376\377\0001\0001\000.\0001\0001\000.\0002\000.\0001\000\040\000c\000o\000u\000n\000t\000e\000r}{subsection.11.11.2}% 303
\BOOKMARK [3][-]{subsubsection.11.11.2.2}{\376\377\0001\0001\000.\0001\0001\000.\0002\000.\0002\000\040\000d\000s\000t\000\137\000i\000d}{subsection.11.11.2}% 304
\BOOKMARK [3][-]{subsubsection.11.11.2.3}{\376\377\0001\0001\000.\0001\0001\000.\0002\000.\0003\000\040\000f\000l\000a\000g\000s}{subsection.11.11.2}% 305
\BOOKMARK [3][-]{subsubsection.11.11.2.4}{\376\377\0001\0001\000.\0001\0001\000.\0002\000.\0004\000\040\000m\000a\000c\000\137\000t\000a\000g}{subsection.11.11.2}% 306
\BOOKMARK [3][-]{subsubsection.11.11.2.5}{\376\377\0001\0001\000.\0001\0001\000.\0002\000.\0005\000\040\000m\000s\000g\000\137\000i\000d}{subsection.11.11.2}% 307
\BOOKMARK [3][-]{subsubsection.11.11.2.6}{\376\377\0001\0001\000.\0001\0001\000.\0002\000.\0006\000\040\000p\000a\000y\000l\000o\000a\000d}{subsection.11.11.2}% 308
\BOOKMARK [3][-]{subsubsection.11.11.2.7}{\376\377\0001\0001\000.\0001\0001\000.\0002\000.\0007\000\040\000p\000a\000y\000l\000o\000a\000d\000\137\000l\000e\000n}{subsection.11.11.2}% 309
\BOOKMARK [3][-]{subsubsection.11.11.2.8}{\376\377\0001\0001\000.\0001\0001\000.\0002\000.\0008\000\040\000s\000r\000c\000\137\000i\000d}{subsection.11.11.2}% 310
\BOOKMARK [3][-]{subsubsection.11.11.2.9}{\376\377\0001\0001\000.\0001\0001\000.\0002\000.\0009\000\040\000v\000e\000r\000\137\000t\000y\000p\000e}{subsection.11.11.2}% 311
\BOOKMARK [1][-]{section.11.12}{\376\377\0001\0001\000.\0001\0002\000\040\000D\000o\000k\000u\000m\000e\000n\000t\000a\000c\000j\000a\000\040\000s\000t\000r\000u\000k\000t\000u\000r\000y\000\040\000l\000a\000v\000i\000e\000t\000\137\000s\000h\000a\0002\0005\0006\000\137\000c\000t\000x\000\137\000t}{chapter.11}% 312
\BOOKMARK [2][-]{subsection.11.12.1}{\376\377\0001\0001\000.\0001\0002\000.\0001\000\040\000O\000p\000i\000s\000\040\000s\000z\000c\000z\000e\000g\000\363\001\102\000o\000w\000y}{section.11.12}% 313
\BOOKMARK [2][-]{subsection.11.12.2}{\376\377\0001\0001\000.\0001\0002\000.\0002\000\040\000D\000o\000k\000u\000m\000e\000n\000t\000a\000c\000j\000a\000\040\000p\000\363\000l}{section.11.12}% 314
\BOOKMARK [3][-]{subsubsection.11.12.2.1}{\376\377\0001\0001\000.\0001\0002\000.\0002\000.\0001\000\040\000b\000i\000t\000l\000e\000n}{subsection.11.12.2}% 315
\BOOKMARK [3][-]{subsubsection.11.12.2.2}{\376\377\0001\0001\000.\0001\0002\000.\0002\000.\0002\000\040\000d\000a\000t\000a}{subsection.11.12.2}% 316
\BOOKMARK [3][-]{subsubsection.11.12.2.3}{\376\377\0001\0001\000.\0001\0002\000.\0002\000.\0003\000\040\000d\000a\000t\000a\000l\000e\000n}{subsection.11.12.2}% 317
\BOOKMARK [3][-]{subsubsection.11.12.2.4}{\376\377\0001\0001\000.\0001\0002\000.\0002\000.\0004\000\040\000s\000t\000a\000t\000e}{subsection.11.12.2}% 318
\BOOKMARK [1][-]{section.11.13}{\376\377\0001\0001\000.\0001\0003\000\040\000D\000o\000k\000u\000m\000e\000n\000t\000a\000c\000j\000a\000\040\000s\000t\000r\000u\000k\000t\000u\000r\000y\000\040\000l\000c\000d\000\137\000m\000a\000i\000n\000\137\000m\000s\000g\000\137\000t}{chapter.11}% 319
\BOOKMARK [2][-]{subsection.11.13.1}{\376\377\0001\0001\000.\0001\0003\000.\0001\000\040\000O\000p\000i\000s\000\040\000s\000z\000c\000z\000e\000g\000\363\001\102\000o\000w\000y}{section.11.13}% 320
\BOOKMARK [2][-]{subsection.11.13.2}{\376\377\0001\0001\000.\0001\0003\000.\0002\000\040\000D\000o\000k\000u\000m\000e\000n\000t\000a\000c\000j\000a\000\040\000p\000\363\000l}{section.11.13}% 321
\BOOKMARK [3][-]{subsubsection.11.13.2.1}{\376\377\0001\0001\000.\0001\0003\000.\0002\000.\0001\000\040\000l\000i\000n\000e\000\137\000i\000n\000d\000e\000x}{subsection.11.13.2}% 322
\BOOKMARK [3][-]{subsubsection.11.13.2.2}{\376\377\0001\0001\000.\0001\0003\000.\0002\000.\0002\000\040\000m\000o\000d\000e}{subsection.11.13.2}% 323
\BOOKMARK [3][-]{subsubsection.11.13.2.3}{\376\377\0001\0001\000.\0001\0003\000.\0002\000.\0003\000\040\000t\000e\000x\000t\0000}{subsection.11.13.2}% 324
\BOOKMARK [3][-]{subsubsection.11.13.2.4}{\376\377\0001\0001\000.\0001\0003\000.\0002\000.\0004\000\040\000t\000e\000x\000t\0001}{subsection.11.13.2}% 325
\BOOKMARK [3][-]{subsubsection.11.13.2.5}{\376\377\0001\0001\000.\0001\0003\000.\0002\000.\0005\000\040\000t\000e\000x\000t\0002}{subsection.11.13.2}% 326
\BOOKMARK [3][-]{subsubsection.11.13.2.6}{\376\377\0001\0001\000.\0001\0003\000.\0002\000.\0006\000\040\000t\000e\000x\000t\0003}{subsection.11.13.2}% 327
\BOOKMARK [3][-]{subsubsection.11.13.2.7}{\376\377\0001\0001\000.\0001\0003\000.\0002\000.\0007\000\040\000t\000y\000p\000e}{subsection.11.13.2}% 328
\BOOKMARK [1][-]{section.11.14}{\376\377\0001\0001\000.\0001\0004\000\040\000D\000o\000k\000u\000m\000e\000n\000t\000a\000c\000j\000a\000\040\000s\000t\000r\000u\000k\000t\000u\000r\000y\000\040\000l\000c\000d\000\137\000s\000t\000a\000t\000e\000\137\000t}{chapter.11}% 329
\BOOKMARK [2][-]{subsection.11.14.1}{\376\377\0001\0001\000.\0001\0004\000.\0001\000\040\000O\000p\000i\000s\000\040\000s\000z\000c\000z\000e\000g\000\363\001\102\000o\000w\000y}{section.11.14}% 330
\BOOKMARK [2][-]{subsection.11.14.2}{\376\377\0001\0001\000.\0001\0004\000.\0002\000\040\000D\000o\000k\000u\000m\000e\000n\000t\000a\000c\000j\000a\000\040\000p\000\363\000l}{section.11.14}% 331
\BOOKMARK [3][-]{subsubsection.11.14.2.1}{\376\377\0001\0001\000.\0001\0004\000.\0002\000.\0001\000\040\000a\000d\000d\000r\000\137\0007\000b\000i\000t}{subsection.11.14.2}% 332
\BOOKMARK [3][-]{subsubsection.11.14.2.2}{\376\377\0001\0001\000.\0001\0004\000.\0002\000.\0002\000\040\000b\000a\000c\000k\000l\000i\000g\000h\000t}{subsection.11.14.2}% 333
\BOOKMARK [3][-]{subsubsection.11.14.2.3}{\376\377\0001\0001\000.\0001\0004\000.\0002\000.\0003\000\040\000i\000n\000i\000t\000i\000a\000l\000i\000z\000e\000d}{subsection.11.14.2}% 334
\BOOKMARK [1][-]{section.11.15}{\376\377\0001\0001\000.\0001\0005\000\040\000D\000o\000k\000u\000m\000e\000n\000t\000a\000c\000j\000a\000\040\000s\000t\000r\000u\000k\000t\000u\000r\000y\000\040\000l\000e\000d\000\137\000a\000r\000r\000a\000y\000\137\000c\000t\000x\000\137\000t}{chapter.11}% 335
\BOOKMARK [2][-]{subsection.11.15.1}{\376\377\0001\0001\000.\0001\0005\000.\0001\000\040\000O\000p\000i\000s\000\040\000s\000z\000c\000z\000e\000g\000\363\001\102\000o\000w\000y}{section.11.15}% 336
\BOOKMARK [2][-]{subsection.11.15.2}{\376\377\0001\0001\000.\0001\0005\000.\0002\000\040\000D\000o\000k\000u\000m\000e\000n\000t\000a\000c\000j\000a\000\040\000p\000\363\000l}{section.11.15}% 337
\BOOKMARK [3][-]{subsubsection.11.15.2.1}{\376\377\0001\0001\000.\0001\0005\000.\0002\000.\0001\000\040\000a\000c\000t\000i\000v\000e\000\137\000b\000r\000i\000g\000h\000t\000n\000e\000s\000s}{subsection.11.15.2}% 338
\BOOKMARK [3][-]{subsubsection.11.15.2.2}{\376\377\0001\0001\000.\0001\0005\000.\0002\000.\0002\000\040\000d\000u\000r\000a\000t\000i\000o\000n\000\137\000m\000s}{subsection.11.15.2}% 339
\BOOKMARK [3][-]{subsubsection.11.15.2.3}{\376\377\0001\0001\000.\0001\0005\000.\0002\000.\0003\000\040\000e\000f\000f\000e\000c\000t}{subsection.11.15.2}% 340
\BOOKMARK [3][-]{subsubsection.11.15.2.4}{\376\377\0001\0001\000.\0001\0005\000.\0002\000.\0004\000\040\000e\000l\000a\000p\000s\000e\000d\000\137\000m\000s}{subsection.11.15.2}% 341
\BOOKMARK [3][-]{subsubsection.11.15.2.5}{\376\377\0001\0001\000.\0001\0005\000.\0002\000.\0005\000\040\000i\000n\000i\000t\000i\000a\000l\000i\000z\000e\000d}{subsection.11.15.2}% 342
\BOOKMARK [3][-]{subsubsection.11.15.2.6}{\376\377\0001\0001\000.\0001\0005\000.\0002\000.\0006\000\040\000l\000a\000s\000t\000\137\000t\000i\000c\000k\000\137\000m\000s}{subsection.11.15.2}% 343
\BOOKMARK [3][-]{subsubsection.11.15.2.7}{\376\377\0001\0001\000.\0001\0005\000.\0002\000.\0007\000\040\000m\000a\000n\000u\000a\000l\000\137\000b\000r\000i\000g\000h\000t\000n\000e\000s\000s}{subsection.11.15.2}% 344
\BOOKMARK [3][-]{subsubsection.11.15.2.8}{\376\377\0001\0001\000.\0001\0005\000.\0002\000.\0008\000\040\000m\000a\000s\000k}{subsection.11.15.2}% 345
\BOOKMARK [3][-]{subsubsection.11.15.2.9}{\376\377\0001\0001\000.\0001\0005\000.\0002\000.\0009\000\040\000m\000a\000x\000\137\000p\000c\000t}{subsection.11.15.2}% 346
\BOOKMARK [3][-]{subsubsection.11.15.2.10}{\376\377\0001\0001\000.\0001\0005\000.\0002\000.\0001\0000\000\040\000m\000i\000n\000\137\000p\000c\000t}{subsection.11.15.2}% 347
\BOOKMARK [3][-]{subsubsection.11.15.2.11}{\376\377\0001\0001\000.\0001\0005\000.\0002\000.\0001\0001\000\040\000p\000e\000r\000i\000o\000d\000\137\000m\000s}{subsection.11.15.2}% 348
\BOOKMARK [3][-]{subsubsection.11.15.2.12}{\376\377\0001\0001\000.\0001\0005\000.\0002\000.\0001\0002\000\040\000p\000h\000a\000s\000e\000\137\000a\000c\000c\000u\000m\000\137\000m\000s}{subsection.11.15.2}% 349
\BOOKMARK [3][-]{subsubsection.11.15.2.13}{\376\377\0001\0001\000.\0001\0005\000.\0002\000.\0001\0003\000\040\000p\000h\000a\000s\000e\000\137\000b\000a\000s\000e}{subsection.11.15.2}% 350
\BOOKMARK [3][-]{subsubsection.11.15.2.14}{\376\377\0001\0001\000.\0001\0005\000.\0002\000.\0001\0004\000\040\000s\000t\000e\000p\000\137\000m\000s}{subsection.11.15.2}% 351
\BOOKMARK [3][-]{subsubsection.11.15.2.15}{\376\377\0001\0001\000.\0001\0005\000.\0002\000.\0001\0005\000\040\000t\000i\000c\000k\000\137\000p\000e\000r\000i\000o\000d\000\137\000m\000s}{subsection.11.15.2}% 352
\BOOKMARK [3][-]{subsubsection.11.15.2.16}{\376\377\0001\0001\000.\0001\0005\000.\0002\000.\0001\0006\000\040\000t\000i\000m\000e\000r\000\137\000r\000u\000n\000n\000i\000n\000g}{subsection.11.15.2}% 353
\BOOKMARK [1][-]{section.11.16}{\376\377\0001\0001\000.\0001\0006\000\040\000D\000o\000k\000u\000m\000e\000n\000t\000a\000c\000j\000a\000\040\000s\000t\000r\000u\000k\000t\000u\000r\000y\000\040\000m\000e\000n\000u\000\137\000i\000t\000e\000m\000\137\000t}{chapter.11}% 354
\BOOKMARK [2][-]{subsection.11.16.1}{\376\377\0001\0001\000.\0001\0006\000.\0001\000\040\000O\000p\000i\000s\000\040\000s\000z\000c\000z\000e\000g\000\363\001\102\000o\000w\000y}{section.11.16}% 355
\BOOKMARK [2][-]{subsection.11.16.2}{\376\377\0001\0001\000.\0001\0006\000.\0002\000\040\000D\000o\000k\000u\000m\000e\000n\000t\000a\000c\000j\000a\000\040\000p\000\363\000l}{section.11.16}% 356
\BOOKMARK [3][-]{subsubsection.11.16.2.1}{\376\377\0001\0001\000.\0001\0006\000.\0002\000.\0001\000\040\000a\000c\000t\000i\000o\000n}{subsection.11.16.2}% 357
\BOOKMARK [3][-]{subsubsection.11.16.2.2}{\376\377\0001\0001\000.\0001\0006\000.\0002\000.\0002\000\040\000c\000h\000i\000l\000d\000\137\000p\000a\000g\000e}{subsection.11.16.2}% 358
\BOOKMARK [3][-]{subsubsection.11.16.2.3}{\376\377\0001\0001\000.\0001\0006\000.\0002\000.\0003\000\040\000l\000a\000b\000e\000l}{subsection.11.16.2}% 359
\BOOKMARK [1][-]{section.11.17}{\376\377\0001\0001\000.\0001\0007\000\040\000D\000o\000k\000u\000m\000e\000n\000t\000a\000c\000j\000a\000\040\000s\000t\000r\000u\000k\000t\000u\000r\000y\000\040\000m\000e\000n\000u\000\137\000n\000o\000t\000i\000f\000i\000c\000a\000t\000i\000o\000n\000\137\000t}{chapter.11}% 360
\BOOKMARK [2][-]{subsection.11.17.1}{\376\377\0001\0001\000.\0001\0007\000.\0001\000\040\000O\000p\000i\000s\000\040\000s\000z\000c\000z\000e\000g\000\363\001\102\000o\000w\000y}{section.11.17}% 361
\BOOKMARK [2][-]{subsection.11.17.2}{\376\377\0001\0001\000.\0001\0007\000.\0002\000\040\000D\000o\000k\000u\000m\000e\000n\000t\000a\000c\000j\000a\000\040\000p\000\363\000l}{section.11.17}% 362
\BOOKMARK [3][-]{subsubsection.11.17.2.1}{\376\377\0001\0001\000.\0001\0007\000.\0002\000.\0001\000\040\000d\000e\000v\000i\000c\000e\000\137\000c\000o\000d\000e}{subsection.11.17.2}% 363
\BOOKMARK [3][-]{subsubsection.11.17.2.2}{\376\377\0001\0001\000.\0001\0007\000.\0002\000.\0002\000\040\000r\000e\000p\000l\000y\000\137\000d\000e\000v\000i\000c\000e\000\137\000c\000o\000d\000e}{subsection.11.17.2}% 364
\BOOKMARK [3][-]{subsubsection.11.17.2.3}{\376\377\0001\0001\000.\0001\0007\000.\0002\000.\0003\000\040\000r\000s\000s\000i\000\137\000d\000b\000m}{subsection.11.17.2}% 365
\BOOKMARK [3][-]{subsubsection.11.17.2.4}{\376\377\0001\0001\000.\0001\0007\000.\0002\000.\0004\000\040\000t\000e\000x\000t}{subsection.11.17.2}% 366
\BOOKMARK [3][-]{subsubsection.11.17.2.5}{\376\377\0001\0001\000.\0001\0007\000.\0002\000.\0005\000\040\000t\000y\000p\000e}{subsection.11.17.2}% 367
\BOOKMARK [1][-]{section.11.18}{\376\377\0001\0001\000.\0001\0008\000\040\000D\000o\000k\000u\000m\000e\000n\000t\000a\000c\000j\000a\000\040\000s\000t\000r\000u\000k\000t\000u\000r\000y\000\040\000m\000e\000n\000u\000\137\000p\000a\000g\000e\000\137\000t}{chapter.11}% 368
\BOOKMARK [2][-]{subsection.11.18.1}{\376\377\0001\0001\000.\0001\0008\000.\0001\000\040\000O\000p\000i\000s\000\040\000s\000z\000c\000z\000e\000g\000\363\001\102\000o\000w\000y}{section.11.18}% 369
\BOOKMARK [2][-]{subsection.11.18.2}{\376\377\0001\0001\000.\0001\0008\000.\0002\000\040\000D\000o\000k\000u\000m\000e\000n\000t\000a\000c\000j\000a\000\040\000p\000\363\000l}{section.11.18}% 370
\BOOKMARK [3][-]{subsubsection.11.18.2.1}{\376\377\0001\0001\000.\0001\0008\000.\0002\000.\0001\000\040\000i\000t\000e\000m\000\137\000c\000o\000u\000n\000t}{subsection.11.18.2}% 371
\BOOKMARK [3][-]{subsubsection.11.18.2.2}{\376\377\0001\0001\000.\0001\0008\000.\0002\000.\0002\000\040\000i\000t\000e\000m\000s}{subsection.11.18.2}% 372
\BOOKMARK [3][-]{subsubsection.11.18.2.3}{\376\377\0001\0001\000.\0001\0008\000.\0002\000.\0003\000\040\000p\000a\000r\000e\000n\000t}{subsection.11.18.2}% 373
\BOOKMARK [3][-]{subsubsection.11.18.2.4}{\376\377\0001\0001\000.\0001\0008\000.\0002\000.\0004\000\040\000t\000i\000t\000l\000e}{subsection.11.18.2}% 374
\BOOKMARK [1][-]{section.11.19}{\376\377\0001\0001\000.\0001\0009\000\040\000D\000o\000k\000u\000m\000e\000n\000t\000a\000c\000j\000a\000\040\000s\000t\000r\000u\000k\000t\000u\000r\000y\000\040\000m\000e\000n\000u\000\137\000r\000a\000d\000i\000o\000\137\000a\000c\000t\000i\000o\000n\000\137\000b\000i\000n\000d\000i\000n\000g\000\137\000t}{chapter.11}% 375
\BOOKMARK [2][-]{subsection.11.19.1}{\376\377\0001\0001\000.\0001\0009\000.\0001\000\040\000O\000p\000i\000s\000\040\000s\000z\000c\000z\000e\000g\000\363\001\102\000o\000w\000y}{section.11.19}% 376
\BOOKMARK [2][-]{subsection.11.19.2}{\376\377\0001\0001\000.\0001\0009\000.\0002\000\040\000D\000o\000k\000u\000m\000e\000n\000t\000a\000c\000j\000a\000\040\000p\000\363\000l}{section.11.19}% 377
\BOOKMARK [3][-]{subsubsection.11.19.2.1}{\376\377\0001\0001\000.\0001\0009\000.\0002\000.\0001\000\040\000a\000c\000t\000i\000o\000n}{subsection.11.19.2}% 378
\BOOKMARK [3][-]{subsubsection.11.19.2.2}{\376\377\0001\0001\000.\0001\0009\000.\0002\000.\0002\000\040\000e\000r\000r\000\137\000t\000e\000x\000t}{subsection.11.19.2}% 379
\BOOKMARK [3][-]{subsubsection.11.19.2.3}{\376\377\0001\0001\000.\0001\0009\000.\0002\000.\0003\000\040\000m\000o\000d\000u\000l\000a\000t\000i\000o\000n}{subsection.11.19.2}% 380
\BOOKMARK [3][-]{subsubsection.11.19.2.4}{\376\377\0001\0001\000.\0001\0009\000.\0002\000.\0004\000\040\000o\000k\000\137\000t\000e\000x\000t}{subsection.11.19.2}% 381
\BOOKMARK [3][-]{subsubsection.11.19.2.5}{\376\377\0001\0001\000.\0001\0009\000.\0002\000.\0005\000\040\000o\000p\000t\000i\000o\000n}{subsection.11.19.2}% 382
\BOOKMARK [3][-]{subsubsection.11.19.2.6}{\376\377\0001\0001\000.\0001\0009\000.\0002\000.\0006\000\040\000p\000e\000r\000s\000i\000s\000t\000\137\000l\000o\000r\000a\000\137\000p\000r\000e\000s\000e\000t}{subsection.11.19.2}% 383
\BOOKMARK [3][-]{subsubsection.11.19.2.7}{\376\377\0001\0001\000.\0001\0009\000.\0002\000.\0007\000\040\000s\000e\000t\000\137\000m\000o\000d\000u\000l\000a\000t\000i\000o\000n}{subsection.11.19.2}% 384
\BOOKMARK [3][-]{subsubsection.11.19.2.8}{\376\377\0001\0001\000.\0001\0009\000.\0002\000.\0008\000\040\000s\000e\000t\000\137\000o\000p\000t\000i\000o\000n}{subsection.11.19.2}% 385
\BOOKMARK [3][-]{subsubsection.11.19.2.9}{\376\377\0001\0001\000.\0001\0009\000.\0002\000.\0009\000\040\000v\000a\000l\000u\000e}{subsection.11.19.2}% 386
\BOOKMARK [1][-]{section.11.20}{\376\377\0001\0001\000.\0002\0000\000\040\000D\000o\000k\000u\000m\000e\000n\000t\000a\000c\000j\000a\000\040\000s\000t\000r\000u\000k\000t\000u\000r\000y\000\040\000m\000e\000n\000u\000\137\000s\000t\000a\000t\000e\000\137\000t}{chapter.11}% 387
\BOOKMARK [2][-]{subsection.11.20.1}{\376\377\0001\0001\000.\0002\0000\000.\0001\000\040\000O\000p\000i\000s\000\040\000s\000z\000c\000z\000e\000g\000\363\001\102\000o\000w\000y}{section.11.20}% 388
\BOOKMARK [2][-]{subsection.11.20.2}{\376\377\0001\0001\000.\0002\0000\000.\0002\000\040\000D\000o\000k\000u\000m\000e\000n\000t\000a\000c\000j\000a\000\040\000p\000\363\000l}{section.11.20}% 389
\BOOKMARK [3][-]{subsubsection.11.20.2.1}{\376\377\0001\0001\000.\0002\0000\000.\0002\000.\0001\000\040\000a\000d\000m\000i\000n\000\137\000u\000n\000l\000o\000c\000k\000\137\000u\000n\000t\000i\000l\000\137\000m\000s}{subsection.11.20.2}% 390
\BOOKMARK [3][-]{subsubsection.11.20.2.2}{\376\377\0001\0001\000.\0002\0000\000.\0002\000.\0002\000\040\000c\000u\000r\000r\000e\000n\000t\000\137\000p\000a\000g\000e}{subsection.11.20.2}% 391
\BOOKMARK [3][-]{subsubsection.11.20.2.3}{\376\377\0001\0001\000.\0002\0000\000.\0002\000.\0003\000\040\000l\000a\000s\000t\000\137\000i\000n\000p\000u\000t\000\137\000m\000s}{subsection.11.20.2}% 392
\BOOKMARK [3][-]{subsubsection.11.20.2.4}{\376\377\0001\0001\000.\0002\0000\000.\0002\000.\0004\000\040\000l\000e\000d\000\137\000m\000o\000d\000e}{subsection.11.20.2}% 393
\BOOKMARK [3][-]{subsubsection.11.20.2.5}{\376\377\0001\0001\000.\0002\0000\000.\0002\000.\0005\000\040\000m\000o\000d\000a\000l}{subsection.11.20.2}% 394
\BOOKMARK [3][-]{subsubsection.11.20.2.6}{\376\377\0001\0001\000.\0002\0000\000.\0002\000.\0006\000\040\000o\000p\000e\000r\000a\000t\000o\000r\000\137\000u\000n\000l\000o\000c\000k\000\137\000u\000n\000t\000i\000l\000\137\000m\000s}{subsection.11.20.2}% 395
\BOOKMARK [3][-]{subsubsection.11.20.2.7}{\376\377\0001\0001\000.\0002\0000\000.\0002\000.\0007\000\040\000p\000a\000i\000r\000i\000n\000g\000\137\000n\000e\000t\000w\000o\000r\000k\000\137\000m\000o\000d\000e}{subsection.11.20.2}% 396
\BOOKMARK [3][-]{subsubsection.11.20.2.8}{\376\377\0001\0001\000.\0002\0000\000.\0002\000.\0008\000\040\000p\000e\000n\000d\000i\000n\000g\000\137\000a\000c\000t\000i\000o\000n}{subsection.11.20.2}% 397
\BOOKMARK [3][-]{subsubsection.11.20.2.9}{\376\377\0001\0001\000.\0002\0000\000.\0002\000.\0009\000\040\000p\000e\000n\000d\000i\000n\000g\000\137\000a\000u\000t\000h\000\137\000l\000e\000v\000e\000l}{subsection.11.20.2}% 398
\BOOKMARK [3][-]{subsubsection.11.20.2.10}{\376\377\0001\0001\000.\0002\0000\000.\0002\000.\0001\0000\000\040\000p\000e\000n\000d\000i\000n\000g\000\137\000a\000u\000t\000h\000\137\000p\000a\000g\000e}{subsection.11.20.2}% 399
\BOOKMARK [3][-]{subsubsection.11.20.2.11}{\376\377\0001\0001\000.\0002\0000\000.\0002\000.\0001\0001\000\040\000p\000e\000n\000d\000i\000n\000g\000\137\000t\000a\000r\000g\000e\000t\000\137\000n\000o\000d\000e\000\137\000i\000d}{subsection.11.20.2}% 400
\BOOKMARK [3][-]{subsubsection.11.20.2.12}{\376\377\0001\0001\000.\0002\0000\000.\0002\000.\0001\0002\000\040\000p\000i\000n\000\137\000d\000i\000g\000i\000t\000s}{subsection.11.20.2}% 401
\BOOKMARK [3][-]{subsubsection.11.20.2.13}{\376\377\0001\0001\000.\0002\0000\000.\0002\000.\0001\0003\000\040\000p\000i\000n\000\137\000i\000n\000d\000e\000x}{subsection.11.20.2}% 402
\BOOKMARK [3][-]{subsubsection.11.20.2.14}{\376\377\0001\0001\000.\0002\0000\000.\0002\000.\0001\0004\000\040\000p\000o\000p\000u\000p\000\137\000e\000n\000a\000b\000l\000e\000d}{subsection.11.20.2}% 403
\BOOKMARK [3][-]{subsubsection.11.20.2.15}{\376\377\0001\0001\000.\0002\0000\000.\0002\000.\0001\0005\000\040\000q\000u\000i\000c\000k\000\137\000r\000e\000p\000l\000y\000\137\000d\000e\000a\000d\000l\000i\000n\000e\000\137\000m\000s}{subsection.11.20.2}% 404
\BOOKMARK [3][-]{subsubsection.11.20.2.16}{\376\377\0001\0001\000.\0002\0000\000.\0002\000.\0001\0006\000\040\000q\000u\000i\000c\000k\000\137\000r\000e\000p\000l\000y\000\137\000l\000a\000s\000t\000\137\000s\000e\000c\000o\000n\000d\000s}{subsection.11.20.2}% 405
\BOOKMARK [3][-]{subsubsection.11.20.2.17}{\376\377\0001\0001\000.\0002\0000\000.\0002\000.\0001\0007\000\040\000q\000u\000i\000c\000k\000\137\000r\000e\000p\000l\000y\000\137\000s\000r\000c\000\137\000i\000d}{subsection.11.20.2}% 406
\BOOKMARK [3][-]{subsubsection.11.20.2.18}{\376\377\0001\0001\000.\0002\0000\000.\0002\000.\0001\0008\000\040\000q\000u\000i\000c\000k\000\137\000r\000e\000p\000l\000y\000\137\000t\000e\000x\000t}{subsection.11.20.2}% 407
\BOOKMARK [3][-]{subsubsection.11.20.2.19}{\376\377\0001\0001\000.\0002\0000\000.\0002\000.\0001\0009\000\040\000s\000e\000l\000e\000c\000t\000e\000d\000\137\000d\000e\000v\000i\000c\000e\000\137\000s\000l\000o\000t}{subsection.11.20.2}% 408
\BOOKMARK [3][-]{subsubsection.11.20.2.20}{\376\377\0001\0001\000.\0002\0000\000.\0002\000.\0002\0000\000\040\000s\000e\000l\000e\000c\000t\000e\000d\000\137\000i\000d\000x}{subsection.11.20.2}% 409
\BOOKMARK [3][-]{subsubsection.11.20.2.21}{\376\377\0001\0001\000.\0002\0000\000.\0002\000.\0002\0001\000\040\000s\000e\000n\000d\000\137\000t\000a\000r\000g\000e\000t\000\137\000a\000c\000t\000i\000o\000n}{subsection.11.20.2}% 410
\BOOKMARK [3][-]{subsubsection.11.20.2.22}{\376\377\0001\0001\000.\0002\0000\000.\0002\000.\0002\0002\000\040\000t\000r\000a\000n\000s\000i\000e\000n\000t\000\137\000p\000a\000r\000e\000n\000t\000\137\000p\000a\000g\000e}{subsection.11.20.2}% 411
\BOOKMARK [3][-]{subsubsection.11.20.2.23}{\376\377\0001\0001\000.\0002\0000\000.\0002\000.\0002\0003\000\040\000t\000x\000\137\000a\000c\000k\000\137\000w\000a\000i\000t\000i\000n\000g}{subsection.11.20.2}% 412
\BOOKMARK [3][-]{subsubsection.11.20.2.24}{\376\377\0001\0001\000.\0002\0000\000.\0002\000.\0002\0004\000\040\000t\000x\000\137\000s\000e\000n\000t\000\137\000t\000e\000x\000t}{subsection.11.20.2}% 413
\BOOKMARK [1][-]{section.11.21}{\376\377\0001\0001\000.\0002\0001\000\040\000D\000o\000k\000u\000m\000e\000n\000t\000a\000c\000j\000a\000\040\000s\000t\000r\000u\000k\000t\000u\000r\000y\000\040\000r\000a\000d\000i\000o\000\137\000c\000o\000n\000t\000e\000x\000t\000\137\000t}{chapter.11}% 414
\BOOKMARK [2][-]{subsection.11.21.1}{\376\377\0001\0001\000.\0002\0001\000.\0001\000\040\000O\000p\000i\000s\000\040\000s\000z\000c\000z\000e\000g\000\363\001\102\000o\000w\000y}{section.11.21}% 415
\BOOKMARK [2][-]{subsection.11.21.2}{\376\377\0001\0001\000.\0002\0001\000.\0002\000\040\000D\000o\000k\000u\000m\000e\000n\000t\000a\000c\000j\000a\000\040\000p\000\363\000l}{section.11.21}% 416
\BOOKMARK [3][-]{subsubsection.11.21.2.1}{\376\377\0001\0001\000.\0002\0001\000.\0002\000.\0001\000\040\000b\000u\000s}{subsection.11.21.2}% 417
\BOOKMARK [3][-]{subsubsection.11.21.2.2}{\376\377\0001\0001\000.\0002\0001\000.\0002\000.\0002\000\040\000c\000a\000l\000l\000b\000a\000c\000k}{subsection.11.21.2}% 418
\BOOKMARK [3][-]{subsubsection.11.21.2.3}{\376\377\0001\0001\000.\0002\0001\000.\0002\000.\0003\000\040\000c\000a\000l\000l\000b\000a\000c\000k\000\137\000c\000t\000x}{subsection.11.21.2}% 419
\BOOKMARK [3][-]{subsubsection.11.21.2.4}{\376\377\0001\0001\000.\0002\0001\000.\0002\000.\0004\000\040\000d\000i\000o\000\137\000p\000e\000n\000d\000i\000n\000g\000\137\000m\000a\000s\000k}{subsection.11.21.2}% 420
\BOOKMARK [3][-]{subsubsection.11.21.2.5}{\376\377\0001\0001\000.\0002\0001\000.\0002\000.\0005\000\040\000e\000v\000e\000n\000t\000\137\000f\000l\000a\000g\000s}{subsection.11.21.2}% 421
\BOOKMARK [3][-]{subsubsection.11.21.2.6}{\376\377\0001\0001\000.\0002\0001\000.\0002\000.\0006\000\040\000h\000w}{subsection.11.21.2}% 422
\BOOKMARK [3][-]{subsubsection.11.21.2.7}{\376\377\0001\0001\000.\0002\0001\000.\0002\000.\0007\000\040\000i\000n\000i\000t\000i\000a\000l\000i\000z\000e\000d}{subsection.11.21.2}% 423
\BOOKMARK [3][-]{subsubsection.11.21.2.8}{\376\377\0001\0001\000.\0002\0001\000.\0002\000.\0008\000\040\000l\000a\000s\000t\000\137\000p\000a\000c\000k\000e\000t}{subsection.11.21.2}% 424
\BOOKMARK [3][-]{subsubsection.11.21.2.9}{\376\377\0001\0001\000.\0002\0001\000.\0002\000.\0009\000\040\000l\000o\000r\000a}{subsection.11.21.2}% 425
\BOOKMARK [3][-]{subsubsection.11.21.2.10}{\376\377\0001\0001\000.\0002\0001\000.\0002\000.\0001\0000\000\040\000r\000x\000\137\000s\000i\000n\000g\000l\000e\000\137\000t\000i\000m\000e\000o\000u\000t\000\137\000s\000y\000m\000b\000o\000l\000s}{subsection.11.21.2}% 426
\BOOKMARK [3][-]{subsubsection.11.21.2.11}{\376\377\0001\0001\000.\0002\0001\000.\0002\000.\0001\0001\000\040\000s\000t\000a\000t\000e}{subsection.11.21.2}% 427
\BOOKMARK [3][-]{subsubsection.11.21.2.12}{\376\377\0001\0001\000.\0002\0001\000.\0002\000.\0001\0002\000\040\000t\000x\000\137\000r\000e\000s\000u\000m\000e\000\137\000s\000t\000a\000t\000e}{subsection.11.21.2}% 428
\BOOKMARK [1][-]{section.11.22}{\376\377\0001\0001\000.\0002\0002\000\040\000D\000o\000k\000u\000m\000e\000n\000t\000a\000c\000j\000a\000\040\000s\000t\000r\000u\000k\000t\000u\000r\000y\000\040\000r\000a\000d\000i\000o\000\137\000f\000s\000k\000\137\000c\000f\000g\000\137\000t}{chapter.11}% 429
\BOOKMARK [2][-]{subsection.11.22.1}{\376\377\0001\0001\000.\0002\0002\000.\0001\000\040\000O\000p\000i\000s\000\040\000s\000z\000c\000z\000e\000g\000\363\001\102\000o\000w\000y}{section.11.22}% 430
\BOOKMARK [2][-]{subsection.11.22.2}{\376\377\0001\0001\000.\0002\0002\000.\0002\000\040\000D\000o\000k\000u\000m\000e\000n\000t\000a\000c\000j\000a\000\040\000p\000\363\000l}{section.11.22}% 431
\BOOKMARK [3][-]{subsubsection.11.22.2.1}{\376\377\0001\0001\000.\0002\0002\000.\0002\000.\0001\000\040\000a\000d\000d\000r\000e\000s\000s\000\137\000f\000i\000l\000t\000e\000r}{subsection.11.22.2}% 432
\BOOKMARK [3][-]{subsubsection.11.22.2.2}{\376\377\0001\0001\000.\0002\0002\000.\0002\000.\0002\000\040\000b\000i\000t\000r\000a\000t\000e\000\137\000b\000p\000s}{subsection.11.22.2}% 433
\BOOKMARK [3][-]{subsubsection.11.22.2.3}{\376\377\0001\0001\000.\0002\0002\000.\0002\000.\0003\000\040\000c\000r\000c\000\137\000t\000y\000p\000e}{subsection.11.22.2}% 434
\BOOKMARK [3][-]{subsubsection.11.22.2.4}{\376\377\0001\0001\000.\0002\0002\000.\0002\000.\0004\000\040\000d\000a\000t\000a\000\137\000w\000h\000i\000t\000e\000n\000i\000n\000g}{subsection.11.22.2}% 435
\BOOKMARK [3][-]{subsubsection.11.22.2.5}{\376\377\0001\0001\000.\0002\0002\000.\0002\000.\0005\000\040\000f\000i\000l\000t\000e\000r}{subsection.11.22.2}% 436
\BOOKMARK [3][-]{subsubsection.11.22.2.6}{\376\377\0001\0001\000.\0002\0002\000.\0002\000.\0006\000\040\000f\000r\000e\000q\000u\000e\000n\000c\000y\000\137\000h\000z}{subsection.11.22.2}% 437
\BOOKMARK [3][-]{subsubsection.11.22.2.7}{\376\377\0001\0001\000.\0002\0002\000.\0002\000.\0007\000\040\000p\000r\000e\000a\000m\000b\000l\000e\000\137\000l\000e\000n}{subsection.11.22.2}% 438
\BOOKMARK [3][-]{subsubsection.11.22.2.8}{\376\377\0001\0001\000.\0002\0002\000.\0002\000.\0008\000\040\000r\000x\000\137\000b\000a\000n\000d\000w\000i\000d\000t\000h}{subsection.11.22.2}% 439
\BOOKMARK [3][-]{subsubsection.11.22.2.9}{\376\377\0001\0001\000.\0002\0002\000.\0002\000.\0009\000\040\000s\000h\000a\000p\000i\000n\000g}{subsection.11.22.2}% 440
\BOOKMARK [3][-]{subsubsection.11.22.2.10}{\376\377\0001\0001\000.\0002\0002\000.\0002\000.\0001\0000\000\040\000s\000y\000n\000c\000\137\000w\000o\000r\000d}{subsection.11.22.2}% 441
\BOOKMARK [3][-]{subsubsection.11.22.2.11}{\376\377\0001\0001\000.\0002\0002\000.\0002\000.\0001\0001\000\040\000s\000y\000n\000c\000\137\000w\000o\000r\000d\000\137\000l\000e\000n}{subsection.11.22.2}% 442
\BOOKMARK [3][-]{subsubsection.11.22.2.12}{\376\377\0001\0001\000.\0002\0002\000.\0002\000.\0001\0002\000\040\000t\000x\000\137\000p\000o\000w\000e\000r\000\137\000d\000b\000m}{subsection.11.22.2}% 443
\BOOKMARK [1][-]{section.11.23}{\376\377\0001\0001\000.\0002\0003\000\040\000D\000o\000k\000u\000m\000e\000n\000t\000a\000c\000j\000a\000\040\000s\000t\000r\000u\000k\000t\000u\000r\000y\000\040\000r\000a\000d\000i\000o\000\137\000f\000s\000k\000\137\000c\000o\000n\000t\000e\000x\000t\000\137\000t}{chapter.11}% 444
\BOOKMARK [2][-]{subsection.11.23.1}{\376\377\0001\0001\000.\0002\0003\000.\0001\000\040\000O\000p\000i\000s\000\040\000s\000z\000c\000z\000e\000g\000\363\001\102\000o\000w\000y}{section.11.23}% 445
\BOOKMARK [2][-]{subsection.11.23.2}{\376\377\0001\0001\000.\0002\0003\000.\0002\000\040\000D\000o\000k\000u\000m\000e\000n\000t\000a\000c\000j\000a\000\040\000p\000\363\000l}{section.11.23}% 446
\BOOKMARK [3][-]{subsubsection.11.23.2.1}{\376\377\0001\0001\000.\0002\0003\000.\0002\000.\0001\000\040\000b\000u\000s}{subsection.11.23.2}% 447
\BOOKMARK [3][-]{subsubsection.11.23.2.2}{\376\377\0001\0001\000.\0002\0003\000.\0002\000.\0002\000\040\000c\000a\000l\000l\000b\000a\000c\000k}{subsection.11.23.2}% 448
\BOOKMARK [3][-]{subsubsection.11.23.2.3}{\376\377\0001\0001\000.\0002\0003\000.\0002\000.\0003\000\040\000c\000a\000l\000l\000b\000a\000c\000k\000\137\000c\000t\000x}{subsection.11.23.2}% 449
\BOOKMARK [3][-]{subsubsection.11.23.2.4}{\376\377\0001\0001\000.\0002\0003\000.\0002\000.\0004\000\040\000c\000f\000g}{subsection.11.23.2}% 450
\BOOKMARK [3][-]{subsubsection.11.23.2.5}{\376\377\0001\0001\000.\0002\0003\000.\0002\000.\0005\000\040\000d\000i\000o\000\137\000p\000e\000n\000d\000i\000n\000g\000\137\000m\000a\000s\000k}{subsection.11.23.2}% 451
\BOOKMARK [3][-]{subsubsection.11.23.2.6}{\376\377\0001\0001\000.\0002\0003\000.\0002\000.\0006\000\040\000e\000v\000e\000n\000t\000\137\000f\000l\000a\000g\000s}{subsection.11.23.2}% 452
\BOOKMARK [3][-]{subsubsection.11.23.2.7}{\376\377\0001\0001\000.\0002\0003\000.\0002\000.\0007\000\040\000h\000w}{subsection.11.23.2}% 453
\BOOKMARK [3][-]{subsubsection.11.23.2.8}{\376\377\0001\0001\000.\0002\0003\000.\0002\000.\0008\000\040\000i\000n\000i\000t\000i\000a\000l\000i\000z\000e\000d}{subsection.11.23.2}% 454
\BOOKMARK [3][-]{subsubsection.11.23.2.9}{\376\377\0001\0001\000.\0002\0003\000.\0002\000.\0009\000\040\000l\000a\000s\000t\000\137\000p\000a\000c\000k\000e\000t}{subsection.11.23.2}% 455
\BOOKMARK [3][-]{subsubsection.11.23.2.10}{\376\377\0001\0001\000.\0002\0003\000.\0002\000.\0001\0000\000\040\000r\000x\000\137\000s\000i\000n\000g\000l\000e\000\137\000d\000e\000a\000d\000l\000i\000n\000e\000\137\000m\000s}{subsection.11.23.2}% 456
\BOOKMARK [3][-]{subsubsection.11.23.2.11}{\376\377\0001\0001\000.\0002\0003\000.\0002\000.\0001\0001\000\040\000s\000t\000a\000t\000e}{subsection.11.23.2}% 457
\BOOKMARK [3][-]{subsubsection.11.23.2.12}{\376\377\0001\0001\000.\0002\0003\000.\0002\000.\0001\0002\000\040\000t\000x\000\137\000d\000e\000a\000d\000l\000i\000n\000e\000\137\000m\000s}{subsection.11.23.2}% 458
\BOOKMARK [3][-]{subsubsection.11.23.2.13}{\376\377\0001\0001\000.\0002\0003\000.\0002\000.\0001\0003\000\040\000t\000x\000\137\000r\000e\000s\000u\000m\000e\000\137\000s\000t\000a\000t\000e}{subsection.11.23.2}% 459
\BOOKMARK [1][-]{section.11.24}{\376\377\0001\0001\000.\0002\0004\000\040\000D\000o\000k\000u\000m\000e\000n\000t\000a\000c\000j\000a\000\040\000s\000t\000r\000u\000k\000t\000u\000r\000y\000\040\000r\000a\000d\000i\000o\000\137\000g\000p\000i\000o\000\137\000t}{chapter.11}% 460
\BOOKMARK [2][-]{subsection.11.24.1}{\376\377\0001\0001\000.\0002\0004\000.\0001\000\040\000O\000p\000i\000s\000\040\000s\000z\000c\000z\000e\000g\000\363\001\102\000o\000w\000y}{section.11.24}% 461
\BOOKMARK [2][-]{subsection.11.24.2}{\376\377\0001\0001\000.\0002\0004\000.\0002\000\040\000D\000o\000k\000u\000m\000e\000n\000t\000a\000c\000j\000a\000\040\000p\000\363\000l}{section.11.24}% 462
\BOOKMARK [3][-]{subsubsection.11.24.2.1}{\376\377\0001\0001\000.\0002\0004\000.\0002\000.\0001\000\040\000p\000i\000n}{subsection.11.24.2}% 463
\BOOKMARK [3][-]{subsubsection.11.24.2.2}{\376\377\0001\0001\000.\0002\0004\000.\0002\000.\0002\000\040\000p\000o\000r\000t}{subsection.11.24.2}% 464
\BOOKMARK [1][-]{section.11.25}{\376\377\0001\0001\000.\0002\0005\000\040\000D\000o\000k\000u\000m\000e\000n\000t\000a\000c\000j\000a\000\040\000s\000t\000r\000u\000k\000t\000u\000r\000y\000\040\000r\000a\000d\000i\000o\000\137\000h\000w\000\137\000c\000f\000g\000\137\000t}{chapter.11}% 465
\BOOKMARK [2][-]{subsection.11.25.1}{\376\377\0001\0001\000.\0002\0005\000.\0001\000\040\000O\000p\000i\000s\000\040\000s\000z\000c\000z\000e\000g\000\363\001\102\000o\000w\000y}{section.11.25}% 466
\BOOKMARK [2][-]{subsection.11.25.2}{\376\377\0001\0001\000.\0002\0005\000.\0002\000\040\000D\000o\000k\000u\000m\000e\000n\000t\000a\000c\000j\000a\000\040\000p\000\363\000l}{section.11.25}% 467
\BOOKMARK [3][-]{subsubsection.11.25.2.1}{\376\377\0001\0001\000.\0002\0005\000.\0002\000.\0001\000\040\000d\000i\000o}{subsection.11.25.2}% 468
\BOOKMARK [3][-]{subsubsection.11.25.2.2}{\376\377\0001\0001\000.\0002\0005\000.\0002\000.\0002\000\040\000h\000s\000p\000i}{subsection.11.25.2}% 469
\BOOKMARK [3][-]{subsubsection.11.25.2.3}{\376\377\0001\0001\000.\0002\0005\000.\0002\000.\0003\000\040\000n\000s\000s}{subsection.11.25.2}% 470
\BOOKMARK [3][-]{subsubsection.11.25.2.4}{\376\377\0001\0001\000.\0002\0005\000.\0002\000.\0004\000\040\000r\000e\000s\000e\000t}{subsection.11.25.2}% 471
\BOOKMARK [3][-]{subsubsection.11.25.2.5}{\376\377\0001\0001\000.\0002\0005\000.\0002\000.\0005\000\040\000s\000p\000i\000\137\000t\000i\000m\000e\000o\000u\000t\000\137\000m\000s}{subsection.11.25.2}% 472
\BOOKMARK [1][-]{section.11.26}{\376\377\0001\0001\000.\0002\0006\000\040\000D\000o\000k\000u\000m\000e\000n\000t\000a\000c\000j\000a\000\040\000s\000t\000r\000u\000k\000t\000u\000r\000y\000\040\000r\000a\000d\000i\000o\000\137\000l\000o\000r\000a\000\137\000c\000f\000g\000\137\000t}{chapter.11}% 473
\BOOKMARK [2][-]{subsection.11.26.1}{\376\377\0001\0001\000.\0002\0006\000.\0001\000\040\000O\000p\000i\000s\000\040\000s\000z\000c\000z\000e\000g\000\363\001\102\000o\000w\000y}{section.11.26}% 474
\BOOKMARK [2][-]{subsection.11.26.2}{\376\377\0001\0001\000.\0002\0006\000.\0002\000\040\000D\000o\000k\000u\000m\000e\000n\000t\000a\000c\000j\000a\000\040\000p\000\363\000l}{section.11.26}% 475
\BOOKMARK [3][-]{subsubsection.11.26.2.1}{\376\377\0001\0001\000.\0002\0006\000.\0002\000.\0001\000\040\000b\000a\000n\000d\000w\000i\000d\000t\000h}{subsection.11.26.2}% 476
\BOOKMARK [3][-]{subsubsection.11.26.2.2}{\376\377\0001\0001\000.\0002\0006\000.\0002\000.\0002\000\040\000c\000o\000d\000i\000n\000g\000\137\000r\000a\000t\000e}{subsection.11.26.2}% 477
\BOOKMARK [3][-]{subsubsection.11.26.2.3}{\376\377\0001\0001\000.\0002\0006\000.\0002\000.\0003\000\040\000c\000r\000c\000\137\000o\000n}{subsection.11.26.2}% 478
\BOOKMARK [3][-]{subsubsection.11.26.2.4}{\376\377\0001\0001\000.\0002\0006\000.\0002\000.\0004\000\040\000f\000r\000e\000q\000u\000e\000n\000c\000y\000\137\000h\000z}{subsection.11.26.2}% 479
\BOOKMARK [3][-]{subsubsection.11.26.2.5}{\376\377\0001\0001\000.\0002\0006\000.\0002\000.\0005\000\040\000i\000m\000p\000l\000i\000c\000i\000t\000\137\000h\000e\000a\000d\000e\000r}{subsection.11.26.2}% 480
\BOOKMARK [3][-]{subsubsection.11.26.2.6}{\376\377\0001\0001\000.\0002\0006\000.\0002\000.\0006\000\040\000i\000n\000v\000e\000r\000t\000\137\000i\000q}{subsection.11.26.2}% 481
\BOOKMARK [3][-]{subsubsection.11.26.2.7}{\376\377\0001\0001\000.\0002\0006\000.\0002\000.\0007\000\040\000p\000a\000y\000l\000o\000a\000d\000\137\000l\000e\000n}{subsection.11.26.2}% 482
\BOOKMARK [3][-]{subsubsection.11.26.2.8}{\376\377\0001\0001\000.\0002\0006\000.\0002\000.\0008\000\040\000p\000r\000e\000a\000m\000b\000l\000e\000\137\000l\000e\000n}{subsection.11.26.2}% 483
\BOOKMARK [3][-]{subsubsection.11.26.2.9}{\376\377\0001\0001\000.\0002\0006\000.\0002\000.\0009\000\040\000s\000p\000r\000e\000a\000d\000i\000n\000g\000\137\000f\000a\000c\000t\000o\000r}{subsection.11.26.2}% 484
\BOOKMARK [3][-]{subsubsection.11.26.2.10}{\376\377\0001\0001\000.\0002\0006\000.\0002\000.\0001\0000\000\040\000s\000y\000n\000c\000\137\000w\000o\000r\000d}{subsection.11.26.2}% 485
\BOOKMARK [3][-]{subsubsection.11.26.2.11}{\376\377\0001\0001\000.\0002\0006\000.\0002\000.\0001\0001\000\040\000t\000x\000\137\000p\000o\000w\000e\000r\000\137\000d\000b\000m}{subsection.11.26.2}% 486
\BOOKMARK [1][-]{section.11.27}{\376\377\0001\0001\000.\0002\0007\000\040\000D\000o\000k\000u\000m\000e\000n\000t\000a\000c\000j\000a\000\040\000s\000t\000r\000u\000k\000t\000u\000r\000y\000\040\000r\000a\000d\000i\000o\000\137\000m\000a\000i\000n\000\137\000c\000m\000d\000\137\000s\000y\000n\000c\000\137\000t}{chapter.11}% 487
\BOOKMARK [2][-]{subsection.11.27.1}{\376\377\0001\0001\000.\0002\0007\000.\0001\000\040\000O\000p\000i\000s\000\040\000s\000z\000c\000z\000e\000g\000\363\001\102\000o\000w\000y}{section.11.27}% 488
\BOOKMARK [2][-]{subsection.11.27.2}{\376\377\0001\0001\000.\0002\0007\000.\0002\000\040\000D\000o\000k\000u\000m\000e\000n\000t\000a\000c\000j\000a\000\040\000p\000\363\000l}{section.11.27}% 489
\BOOKMARK [3][-]{subsubsection.11.27.2.1}{\376\377\0001\0001\000.\0002\0007\000.\0002\000.\0001\000\040\000d\000o\000n\000e}{subsection.11.27.2}% 490
\BOOKMARK [3][-]{subsubsection.11.27.2.2}{\376\377\0001\0001\000.\0002\0007\000.\0002\000.\0002\000\040\000r\000e\000s\000u\000l\000t}{subsection.11.27.2}% 491
\BOOKMARK [3][-]{subsubsection.11.27.2.3}{\376\377\0001\0001\000.\0002\0007\000.\0002\000.\0003\000\040\000r\000u\000n\000t\000i\000m\000e\000\137\000c\000f\000g}{subsection.11.27.2}% 492
\BOOKMARK [1][-]{section.11.28}{\376\377\0001\0001\000.\0002\0008\000\040\000D\000o\000k\000u\000m\000e\000n\000t\000a\000c\000j\000a\000\040\000s\000t\000r\000u\000k\000t\000u\000r\000y\000\040\000r\000a\000d\000i\000o\000\137\000m\000a\000i\000n\000\137\000c\000m\000d\000\137\000t}{chapter.11}% 493
\BOOKMARK [2][-]{subsection.11.28.1}{\376\377\0001\0001\000.\0002\0008\000.\0001\000\040\000O\000p\000i\000s\000\040\000s\000z\000c\000z\000e\000g\000\363\001\102\000o\000w\000y}{section.11.28}% 494
\BOOKMARK [2][-]{subsection.11.28.2}{\376\377\0001\0001\000.\0002\0008\000.\0002\000\040\000D\000o\000k\000u\000m\000e\000n\000t\000a\000c\000j\000a\000\040\000p\000\363\000l}{section.11.28}% 495
\BOOKMARK [3][-]{subsubsection.11.28.2.1}{\376\377\0001\0001\000.\0002\0008\000.\0002\000.\0001\000\040\000d\000a\000t\000a}{subsection.11.28.2}% 496
\BOOKMARK [3][-]{subsubsection.11.28.2.2}{\376\377\0001\0001\000.\0002\0008\000.\0002\000.\0002\000\040\000d\000s\000t\000\137\000i\000d}{subsection.11.28.2}% 497
\BOOKMARK [3][-]{subsubsection.11.28.2.3}{\376\377\0001\0001\000.\0002\0008\000.\0002\000.\0003\000\040\000e\000n\000a\000b\000l\000e\000d}{subsection.11.28.2}% 498
\BOOKMARK [3][-]{subsubsection.11.28.2.4}{\376\377\0001\0001\000.\0002\0008\000.\0002\000.\0004\000\040\000g\000r\000o\000u\000p\000\137\000i\000d}{subsection.11.28.2}% 499
\BOOKMARK [3][-]{subsubsection.11.28.2.5}{\376\377\0001\0001\000.\0002\0008\000.\0002\000.\0005\000\040\000i\000d}{subsection.11.28.2}% 500
\BOOKMARK [3][-]{subsubsection.11.28.2.6}{\376\377\0001\0001\000.\0002\0008\000.\0002\000.\0006\000\040\000l\000e\000n}{subsection.11.28.2}% 501
\BOOKMARK [3][-]{subsubsection.11.28.2.7}{\376\377\0001\0001\000.\0002\0008\000.\0002\000.\0007\000\040\000m\000s\000g\000\137\000i\000d}{subsection.11.28.2}% 502
\BOOKMARK [3][-]{subsubsection.11.28.2.8}{\376\377\0001\0001\000.\0002\0008\000.\0002\000.\0008\000\040\000n\000e\000t\000w\000o\000r\000k\000\137\000m\000o\000d\000e}{subsection.11.28.2}% 503
\BOOKMARK [3][-]{subsubsection.11.28.2.9}{\376\377\0001\0001\000.\0002\0008\000.\0002\000.\0009\000\040\000o\000p\000t\000i\000o\000n}{subsection.11.28.2}% 504
\BOOKMARK [3][-]{subsubsection.11.28.2.10}{\376\377\0001\0001\000.\0002\0008\000.\0002\000.\0001\0000\000\040\000s\000y\000n\000c}{subsection.11.28.2}% 505
\BOOKMARK [3][-]{subsubsection.11.28.2.11}{\376\377\0001\0001\000.\0002\0008\000.\0002\000.\0001\0001\000\040\000t\000e\000x\000t}{subsection.11.28.2}% 506
\BOOKMARK [3][-]{subsubsection.11.28.2.12}{\376\377\0001\0001\000.\0002\0008\000.\0002\000.\0001\0002\000\040\000t\000i\000m\000e\000o\000u\000t\000\137\000m\000s}{subsection.11.28.2}% 507
\BOOKMARK [3][-]{subsubsection.11.28.2.13}{\376\377\0001\0001\000.\0002\0008\000.\0002\000.\0001\0003\000\040\000v\000a\000l\000u\000e\000\040\000[\0001\000/\0002\000]}{subsection.11.28.2}% 508
\BOOKMARK [3][-]{subsubsection.11.28.2.14}{\376\377\0001\0001\000.\0002\0008\000.\0002\000.\0001\0004\000\040\000v\000a\000l\000u\000e\000\040\000[\0002\000/\0002\000]}{subsection.11.28.2}% 509
\BOOKMARK [1][-]{section.11.29}{\376\377\0001\0001\000.\0002\0009\000\040\000D\000o\000k\000u\000m\000e\000n\000t\000a\000c\000j\000a\000\040\000s\000t\000r\000u\000k\000t\000u\000r\000y\000\040\000r\000a\000d\000i\000o\000\137\000m\000a\000i\000n\000\137\000c\000t\000x\000\137\000t}{chapter.11}% 510
\BOOKMARK [2][-]{subsection.11.29.1}{\376\377\0001\0001\000.\0002\0009\000.\0001\000\040\000O\000p\000i\000s\000\040\000s\000z\000c\000z\000e\000g\000\363\001\102\000o\000w\000y}{section.11.29}% 511
\BOOKMARK [2][-]{subsection.11.29.2}{\376\377\0001\0001\000.\0002\0009\000.\0002\000\040\000D\000o\000k\000u\000m\000e\000n\000t\000a\000c\000j\000a\000\040\000p\000\363\000l}{section.11.29}% 512
\BOOKMARK [3][-]{subsubsection.11.29.2.1}{\376\377\0001\0001\000.\0002\0009\000.\0002\000.\0001\000\040\000a\000c\000t\000i\000v\000e}{subsection.11.29.2}% 513
\BOOKMARK [3][-]{subsubsection.11.29.2.2}{\376\377\0001\0001\000.\0002\0009\000.\0002\000.\0002\000\040\000a\000u\000t\000o\000\137\000p\000i\000n\000g\000\137\000e\000n\000a\000b\000l\000e\000d}{subsection.11.29.2}% 514
\BOOKMARK [3][-]{subsubsection.11.29.2.3}{\376\377\0001\0001\000.\0002\0009\000.\0002\000.\0003\000\040\000a\000u\000t\000o\000\137\000p\000i\000n\000g\000\137\000m\000o\000d\000e}{subsection.11.29.2}% 515
\BOOKMARK [3][-]{subsubsection.11.29.2.4}{\376\377\0001\0001\000.\0002\0009\000.\0002\000.\0004\000\040\000a\000u\000t\000o\000\137\000p\000i\000n\000g\000\137\000p\000e\000r\000i\000o\000d\000\137\000m\000s}{subsection.11.29.2}% 516
\BOOKMARK [3][-]{subsubsection.11.29.2.5}{\376\377\0001\0001\000.\0002\0009\000.\0002\000.\0005\000\040\000b\000a\000c\000k\000e\000n\000d\000\137\000c\000f\000g}{subsection.11.29.2}% 517
\BOOKMARK [3][-]{subsubsection.11.29.2.6}{\376\377\0001\0001\000.\0002\0009\000.\0002\000.\0006\000\040\000b\000a\000c\000k\000e\000n\000d\000\137\000m\000o\000d\000u\000l\000a\000t\000i\000o\000n\000\137\000i\000d}{subsection.11.29.2}% 518
\BOOKMARK [3][-]{subsubsection.11.29.2.7}{\376\377\0001\0001\000.\0002\0009\000.\0002\000.\0007\000\040\000b\000r\000o\000a\000d\000c\000a\000s\000t\000\137\000g\000r\000o\000u\000p\000\137\000a\000e\000s\000\137\000k\000e\000y}{subsection.11.29.2}% 519
\BOOKMARK [3][-]{subsubsection.11.29.2.8}{\376\377\0001\0001\000.\0002\0009\000.\0002\000.\0008\000\040\000b\000r\000o\000a\000d\000c\000a\000s\000t\000\137\000g\000r\000o\000u\000p\000\137\000e\000p\000o\000c\000h}{subsection.11.29.2}% 520
\BOOKMARK [3][-]{subsubsection.11.29.2.9}{\376\377\0001\0001\000.\0002\0009\000.\0002\000.\0009\000\040\000b\000r\000o\000a\000d\000c\000a\000s\000t\000\137\000g\000r\000o\000u\000p\000\137\000h\000m\000a\000c\000\137\000k\000e\000y}{subsection.11.29.2}% 521
\BOOKMARK [3][-]{subsubsection.11.29.2.10}{\376\377\0001\0001\000.\0002\0009\000.\0002\000.\0001\0000\000\040\000b\000r\000o\000a\000d\000c\000a\000s\000t\000\137\000g\000r\000o\000u\000p\000\137\000k\000e\000y\000\137\000v\000a\000l\000i\000d}{subsection.11.29.2}% 522
\BOOKMARK [3][-]{subsubsection.11.29.2.11}{\376\377\0001\0001\000.\0002\0009\000.\0002\000.\0001\0001\000\040\000b\000r\000o\000a\000d\000c\000a\000s\000t\000\137\000g\000r\000o\000u\000p\000\137\000p\000e\000n\000d\000i\000n\000g\000\137\000e\000p\000o\000c\000h}{subsection.11.29.2}% 523
\BOOKMARK [3][-]{subsubsection.11.29.2.12}{\376\377\0001\0001\000.\0002\0009\000.\0002\000.\0001\0002\000\040\000b\000r\000o\000a\000d\000c\000a\000s\000t\000\137\000g\000r\000o\000u\000p\000\137\000p\000e\000n\000d\000i\000n\000g\000\137\000k\000e\000y}{subsection.11.29.2}% 524
\BOOKMARK [3][-]{subsubsection.11.29.2.13}{\376\377\0001\0001\000.\0002\0009\000.\0002\000.\0001\0003\000\040\000b\000r\000o\000a\000d\000c\000a\000s\000t\000\137\000g\000r\000o\000u\000p\000\137\000p\000e\000n\000d\000i\000n\000g\000\137\000m\000a\000s\000k}{subsection.11.29.2}% 525
\BOOKMARK [3][-]{subsubsection.11.29.2.14}{\376\377\0001\0001\000.\0002\0009\000.\0002\000.\0001\0004\000\040\000b\000r\000o\000a\000d\000c\000a\000s\000t\000\137\000g\000r\000o\000u\000p\000\137\000p\000e\000n\000d\000i\000n\000g\000\137\000v\000a\000l\000i\000d}{subsection.11.29.2}% 526
\BOOKMARK [3][-]{subsubsection.11.29.2.15}{\376\377\0001\0001\000.\0002\0009\000.\0002\000.\0001\0005\000\040\000c\000o\000d\000i\000n\000g\000\137\000e\000n\000a\000b\000l\000e\000d}{subsection.11.29.2}% 527
\BOOKMARK [3][-]{subsubsection.11.29.2.16}{\376\377\0001\0001\000.\0002\0009\000.\0002\000.\0001\0006\000\040\000c\000o\000u\000n\000t\000e\000r}{subsection.11.29.2}% 528
\BOOKMARK [3][-]{subsubsection.11.29.2.17}{\376\377\0001\0001\000.\0002\0009\000.\0002\000.\0001\0007\000\040\000c\000r\000y\000p\000t\000o\000\137\000r\000e\000a\000d\000y}{subsection.11.29.2}% 529
\BOOKMARK [3][-]{subsubsection.11.29.2.18}{\376\377\0001\0001\000.\0002\0009\000.\0002\000.\0001\0008\000\040\000d\000e\000a\000d\000l\000i\000n\000e\000\137\000m\000s}{subsection.11.29.2}% 530
\BOOKMARK [3][-]{subsubsection.11.29.2.19}{\376\377\0001\0001\000.\0002\0009\000.\0002\000.\0001\0009\000\040\000e\000x\000p\000i\000r\000e\000s\000\137\000m\000s}{subsection.11.29.2}% 531
\BOOKMARK [3][-]{subsubsection.11.29.2.20}{\376\377\0001\0001\000.\0002\0009\000.\0002\000.\0002\0000\000\040\000f\000h\000\137\000e\000n\000a\000b\000l\000e\000d}{subsection.11.29.2}% 532
\BOOKMARK [3][-]{subsubsection.11.29.2.21}{\376\377\0001\0001\000.\0002\0009\000.\0002\000.\0002\0001\000\040\000f\000h\000\137\000p\000e\000r\000i\000o\000d\000\137\000m\000s}{subsection.11.29.2}% 533
\BOOKMARK [3][-]{subsubsection.11.29.2.22}{\376\377\0001\0001\000.\0002\0009\000.\0002\000.\0002\0002\000\040\000f\000s\000k\000\137\000c\000f\000g}{subsection.11.29.2}% 534
\BOOKMARK [3][-]{subsubsection.11.29.2.23}{\376\377\0001\0001\000.\0002\0009\000.\0002\000.\0002\0003\000\040\000g\000a\000t\000e\000w\000a\000y\000\137\000k\000e\000y\000\137\000m\000o\000d\000e}{subsection.11.29.2}% 535
\BOOKMARK [3][-]{subsubsection.11.29.2.24}{\376\377\0001\0001\000.\0002\0009\000.\0002\000.\0002\0004\000\040\000g\000a\000t\000e\000w\000a\000y\000\137\000k\000e\000y\000\137\000m\000o\000d\000e\000\137\000k\000n\000o\000w\000n}{subsection.11.29.2}% 536
\BOOKMARK [3][-]{subsubsection.11.29.2.25}{\376\377\0001\0001\000.\0002\0009\000.\0002\000.\0002\0005\000\040\000g\000a\000t\000e\000w\000a\000y\000\137\000p\000a\000i\000r\000\137\000c\000o\000d\000e}{subsection.11.29.2}% 537
\BOOKMARK [3][-]{subsubsection.11.29.2.26}{\376\377\0001\0001\000.\0002\0009\000.\0002\000.\0002\0006\000\040\000g\000a\000t\000e\000w\000a\000y\000\137\000p\000a\000i\000r\000\137\000c\000o\000d\000e\000\137\000l\000e\000n}{subsection.11.29.2}% 538
\BOOKMARK [3][-]{subsubsection.11.29.2.27}{\376\377\0001\0001\000.\0002\0009\000.\0002\000.\0002\0007\000\040\000g\000a\000t\000e\000w\000a\000y\000\137\000p\000a\000i\000r\000\137\000c\000o\000d\000e\000\137\000v\000a\000l\000i\000d}{subsection.11.29.2}% 539
\BOOKMARK [3][-]{subsubsection.11.29.2.28}{\376\377\0001\0001\000.\0002\0009\000.\0002\000.\0002\0008\000\040\000g\000a\000t\000e\000w\000a\000y\000\137\000r\000x\000\137\000c\000o\000u\000n\000t\000e\000r}{subsection.11.29.2}% 540
\BOOKMARK [3][-]{subsubsection.11.29.2.29}{\376\377\0001\0001\000.\0002\0009\000.\0002\000.\0002\0009\000\040\000g\000a\000t\000e\000w\000a\000y\000\137\000t\000x\000\137\000c\000o\000u\000n\000t\000e\000r}{subsection.11.29.2}% 541
\BOOKMARK [3][-]{subsubsection.11.29.2.30}{\376\377\0001\0001\000.\0002\0009\000.\0002\000.\0003\0000\000\040\000h\000o\000p\000\137\000i\000d\000x}{subsection.11.29.2}% 542
\BOOKMARK [3][-]{subsubsection.11.29.2.31}{\376\377\0001\0001\000.\0002\0009\000.\0002\000.\0003\0001\000\040\000h\000w}{subsection.11.29.2}% 543
\BOOKMARK [3][-]{subsubsection.11.29.2.32}{\376\377\0001\0001\000.\0002\0009\000.\0002\000.\0003\0002\000\040\000i\000n\000i\000t\000i\000a\000l\000i\000z\000e\000d}{subsection.11.29.2}% 544
\BOOKMARK [3][-]{subsubsection.11.29.2.33}{\376\377\0001\0001\000.\0002\0009\000.\0002\000.\0003\0003\000\040\000l\000a\000s\000t\000\137\000e\000r\000r\000o\000r\000\137\000t\000e\000x\000t}{subsection.11.29.2}% 545
\BOOKMARK [3][-]{subsubsection.11.29.2.34}{\376\377\0001\0001\000.\0002\0009\000.\0002\000.\0003\0004\000\040\000l\000a\000s\000t\000\137\000h\000o\000p\000\137\000m\000s}{subsection.11.29.2}% 546
\BOOKMARK [3][-]{subsubsection.11.29.2.35}{\376\377\0001\0001\000.\0002\0009\000.\0002\000.\0003\0005\000\040\000l\000a\000s\000t\000\137\000p\000i\000n\000g\000\137\000m\000s}{subsection.11.29.2}% 547
\BOOKMARK [3][-]{subsubsection.11.29.2.36}{\376\377\0001\0001\000.\0002\0009\000.\0002\000.\0003\0006\000\040\000l\000o\000r\000a\000\137\000c\000f\000g}{subsection.11.29.2}% 548
\BOOKMARK [3][-]{subsubsection.11.29.2.37}{\376\377\0001\0001\000.\0002\0009\000.\0002\000.\0003\0007\000\040\000l\000o\000r\000a\000\137\000p\000r\000e\000s\000e\000t}{subsection.11.29.2}% 549
\BOOKMARK [3][-]{subsubsection.11.29.2.38}{\376\377\0001\0001\000.\0002\0009\000.\0002\000.\0003\0008\000\040\000m\000o\000d\000u\000l\000a\000t\000i\000o\000n\000\137\000i\000d}{subsection.11.29.2}% 550
\BOOKMARK [3][-]{subsubsection.11.29.2.39}{\376\377\0001\0001\000.\0002\0009\000.\0002\000.\0003\0009\000\040\000m\000s\000g\000\137\000i\000d}{subsection.11.29.2}% 551
\BOOKMARK [3][-]{subsubsection.11.29.2.40}{\376\377\0001\0001\000.\0002\0009\000.\0002\000.\0004\0000\000\040\000n\000e\000x\000t\000\137\000m\000s\000g\000\137\000i\000d}{subsection.11.29.2}% 552
\BOOKMARK [3][-]{subsubsection.11.29.2.41}{\376\377\0001\0001\000.\0002\0009\000.\0002\000.\0004\0001\000\040\000n\000o\000d\000e\000\137\000i\000d}{subsection.11.29.2}% 553
\BOOKMARK [3][-]{subsubsection.11.29.2.42}{\376\377\0001\0001\000.\0002\0009\000.\0002\000.\0004\0002\000\040\000o\000o\000k\000\137\000c\000f\000g}{subsection.11.29.2}% 554
\BOOKMARK [3][-]{subsubsection.11.29.2.43}{\376\377\0001\0001\000.\0002\0009\000.\0002\000.\0004\0003\000\040\000p\000a\000i\000r\000i\000n\000g\000\137\000a\000c\000t\000i\000v\000e}{subsection.11.29.2}% 555
\BOOKMARK [3][-]{subsubsection.11.29.2.44}{\376\377\0001\0001\000.\0002\0009\000.\0002\000.\0004\0004\000\040\000p\000a\000i\000r\000i\000n\000g\000\137\000n\000e\000t\000w\000o\000r\000k\000\137\000m\000o\000d\000e}{subsection.11.29.2}% 556
\BOOKMARK [3][-]{subsubsection.11.29.2.45}{\376\377\0001\0001\000.\0002\0009\000.\0002\000.\0004\0005\000\040\000p\000a\000i\000r\000i\000n\000g\000\137\000o\000u\000t\000g\000o\000i\000n\000g\000\137\000c\000o\000d\000e}{subsection.11.29.2}% 557
\BOOKMARK [3][-]{subsubsection.11.29.2.46}{\376\377\0001\0001\000.\0002\0009\000.\0002\000.\0004\0006\000\040\000p\000a\000i\000r\000i\000n\000g\000\137\000o\000u\000t\000g\000o\000i\000n\000g\000\137\000c\000o\000d\000e\000\137\000l\000e\000n}{subsection.11.29.2}% 558
\BOOKMARK [3][-]{subsubsection.11.29.2.47}{\376\377\0001\0001\000.\0002\0009\000.\0002\000.\0004\0007\000\040\000p\000a\000i\000r\000i\000n\000g\000\137\000o\000u\000t\000g\000o\000i\000n\000g\000\137\000n\000e\000t\000w\000o\000r\000k}{subsection.11.29.2}% 559
\BOOKMARK [3][-]{subsubsection.11.29.2.48}{\376\377\0001\0001\000.\0002\0009\000.\0002\000.\0004\0008\000\040\000p\000a\000i\000r\000i\000n\000g\000\137\000o\000u\000t\000g\000o\000i\000n\000g\000\137\000p\000e\000n\000d\000i\000n\000g}{subsection.11.29.2}% 560
\BOOKMARK [3][-]{subsubsection.11.29.2.49}{\376\377\0001\0001\000.\0002\0009\000.\0002\000.\0004\0009\000\040\000p\000a\000i\000r\000i\000n\000g\000\137\000p\000e\000n\000d\000i\000n\000g}{subsection.11.29.2}% 561
\BOOKMARK [3][-]{subsubsection.11.29.2.50}{\376\377\0001\0001\000.\0002\0009\000.\0002\000.\0005\0000\000\040\000p\000a\000i\000r\000i\000n\000g\000\137\000p\000e\000n\000d\000i\000n\000g\000\137\000c\000o\000d\000e}{subsection.11.29.2}% 562
\BOOKMARK [3][-]{subsubsection.11.29.2.51}{\376\377\0001\0001\000.\0002\0009\000.\0002\000.\0005\0001\000\040\000p\000a\000i\000r\000i\000n\000g\000\137\000p\000e\000n\000d\000i\000n\000g\000\137\000c\000o\000d\000e\000\137\000l\000e\000n}{subsection.11.29.2}% 563
\BOOKMARK [3][-]{subsubsection.11.29.2.52}{\376\377\0001\0001\000.\0002\0009\000.\0002\000.\0005\0002\000\040\000p\000a\000i\000r\000i\000n\000g\000\137\000p\000e\000n\000d\000i\000n\000g\000\137\000n\000e\000t\000w\000o\000r\000k}{subsection.11.29.2}% 564
\BOOKMARK [3][-]{subsubsection.11.29.2.53}{\376\377\0001\0001\000.\0002\0009\000.\0002\000.\0005\0003\000\040\000p\000a\000i\000r\000i\000n\000g\000\137\000p\000e\000n\000d\000i\000n\000g\000\137\000n\000o\000d\000e}{subsection.11.29.2}% 565
\BOOKMARK [3][-]{subsubsection.11.29.2.54}{\376\377\0001\0001\000.\0002\0009\000.\0002\000.\0005\0004\000\040\000p\000a\000i\000r\000i\000n\000g\000\137\000u\000n\000t\000i\000l\000\137\000m\000s}{subsection.11.29.2}% 566
\BOOKMARK [3][-]{subsubsection.11.29.2.55}{\376\377\0001\0001\000.\0002\0009\000.\0002\000.\0005\0005\000\040\000p\000e\000e\000r\000\137\000i\000d}{subsection.11.29.2}% 567
\BOOKMARK [3][-]{subsubsection.11.29.2.56}{\376\377\0001\0001\000.\0002\0009\000.\0002\000.\0005\0006\000\040\000r\000a\000w}{subsection.11.29.2}% 568
\BOOKMARK [3][-]{subsubsection.11.29.2.57}{\376\377\0001\0001\000.\0002\0009\000.\0002\000.\0005\0007\000\040\000r\000a\000w\000\137\000l\000e\000n}{subsection.11.29.2}% 569
\BOOKMARK [3][-]{subsubsection.11.29.2.58}{\376\377\0001\0001\000.\0002\0009\000.\0002\000.\0005\0008\000\040\000r\000e\000t\000r\000i\000e\000s\000\137\000d\000o\000n\000e}{subsection.11.29.2}% 570
\BOOKMARK [3][-]{subsubsection.11.29.2.59}{\376\377\0001\0001\000.\0002\0009\000.\0002\000.\0005\0009\000\040\000t\000i\000m\000e\000d\000\137\000o\000u\000t}{subsection.11.29.2}% 571
\BOOKMARK [3][-]{subsubsection.11.29.2.60}{\376\377\0001\0001\000.\0002\0009\000.\0002\000.\0006\0000\000\040\000t\000x\000\137\000d\000e\000a\000d\000l\000i\000n\000e\000\137\000m\000s}{subsection.11.29.2}% 572
\BOOKMARK [3][-]{subsubsection.11.29.2.61}{\376\377\0001\0001\000.\0002\0009\000.\0002\000.\0006\0001\000\040\000t\000x\000\137\000i\000n\000\137\000p\000r\000o\000g\000r\000e\000s\000s}{subsection.11.29.2}% 573
\BOOKMARK [3][-]{subsubsection.11.29.2.62}{\376\377\0001\0001\000.\0002\0009\000.\0002\000.\0006\0002\000\040\000t\000x\000\137\000s\000i\000l\000e\000n\000t}{subsection.11.29.2}% 574
\BOOKMARK [3][-]{subsubsection.11.29.2.63}{\376\377\0001\0001\000.\0002\0009\000.\0002\000.\0006\0003\000\040\000v\000a\000l\000i\000d}{subsection.11.29.2}% 575
\BOOKMARK [3][-]{subsubsection.11.29.2.64}{\376\377\0001\0001\000.\0002\0009\000.\0002\000.\0006\0004\000\040\000w\000a\000i\000t\000\137\000m\000s}{subsection.11.29.2}% 576
\BOOKMARK [1][-]{section.11.30}{\376\377\0001\0001\000.\0003\0000\000\040\000D\000o\000k\000u\000m\000e\000n\000t\000a\000c\000j\000a\000\040\000s\000t\000r\000u\000k\000t\000u\000r\000y\000\040\000r\000a\000d\000i\000o\000\137\000m\000a\000i\000n\000\137\000f\000s\000k\000\137\000c\000f\000g\000\137\000t}{chapter.11}% 577
\BOOKMARK [2][-]{subsection.11.30.1}{\376\377\0001\0001\000.\0003\0000\000.\0001\000\040\000O\000p\000i\000s\000\040\000s\000z\000c\000z\000e\000g\000\363\001\102\000o\000w\000y}{section.11.30}% 578
\BOOKMARK [2][-]{subsection.11.30.2}{\376\377\0001\0001\000.\0003\0000\000.\0002\000\040\000D\000o\000k\000u\000m\000e\000n\000t\000a\000c\000j\000a\000\040\000p\000\363\000l}{section.11.30}% 579
\BOOKMARK [3][-]{subsubsection.11.30.2.1}{\376\377\0001\0001\000.\0003\0000\000.\0002\000.\0001\000\040\000a\000d\000d\000r\000e\000s\000s\000\137\000f\000i\000l\000t\000e\000r}{subsection.11.30.2}% 580
\BOOKMARK [3][-]{subsubsection.11.30.2.2}{\376\377\0001\0001\000.\0003\0000\000.\0002\000.\0002\000\040\000b\000i\000t\000r\000a\000t\000e\000\137\000b\000p\000s}{subsection.11.30.2}% 581
\BOOKMARK [3][-]{subsubsection.11.30.2.3}{\376\377\0001\0001\000.\0003\0000\000.\0002\000.\0003\000\040\000c\000r\000c\000\137\000t\000y\000p\000e}{subsection.11.30.2}% 582
\BOOKMARK [3][-]{subsubsection.11.30.2.4}{\376\377\0001\0001\000.\0003\0000\000.\0002\000.\0004\000\040\000d\000a\000t\000a\000\137\000w\000h\000i\000t\000e\000n\000i\000n\000g}{subsection.11.30.2}% 583
\BOOKMARK [3][-]{subsubsection.11.30.2.5}{\376\377\0001\0001\000.\0003\0000\000.\0002\000.\0005\000\040\000f\000i\000l\000t\000e\000r}{subsection.11.30.2}% 584
\BOOKMARK [3][-]{subsubsection.11.30.2.6}{\376\377\0001\0001\000.\0003\0000\000.\0002\000.\0006\000\040\000f\000r\000e\000q\000u\000e\000n\000c\000y\000\137\000h\000z}{subsection.11.30.2}% 585
\BOOKMARK [3][-]{subsubsection.11.30.2.7}{\376\377\0001\0001\000.\0003\0000\000.\0002\000.\0007\000\040\000p\000r\000e\000a\000m\000b\000l\000e\000\137\000l\000e\000n}{subsection.11.30.2}% 586
\BOOKMARK [3][-]{subsubsection.11.30.2.8}{\376\377\0001\0001\000.\0003\0000\000.\0002\000.\0008\000\040\000r\000x\000\137\000b\000a\000n\000d\000w\000i\000d\000t\000h}{subsection.11.30.2}% 587
\BOOKMARK [3][-]{subsubsection.11.30.2.9}{\376\377\0001\0001\000.\0003\0000\000.\0002\000.\0009\000\040\000s\000h\000a\000p\000i\000n\000g}{subsection.11.30.2}% 588
\BOOKMARK [3][-]{subsubsection.11.30.2.10}{\376\377\0001\0001\000.\0003\0000\000.\0002\000.\0001\0000\000\040\000s\000y\000n\000c\000\137\000w\000o\000r\000d}{subsection.11.30.2}% 589
\BOOKMARK [3][-]{subsubsection.11.30.2.11}{\376\377\0001\0001\000.\0003\0000\000.\0002\000.\0001\0001\000\040\000s\000y\000n\000c\000\137\000w\000o\000r\000d\000\137\000l\000e\000n}{subsection.11.30.2}% 590
\BOOKMARK [3][-]{subsubsection.11.30.2.12}{\376\377\0001\0001\000.\0003\0000\000.\0002\000.\0001\0002\000\040\000t\000x\000\137\000p\000o\000w\000e\000r\000\137\000d\000b\000m}{subsection.11.30.2}% 591
\BOOKMARK [1][-]{section.11.31}{\376\377\0001\0001\000.\0003\0001\000\040\000D\000o\000k\000u\000m\000e\000n\000t\000a\000c\000j\000a\000\040\000s\000t\000r\000u\000k\000t\000u\000r\000y\000\040\000r\000a\000d\000i\000o\000\137\000m\000a\000i\000n\000\137\000o\000o\000k\000\137\000c\000f\000g\000\137\000t}{chapter.11}% 592
\BOOKMARK [2][-]{subsection.11.31.1}{\376\377\0001\0001\000.\0003\0001\000.\0001\000\040\000O\000p\000i\000s\000\040\000s\000z\000c\000z\000e\000g\000\363\001\102\000o\000w\000y}{section.11.31}% 593
\BOOKMARK [2][-]{subsection.11.31.2}{\376\377\0001\0001\000.\0003\0001\000.\0002\000\040\000D\000o\000k\000u\000m\000e\000n\000t\000a\000c\000j\000a\000\040\000p\000\363\000l}{section.11.31}% 594
\BOOKMARK [3][-]{subsubsection.11.31.2.1}{\376\377\0001\0001\000.\0003\0001\000.\0002\000.\0001\000\040\000b\000i\000t\000r\000a\000t\000e\000\137\000b\000p\000s}{subsection.11.31.2}% 595
\BOOKMARK [3][-]{subsubsection.11.31.2.2}{\376\377\0001\0001\000.\0003\0001\000.\0002\000.\0002\000\040\000f\000r\000e\000q\000u\000e\000n\000c\000y\000\137\000h\000z}{subsection.11.31.2}% 596
\BOOKMARK [3][-]{subsubsection.11.31.2.3}{\376\377\0001\0001\000.\0003\0001\000.\0002\000.\0003\000\040\000p\000r\000e\000a\000m\000b\000l\000e\000\137\000l\000e\000n}{subsection.11.31.2}% 597
\BOOKMARK [3][-]{subsubsection.11.31.2.4}{\376\377\0001\0001\000.\0003\0001\000.\0002\000.\0004\000\040\000r\000x\000\137\000b\000a\000n\000d\000w\000i\000d\000t\000h}{subsection.11.31.2}% 598
\BOOKMARK [3][-]{subsubsection.11.31.2.5}{\376\377\0001\0001\000.\0003\0001\000.\0002\000.\0005\000\040\000s\000y\000n\000c\000\137\000w\000o\000r\000d}{subsection.11.31.2}% 599
\BOOKMARK [3][-]{subsubsection.11.31.2.6}{\376\377\0001\0001\000.\0003\0001\000.\0002\000.\0006\000\040\000s\000y\000n\000c\000\137\000w\000o\000r\000d\000\137\000l\000e\000n}{subsection.11.31.2}% 600
\BOOKMARK [3][-]{subsubsection.11.31.2.7}{\376\377\0001\0001\000.\0003\0001\000.\0002\000.\0007\000\040\000t\000h\000r\000e\000s\000h\000o\000l\000d}{subsection.11.31.2}% 601
\BOOKMARK [3][-]{subsubsection.11.31.2.8}{\376\377\0001\0001\000.\0003\0001\000.\0002\000.\0008\000\040\000t\000h\000r\000e\000s\000h\000o\000l\000d\000\137\000v\000a\000l\000u\000e}{subsection.11.31.2}% 602
\BOOKMARK [3][-]{subsubsection.11.31.2.9}{\376\377\0001\0001\000.\0003\0001\000.\0002\000.\0009\000\040\000t\000x\000\137\000p\000o\000w\000e\000r\000\137\000d\000b\000m}{subsection.11.31.2}% 603
\BOOKMARK [1][-]{section.11.32}{\376\377\0001\0001\000.\0003\0002\000\040\000D\000o\000k\000u\000m\000e\000n\000t\000a\000c\000j\000a\000\040\000s\000t\000r\000u\000k\000t\000u\000r\000y\000\040\000r\000a\000d\000i\000o\000\137\000m\000a\000i\000n\000\137\000r\000u\000n\000t\000i\000m\000e\000\137\000c\000f\000g\000\137\000t}{chapter.11}% 604
\BOOKMARK [2][-]{subsection.11.32.1}{\376\377\0001\0001\000.\0003\0002\000.\0001\000\040\000O\000p\000i\000s\000\040\000s\000z\000c\000z\000e\000g\000\363\001\102\000o\000w\000y}{section.11.32}% 605
\BOOKMARK [2][-]{subsection.11.32.2}{\376\377\0001\0001\000.\0003\0002\000.\0002\000\040\000D\000o\000k\000u\000m\000e\000n\000t\000a\000c\000j\000a\000\040\000p\000\363\000l}{section.11.32}% 606
\BOOKMARK [3][-]{subsubsection.11.32.2.1}{\376\377\0001\0001\000.\0003\0002\000.\0002\000.\0001\000\040\000a\000c\000t\000i\000v\000e\000\137\000m\000o\000d\000u\000l\000a\000t\000i\000o\000n}{subsection.11.32.2}% 607
\BOOKMARK [3][-]{subsubsection.11.32.2.2}{\376\377\0001\0001\000.\0003\0002\000.\0002\000.\0002\000\040\000a\000u\000t\000o\000\137\000p\000i\000n\000g\000\137\000e\000n\000a\000b\000l\000e\000d}{subsection.11.32.2}% 608
\BOOKMARK [3][-]{subsubsection.11.32.2.3}{\376\377\0001\0001\000.\0003\0002\000.\0002\000.\0003\000\040\000a\000u\000t\000o\000\137\000p\000i\000n\000g\000\137\000m\000o\000d\000e}{subsection.11.32.2}% 609
\BOOKMARK [3][-]{subsubsection.11.32.2.4}{\376\377\0001\0001\000.\0003\0002\000.\0002\000.\0004\000\040\000a\000u\000t\000o\000\137\000p\000i\000n\000g\000\137\000p\000e\000r\000i\000o\000d\000\137\000m\000s}{subsection.11.32.2}% 610
\BOOKMARK [3][-]{subsubsection.11.32.2.5}{\376\377\0001\0001\000.\0003\0002\000.\0002\000.\0005\000\040\000c\000o\000d\000i\000n\000g\000\137\000e\000n\000a\000b\000l\000e\000d}{subsection.11.32.2}% 611
\BOOKMARK [3][-]{subsubsection.11.32.2.6}{\376\377\0001\0001\000.\0003\0002\000.\0002\000.\0006\000\040\000f\000h\000\137\000e\000n\000a\000b\000l\000e\000d}{subsection.11.32.2}% 612
\BOOKMARK [3][-]{subsubsection.11.32.2.7}{\376\377\0001\0001\000.\0003\0002\000.\0002\000.\0007\000\040\000f\000h\000\137\000p\000e\000r\000i\000o\000d\000\137\000m\000s}{subsection.11.32.2}% 613
\BOOKMARK [3][-]{subsubsection.11.32.2.8}{\376\377\0001\0001\000.\0003\0002\000.\0002\000.\0008\000\040\000f\000s\000k}{subsection.11.32.2}% 614
\BOOKMARK [3][-]{subsubsection.11.32.2.9}{\376\377\0001\0001\000.\0003\0002\000.\0002\000.\0009\000\040\000l\000o\000r\000a}{subsection.11.32.2}% 615
\BOOKMARK [3][-]{subsubsection.11.32.2.10}{\376\377\0001\0001\000.\0003\0002\000.\0002\000.\0001\0000\000\040\000o\000o\000k}{subsection.11.32.2}% 616
\BOOKMARK [1][-]{section.11.33}{\376\377\0001\0001\000.\0003\0003\000\040\000D\000o\000k\000u\000m\000e\000n\000t\000a\000c\000j\000a\000\040\000s\000t\000r\000u\000k\000t\000u\000r\000y\000\040\000r\000a\000d\000i\000o\000\137\000o\000o\000k\000\137\000c\000f\000g\000\137\000t}{chapter.11}% 617
\BOOKMARK [2][-]{subsection.11.33.1}{\376\377\0001\0001\000.\0003\0003\000.\0001\000\040\000O\000p\000i\000s\000\040\000s\000z\000c\000z\000e\000g\000\363\001\102\000o\000w\000y}{section.11.33}% 618
\BOOKMARK [2][-]{subsection.11.33.2}{\376\377\0001\0001\000.\0003\0003\000.\0002\000\040\000D\000o\000k\000u\000m\000e\000n\000t\000a\000c\000j\000a\000\040\000p\000\363\000l}{section.11.33}% 619
\BOOKMARK [3][-]{subsubsection.11.33.2.1}{\376\377\0001\0001\000.\0003\0003\000.\0002\000.\0001\000\040\000b\000i\000t\000r\000a\000t\000e\000\137\000b\000p\000s}{subsection.11.33.2}% 620
\BOOKMARK [3][-]{subsubsection.11.33.2.2}{\376\377\0001\0001\000.\0003\0003\000.\0002\000.\0002\000\040\000f\000r\000e\000q\000u\000e\000n\000c\000y\000\137\000h\000z}{subsection.11.33.2}% 621
\BOOKMARK [3][-]{subsubsection.11.33.2.3}{\376\377\0001\0001\000.\0003\0003\000.\0002\000.\0003\000\040\000p\000r\000e\000a\000m\000b\000l\000e\000\137\000l\000e\000n}{subsection.11.33.2}% 622
\BOOKMARK [3][-]{subsubsection.11.33.2.4}{\376\377\0001\0001\000.\0003\0003\000.\0002\000.\0004\000\040\000r\000x\000\137\000b\000a\000n\000d\000w\000i\000d\000t\000h}{subsection.11.33.2}% 623
\BOOKMARK [3][-]{subsubsection.11.33.2.5}{\376\377\0001\0001\000.\0003\0003\000.\0002\000.\0005\000\040\000s\000y\000n\000c\000\137\000w\000o\000r\000d}{subsection.11.33.2}% 624
\BOOKMARK [3][-]{subsubsection.11.33.2.6}{\376\377\0001\0001\000.\0003\0003\000.\0002\000.\0006\000\040\000s\000y\000n\000c\000\137\000w\000o\000r\000d\000\137\000l\000e\000n}{subsection.11.33.2}% 625
\BOOKMARK [3][-]{subsubsection.11.33.2.7}{\376\377\0001\0001\000.\0003\0003\000.\0002\000.\0007\000\040\000t\000h\000r\000e\000s\000h\000o\000l\000d}{subsection.11.33.2}% 626
\BOOKMARK [3][-]{subsubsection.11.33.2.8}{\376\377\0001\0001\000.\0003\0003\000.\0002\000.\0008\000\040\000t\000h\000r\000e\000s\000h\000o\000l\000d\000\137\000v\000a\000l\000u\000e}{subsection.11.33.2}% 627
\BOOKMARK [3][-]{subsubsection.11.33.2.9}{\376\377\0001\0001\000.\0003\0003\000.\0002\000.\0009\000\040\000t\000x\000\137\000p\000o\000w\000e\000r\000\137\000d\000b\000m}{subsection.11.33.2}% 628
\BOOKMARK [1][-]{section.11.34}{\376\377\0001\0001\000.\0003\0004\000\040\000D\000o\000k\000u\000m\000e\000n\000t\000a\000c\000j\000a\000\040\000s\000t\000r\000u\000k\000t\000u\000r\000y\000\040\000r\000a\000d\000i\000o\000\137\000o\000o\000k\000\137\000c\000o\000n\000t\000e\000x\000t\000\137\000t}{chapter.11}% 629
\BOOKMARK [2][-]{subsection.11.34.1}{\376\377\0001\0001\000.\0003\0004\000.\0001\000\040\000O\000p\000i\000s\000\040\000s\000z\000c\000z\000e\000g\000\363\001\102\000o\000w\000y}{section.11.34}% 630
\BOOKMARK [2][-]{subsection.11.34.2}{\376\377\0001\0001\000.\0003\0004\000.\0002\000\040\000D\000o\000k\000u\000m\000e\000n\000t\000a\000c\000j\000a\000\040\000p\000\363\000l}{section.11.34}% 631
\BOOKMARK [3][-]{subsubsection.11.34.2.1}{\376\377\0001\0001\000.\0003\0004\000.\0002\000.\0001\000\040\000b\000u\000s}{subsection.11.34.2}% 632
\BOOKMARK [3][-]{subsubsection.11.34.2.2}{\376\377\0001\0001\000.\0003\0004\000.\0002\000.\0002\000\040\000c\000a\000l\000l\000b\000a\000c\000k}{subsection.11.34.2}% 633
\BOOKMARK [3][-]{subsubsection.11.34.2.3}{\376\377\0001\0001\000.\0003\0004\000.\0002\000.\0003\000\040\000c\000a\000l\000l\000b\000a\000c\000k\000\137\000c\000t\000x}{subsection.11.34.2}% 634
\BOOKMARK [3][-]{subsubsection.11.34.2.4}{\376\377\0001\0001\000.\0003\0004\000.\0002\000.\0004\000\040\000c\000f\000g}{subsection.11.34.2}% 635
\BOOKMARK [3][-]{subsubsection.11.34.2.5}{\376\377\0001\0001\000.\0003\0004\000.\0002\000.\0005\000\040\000d\000i\000o\000\137\000p\000e\000n\000d\000i\000n\000g\000\137\000m\000a\000s\000k}{subsection.11.34.2}% 636
\BOOKMARK [3][-]{subsubsection.11.34.2.6}{\376\377\0001\0001\000.\0003\0004\000.\0002\000.\0006\000\040\000e\000v\000e\000n\000t\000\137\000f\000l\000a\000g\000s}{subsection.11.34.2}% 637
\BOOKMARK [3][-]{subsubsection.11.34.2.7}{\376\377\0001\0001\000.\0003\0004\000.\0002\000.\0007\000\040\000h\000w}{subsection.11.34.2}% 638
\BOOKMARK [3][-]{subsubsection.11.34.2.8}{\376\377\0001\0001\000.\0003\0004\000.\0002\000.\0008\000\040\000i\000n\000i\000t\000i\000a\000l\000i\000z\000e\000d}{subsection.11.34.2}% 639
\BOOKMARK [3][-]{subsubsection.11.34.2.9}{\376\377\0001\0001\000.\0003\0004\000.\0002\000.\0009\000\040\000l\000a\000s\000t\000\137\000p\000a\000c\000k\000e\000t}{subsection.11.34.2}% 640
\BOOKMARK [3][-]{subsubsection.11.34.2.10}{\376\377\0001\0001\000.\0003\0004\000.\0002\000.\0001\0000\000\040\000r\000x\000\137\000s\000i\000n\000g\000l\000e\000\137\000d\000e\000a\000d\000l\000i\000n\000e\000\137\000m\000s}{subsection.11.34.2}% 641
\BOOKMARK [3][-]{subsubsection.11.34.2.11}{\376\377\0001\0001\000.\0003\0004\000.\0002\000.\0001\0001\000\040\000s\000t\000a\000t\000e}{subsection.11.34.2}% 642
\BOOKMARK [3][-]{subsubsection.11.34.2.12}{\376\377\0001\0001\000.\0003\0004\000.\0002\000.\0001\0002\000\040\000t\000x\000\137\000d\000e\000a\000d\000l\000i\000n\000e\000\137\000m\000s}{subsection.11.34.2}% 643
\BOOKMARK [3][-]{subsubsection.11.34.2.13}{\376\377\0001\0001\000.\0003\0004\000.\0002\000.\0001\0003\000\040\000t\000x\000\137\000r\000e\000s\000u\000m\000e\000\137\000s\000t\000a\000t\000e}{subsection.11.34.2}% 644
\BOOKMARK [1][-]{section.11.35}{\376\377\0001\0001\000.\0003\0005\000\040\000D\000o\000k\000u\000m\000e\000n\000t\000a\000c\000j\000a\000\040\000s\000t\000r\000u\000k\000t\000u\000r\000y\000\040\000r\000a\000d\000i\000o\000\137\000p\000a\000c\000k\000e\000t\000\137\000t}{chapter.11}% 645
\BOOKMARK [2][-]{subsection.11.35.1}{\376\377\0001\0001\000.\0003\0005\000.\0001\000\040\000O\000p\000i\000s\000\040\000s\000z\000c\000z\000e\000g\000\363\001\102\000o\000w\000y}{section.11.35}% 646
\BOOKMARK [2][-]{subsection.11.35.2}{\376\377\0001\0001\000.\0003\0005\000.\0002\000\040\000D\000o\000k\000u\000m\000e\000n\000t\000a\000c\000j\000a\000\040\000p\000\363\000l}{section.11.35}% 647
\BOOKMARK [3][-]{subsubsection.11.35.2.1}{\376\377\0001\0001\000.\0003\0005\000.\0002\000.\0001\000\040\000d\000a\000t\000a}{subsection.11.35.2}% 648
\BOOKMARK [3][-]{subsubsection.11.35.2.2}{\376\377\0001\0001\000.\0003\0005\000.\0002\000.\0002\000\040\000l\000e\000n\000g\000t\000h}{subsection.11.35.2}% 649
\BOOKMARK [3][-]{subsubsection.11.35.2.3}{\376\377\0001\0001\000.\0003\0005\000.\0002\000.\0003\000\040\000r\000s\000s\000i\000\137\000d\000b\000m}{subsection.11.35.2}% 650
\BOOKMARK [3][-]{subsubsection.11.35.2.4}{\376\377\0001\0001\000.\0003\0005\000.\0002\000.\0004\000\040\000s\000n\000r\000\137\000d\000b}{subsection.11.35.2}% 651
\BOOKMARK [3][-]{subsubsection.11.35.2.5}{\376\377\0001\0001\000.\0003\0005\000.\0002\000.\0005\000\040\000t\000i\000m\000e\000s\000t\000a\000m\000p\000\137\000m\000s}{subsection.11.35.2}% 652
\BOOKMARK [3][-]{subsubsection.11.35.2.6}{\376\377\0001\0001\000.\0003\0005\000.\0002\000.\0006\000\040\000v\000a\000l\000i\000d}{subsection.11.35.2}% 653
\BOOKMARK [1][-]{section.11.36}{\376\377\0001\0001\000.\0003\0006\000\040\000D\000o\000k\000u\000m\000e\000n\000t\000a\000c\000j\000a\000\040\000s\000t\000r\000u\000k\000t\000u\000r\000y\000\040\000s\000e\000c\000u\000r\000i\000t\000y\000\137\000c\000m\000d\000\137\000s\000y\000n\000c\000\137\000t}{chapter.11}% 654
\BOOKMARK [2][-]{subsection.11.36.1}{\376\377\0001\0001\000.\0003\0006\000.\0001\000\040\000O\000p\000i\000s\000\040\000s\000z\000c\000z\000e\000g\000\363\001\102\000o\000w\000y}{section.11.36}% 655
\BOOKMARK [2][-]{subsection.11.36.2}{\376\377\0001\0001\000.\0003\0006\000.\0002\000\040\000D\000o\000k\000u\000m\000e\000n\000t\000a\000c\000j\000a\000\040\000p\000\363\000l}{section.11.36}% 656
\BOOKMARK [3][-]{subsubsection.11.36.2.1}{\376\377\0001\0001\000.\0003\0006\000.\0002\000.\0001\000\040\000d\000o\000n\000e}{subsection.11.36.2}% 657
\BOOKMARK [3][-]{subsubsection.11.36.2.2}{\376\377\0001\0001\000.\0003\0006\000.\0002\000.\0002\000\040\000r\000e\000s\000u\000l\000t}{subsection.11.36.2}% 658
\BOOKMARK [3][-]{subsubsection.11.36.2.3}{\376\377\0001\0001\000.\0003\0006\000.\0002\000.\0003\000\040\000r\000u\000n\000t\000i\000m\000e\000\137\000o\000u\000t}{subsection.11.36.2}% 659
\BOOKMARK [3][-]{subsubsection.11.36.2.4}{\376\377\0001\0001\000.\0003\0006\000.\0002\000.\0004\000\040\000t\000r\000u\000s\000t\000e\000d\000\137\000o\000u\000t}{subsection.11.36.2}% 660
\BOOKMARK [1][-]{section.11.37}{\376\377\0001\0001\000.\0003\0007\000\040\000D\000o\000k\000u\000m\000e\000n\000t\000a\000c\000j\000a\000\040\000s\000t\000r\000u\000k\000t\000u\000r\000y\000\040\000s\000e\000c\000u\000r\000i\000t\000y\000\137\000c\000m\000d\000\137\000t}{chapter.11}% 661
\BOOKMARK [2][-]{subsection.11.37.1}{\376\377\0001\0001\000.\0003\0007\000.\0001\000\040\000O\000p\000i\000s\000\040\000s\000z\000c\000z\000e\000g\000\363\001\102\000o\000w\000y}{section.11.37}% 662
\BOOKMARK [2][-]{subsection.11.37.2}{\376\377\0001\0001\000.\0003\0007\000.\0002\000\040\000D\000o\000k\000u\000m\000e\000n\000t\000a\000c\000j\000a\000\040\000p\000\363\000l}{section.11.37}% 663
\BOOKMARK [3][-]{subsubsection.11.37.2.1}{\376\377\0001\0001\000.\0003\0007\000.\0002\000.\0001\000\040\000c\000f\000g}{subsection.11.37.2}% 664
\BOOKMARK [3][-]{subsubsection.11.37.2.2}{\376\377\0001\0001\000.\0003\0007\000.\0002\000.\0002\000\040\000c\000o\000d\000e}{subsection.11.37.2}% 665
\BOOKMARK [3][-]{subsubsection.11.37.2.3}{\376\377\0001\0001\000.\0003\0007\000.\0002\000.\0003\000\040\000c\000o\000d\000e\000\137\000l\000e\000n}{subsection.11.37.2}% 666
\BOOKMARK [3][-]{subsubsection.11.37.2.4}{\376\377\0001\0001\000.\0003\0007\000.\0002\000.\0004\000\040\000e\000n\000a\000b\000l\000e\000d}{subsection.11.37.2}% 667
\BOOKMARK [3][-]{subsubsection.11.37.2.5}{\376\377\0001\0001\000.\0003\0007\000.\0002\000.\0005\000\040\000g\000a\000t\000e\000w\000a\000y\000\137\000s\000l\000o\000t}{subsection.11.37.2}% 668
\BOOKMARK [3][-]{subsubsection.11.37.2.6}{\376\377\0001\0001\000.\0003\0007\000.\0002\000.\0006\000\040\000i\000d}{subsection.11.37.2}% 669
\BOOKMARK [3][-]{subsubsection.11.37.2.7}{\376\377\0001\0001\000.\0003\0007\000.\0002\000.\0007\000\040\000i\000n\000d\000e\000x}{subsection.11.37.2}% 670
\BOOKMARK [3][-]{subsubsection.11.37.2.8}{\376\377\0001\0001\000.\0003\0007\000.\0002\000.\0008\000\040\000l\000e\000n}{subsection.11.37.2}% 671
\BOOKMARK [3][-]{subsubsection.11.37.2.9}{\376\377\0001\0001\000.\0003\0007\000.\0002\000.\0009\000\040\000m\000o\000d\000e}{subsection.11.37.2}% 672
\BOOKMARK [3][-]{subsubsection.11.37.2.10}{\376\377\0001\0001\000.\0003\0007\000.\0002\000.\0001\0000\000\040\000n\000o\000d\000e\000\137\000i\000d}{subsection.11.37.2}% 673
\BOOKMARK [3][-]{subsubsection.11.37.2.11}{\376\377\0001\0001\000.\0003\0007\000.\0002\000.\0001\0001\000\040\000p\000a\000y\000l\000o\000a\000d}{subsection.11.37.2}% 674
\BOOKMARK [3][-]{subsubsection.11.37.2.12}{\376\377\0001\0001\000.\0003\0007\000.\0002\000.\0001\0002\000\040\000p\000r\000e\000s\000e\000t\000\137\000i\000d}{subsection.11.37.2}% 675
\BOOKMARK [3][-]{subsubsection.11.37.2.13}{\376\377\0001\0001\000.\0003\0007\000.\0002\000.\0001\0003\000\040\000r\000s\000s\000i\000\137\000d\000b\000m}{subsection.11.37.2}% 676
\BOOKMARK [3][-]{subsubsection.11.37.2.14}{\376\377\0001\0001\000.\0003\0007\000.\0002\000.\0001\0004\000\040\000s\000y\000n\000c}{subsection.11.37.2}% 677
\BOOKMARK [3][-]{subsubsection.11.37.2.15}{\376\377\0001\0001\000.\0003\0007\000.\0002\000.\0001\0005\000\040\000v\000a\000l\000u\000e}{subsection.11.37.2}% 678
\BOOKMARK [1][-]{section.11.38}{\376\377\0001\0001\000.\0003\0008\000\040\000D\000o\000k\000u\000m\000e\000n\000t\000a\000c\000j\000a\000\040\000s\000t\000r\000u\000k\000t\000u\000r\000y\000\040\000s\000e\000c\000u\000r\000i\000t\000y\000\137\000k\000e\000y\000\137\000w\000i\000r\000e\000\137\000t}{chapter.11}% 679
\BOOKMARK [2][-]{subsection.11.38.1}{\376\377\0001\0001\000.\0003\0008\000.\0001\000\040\000O\000p\000i\000s\000\040\000s\000z\000c\000z\000e\000g\000\363\001\102\000o\000w\000y}{section.11.38}% 680
\BOOKMARK [2][-]{subsection.11.38.2}{\376\377\0001\0001\000.\0003\0008\000.\0002\000\040\000D\000o\000k\000u\000m\000e\000n\000t\000a\000c\000j\000a\000\040\000p\000\363\000l}{section.11.38}% 681
\BOOKMARK [3][-]{subsubsection.11.38.2.1}{\376\377\0001\0001\000.\0003\0008\000.\0002\000.\0001\000\040\000c\000r\000c}{subsection.11.38.2}% 682
\BOOKMARK [3][-]{subsubsection.11.38.2.2}{\376\377\0001\0001\000.\0003\0008\000.\0002\000.\0002\000\040\000m\000a\000g\000i\000c}{subsection.11.38.2}% 683
\BOOKMARK [3][-]{subsubsection.11.38.2.3}{\376\377\0001\0001\000.\0003\0008\000.\0002\000.\0003\000\040\000s\000e\000e\000d}{subsection.11.38.2}% 684
\BOOKMARK [1][-]{section.11.39}{\376\377\0001\0001\000.\0003\0009\000\040\000D\000o\000k\000u\000m\000e\000n\000t\000a\000c\000j\000a\000\040\000s\000t\000r\000u\000k\000t\000u\000r\000y\000\040\000s\000e\000c\000u\000r\000i\000t\000y\000\137\000r\000a\000d\000i\000o\000\137\000s\000t\000o\000r\000e\000\137\000w\000i\000r\000e\000\137\000t}{chapter.11}% 685
\BOOKMARK [2][-]{subsection.11.39.1}{\376\377\0001\0001\000.\0003\0009\000.\0001\000\040\000O\000p\000i\000s\000\040\000s\000z\000c\000z\000e\000g\000\363\001\102\000o\000w\000y}{section.11.39}% 686
\BOOKMARK [2][-]{subsection.11.39.2}{\376\377\0001\0001\000.\0003\0009\000.\0002\000\040\000D\000o\000k\000u\000m\000e\000n\000t\000a\000c\000j\000a\000\040\000p\000\363\000l}{section.11.39}% 687
\BOOKMARK [3][-]{subsubsection.11.39.2.1}{\376\377\0001\0001\000.\0003\0009\000.\0002\000.\0001\000\040\000m\000a\000g\000i\000c}{subsection.11.39.2}% 688
\BOOKMARK [3][-]{subsubsection.11.39.2.2}{\376\377\0001\0001\000.\0003\0009\000.\0002\000.\0002\000\040\000p\000a\000c\000k\000e\000d}{subsection.11.39.2}% 689
\BOOKMARK [3][-]{subsubsection.11.39.2.3}{\376\377\0001\0001\000.\0003\0009\000.\0002\000.\0003\000\040\000v\000e\000r\000s\000i\000o\000n}{subsection.11.39.2}% 690
\BOOKMARK [1][-]{section.11.40}{\376\377\0001\0001\000.\0004\0000\000\040\000D\000o\000k\000u\000m\000e\000n\000t\000a\000c\000j\000a\000\040\000s\000t\000r\000u\000k\000t\000u\000r\000y\000\040\000s\000e\000c\000u\000r\000i\000t\000y\000\137\000r\000u\000n\000t\000i\000m\000e\000\137\000c\000f\000g\000\137\000t}{chapter.11}% 691
\BOOKMARK [2][-]{subsection.11.40.1}{\376\377\0001\0001\000.\0004\0000\000.\0001\000\040\000O\000p\000i\000s\000\040\000s\000z\000c\000z\000e\000g\000\363\001\102\000o\000w\000y}{section.11.40}% 692
\BOOKMARK [2][-]{subsection.11.40.2}{\376\377\0001\0001\000.\0004\0000\000.\0002\000\040\000D\000o\000k\000u\000m\000e\000n\000t\000a\000c\000j\000a\000\040\000p\000\363\000l}{section.11.40}% 693
\BOOKMARK [3][-]{subsubsection.11.40.2.1}{\376\377\0001\0001\000.\0004\0000\000.\0002\000.\0001\000\040\000a\000c\000t\000i\000v\000e\000\137\000m\000o\000d\000u\000l\000a\000t\000i\000o\000n}{subsection.11.40.2}% 694
\BOOKMARK [3][-]{subsubsection.11.40.2.2}{\376\377\0001\0001\000.\0004\0000\000.\0002\000.\0002\000\040\000a\000u\000t\000o\000\137\000p\000i\000n\000g\000\137\000e\000n\000a\000b\000l\000e\000d}{subsection.11.40.2}% 695
\BOOKMARK [3][-]{subsubsection.11.40.2.3}{\376\377\0001\0001\000.\0004\0000\000.\0002\000.\0003\000\040\000a\000u\000t\000o\000\137\000p\000i\000n\000g\000\137\000m\000o\000d\000e}{subsection.11.40.2}% 696
\BOOKMARK [3][-]{subsubsection.11.40.2.4}{\376\377\0001\0001\000.\0004\0000\000.\0002\000.\0004\000\040\000a\000u\000t\000o\000\137\000p\000i\000n\000g\000\137\000p\000e\000r\000i\000o\000d\000\137\000m\000s}{subsection.11.40.2}% 697
\BOOKMARK [3][-]{subsubsection.11.40.2.5}{\376\377\0001\0001\000.\0004\0000\000.\0002\000.\0005\000\040\000c\000o\000d\000i\000n\000g\000\137\000e\000n\000a\000b\000l\000e\000d}{subsection.11.40.2}% 698
\BOOKMARK [3][-]{subsubsection.11.40.2.6}{\376\377\0001\0001\000.\0004\0000\000.\0002\000.\0006\000\040\000f\000h\000\137\000e\000n\000a\000b\000l\000e\000d}{subsection.11.40.2}% 699
\BOOKMARK [3][-]{subsubsection.11.40.2.7}{\376\377\0001\0001\000.\0004\0000\000.\0002\000.\0007\000\040\000f\000h\000\137\000p\000e\000r\000i\000o\000d\000\137\000m\000s}{subsection.11.40.2}% 700
\BOOKMARK [3][-]{subsubsection.11.40.2.8}{\376\377\0001\0001\000.\0004\0000\000.\0002\000.\0008\000\040\000f\000s\000k}{subsection.11.40.2}% 701
\BOOKMARK [3][-]{subsubsection.11.40.2.9}{\376\377\0001\0001\000.\0004\0000\000.\0002\000.\0009\000\040\000l\000o\000r\000a}{subsection.11.40.2}% 702
\BOOKMARK [3][-]{subsubsection.11.40.2.10}{\376\377\0001\0001\000.\0004\0000\000.\0002\000.\0001\0000\000\040\000l\000o\000r\000a\000\137\000p\000r\000e\000s\000e\000t}{subsection.11.40.2}% 703
\BOOKMARK [3][-]{subsubsection.11.40.2.11}{\376\377\0001\0001\000.\0004\0000\000.\0002\000.\0001\0001\000\040\000n\000o\000t\000i\000f\000y\000\137\000m\000o\000d\000e}{subsection.11.40.2}% 704
\BOOKMARK [3][-]{subsubsection.11.40.2.12}{\376\377\0001\0001\000.\0004\0000\000.\0002\000.\0001\0002\000\040\000o\000o\000k}{subsection.11.40.2}% 705
\BOOKMARK [3][-]{subsubsection.11.40.2.13}{\376\377\0001\0001\000.\0004\0000\000.\0002\000.\0001\0003\000\040\000r\000a\000d\000i\000o\000\137\000p\000r\000o\000f\000i\000l\000e\000s\000\137\000p\000e\000r\000s\000i\000s\000t\000e\000d}{subsection.11.40.2}% 706
\BOOKMARK [1][-]{section.11.41}{\376\377\0001\0001\000.\0004\0001\000\040\000D\000o\000k\000u\000m\000e\000n\000t\000a\000c\000j\000a\000\040\000s\000t\000r\000u\000k\000t\000u\000r\000y\000\040\000s\000e\000c\000u\000r\000i\000t\000y\000\137\000s\000e\000t\000t\000i\000n\000g\000s\000\137\000w\000i\000r\000e\000\137\000t}{chapter.11}% 707
\BOOKMARK [2][-]{subsection.11.41.1}{\376\377\0001\0001\000.\0004\0001\000.\0001\000\040\000O\000p\000i\000s\000\040\000s\000z\000c\000z\000e\000g\000\363\001\102\000o\000w\000y}{section.11.41}% 708
\BOOKMARK [2][-]{subsection.11.41.2}{\376\377\0001\0001\000.\0004\0001\000.\0002\000\040\000D\000o\000k\000u\000m\000e\000n\000t\000a\000c\000j\000a\000\040\000p\000\363\000l}{section.11.41}% 709
\BOOKMARK [3][-]{subsubsection.11.41.2.1}{\376\377\0001\0001\000.\0004\0001\000.\0002\000.\0001\000\040\000c\000r\000c}{subsection.11.41.2}% 710
\BOOKMARK [3][-]{subsubsection.11.41.2.2}{\376\377\0001\0001\000.\0004\0001\000.\0002\000.\0002\000\040\000f\000l\000a\000g\000s}{subsection.11.41.2}% 711
\BOOKMARK [3][-]{subsubsection.11.41.2.3}{\376\377\0001\0001\000.\0004\0001\000.\0002\000.\0003\000\040\000l\000o\000r\000a\000\137\000p\000r\000e\000s\000e\000t}{subsection.11.41.2}% 712
\BOOKMARK [3][-]{subsubsection.11.41.2.4}{\376\377\0001\0001\000.\0004\0001\000.\0002\000.\0004\000\040\000m\000a\000g\000i\000c}{subsection.11.41.2}% 713
\BOOKMARK [3][-]{subsubsection.11.41.2.5}{\376\377\0001\0001\000.\0004\0001\000.\0002\000.\0005\000\040\000n\000o\000t\000i\000f\000y\000\137\000m\000o\000d\000e}{subsection.11.41.2}% 714
\BOOKMARK [3][-]{subsubsection.11.41.2.6}{\376\377\0001\0001\000.\0004\0001\000.\0002\000.\0006\000\040\000r\000e\000s\000e\000r\000v\000e\000d\0000}{subsection.11.41.2}% 715
\BOOKMARK [3][-]{subsubsection.11.41.2.7}{\376\377\0001\0001\000.\0004\0001\000.\0002\000.\0007\000\040\000r\000e\000s\000e\000r\000v\000e\000d\0001}{subsection.11.41.2}% 716
\BOOKMARK [3][-]{subsubsection.11.41.2.8}{\376\377\0001\0001\000.\0004\0001\000.\0002\000.\0008\000\040\000v\000e\000r\000s\000i\000o\000n}{subsection.11.41.2}% 717
\BOOKMARK [1][-]{section.11.42}{\376\377\0001\0001\000.\0004\0002\000\040\000D\000o\000k\000u\000m\000e\000n\000t\000a\000c\000j\000a\000\040\000s\000t\000r\000u\000k\000t\000u\000r\000y\000\040\000s\000e\000c\000u\000r\000i\000t\000y\000\137\000s\000t\000o\000r\000e\000\137\000w\000i\000r\000e\000\137\000t}{chapter.11}% 718
\BOOKMARK [2][-]{subsection.11.42.1}{\376\377\0001\0001\000.\0004\0002\000.\0001\000\040\000O\000p\000i\000s\000\040\000s\000z\000c\000z\000e\000g\000\363\001\102\000o\000w\000y}{section.11.42}% 719
\BOOKMARK [2][-]{subsection.11.42.2}{\376\377\0001\0001\000.\0004\0002\000.\0002\000\040\000D\000o\000k\000u\000m\000e\000n\000t\000a\000c\000j\000a\000\040\000p\000\363\000l}{section.11.42}% 720
\BOOKMARK [3][-]{subsubsection.11.42.2.1}{\376\377\0001\0001\000.\0004\0002\000.\0002\000.\0001\000\040\000f\000l\000a\000g\000s}{subsection.11.42.2}% 721
\BOOKMARK [3][-]{subsubsection.11.42.2.2}{\376\377\0001\0001\000.\0004\0002\000.\0002\000.\0002\000\040\000l\000o\000r\000a\000\137\000p\000r\000e\000s\000e\000t}{subsection.11.42.2}% 722
\BOOKMARK [3][-]{subsubsection.11.42.2.3}{\376\377\0001\0001\000.\0004\0002\000.\0002\000.\0003\000\040\000m\000a\000g\000i\000c}{subsection.11.42.2}% 723
\BOOKMARK [3][-]{subsubsection.11.42.2.4}{\376\377\0001\0001\000.\0004\0002\000.\0002\000.\0004\000\040\000m\000o\000d\000u\000l\000a\000t\000i\000o\000n\000\137\000f\000h}{subsection.11.42.2}% 724
\BOOKMARK [3][-]{subsubsection.11.42.2.5}{\376\377\0001\0001\000.\0004\0002\000.\0002\000.\0005\000\040\000n\000o\000t\000i\000f\000y\000\137\000m\000o\000d\000e}{subsection.11.42.2}% 725
\BOOKMARK [3][-]{subsubsection.11.42.2.6}{\376\377\0001\0001\000.\0004\0002\000.\0002\000.\0006\000\040\000s\000e\000e\000d}{subsection.11.42.2}% 726
\BOOKMARK [3][-]{subsubsection.11.42.2.7}{\376\377\0001\0001\000.\0004\0002\000.\0002\000.\0007\000\040\000v\000e\000r\000s\000i\000o\000n}{subsection.11.42.2}% 727
\BOOKMARK [1][-]{section.11.43}{\376\377\0001\0001\000.\0004\0003\000\040\000D\000o\000k\000u\000m\000e\000n\000t\000a\000c\000j\000a\000\040\000s\000t\000r\000u\000k\000t\000u\000r\000y\000\040\000s\000e\000c\000u\000r\000i\000t\000y\000\137\000t\000r\000u\000s\000t\000e\000d\000\137\000e\000n\000t\000r\000y\000\137\000t}{chapter.11}% 728
\BOOKMARK [2][-]{subsection.11.43.1}{\376\377\0001\0001\000.\0004\0003\000.\0001\000\040\000O\000p\000i\000s\000\040\000s\000z\000c\000z\000e\000g\000\363\001\102\000o\000w\000y}{section.11.43}% 729
\BOOKMARK [2][-]{subsection.11.43.2}{\376\377\0001\0001\000.\0004\0003\000.\0002\000\040\000D\000o\000k\000u\000m\000e\000n\000t\000a\000c\000j\000a\000\040\000p\000\363\000l}{section.11.43}% 730
\BOOKMARK [3][-]{subsubsection.11.43.2.1}{\376\377\0001\0001\000.\0004\0003\000.\0002\000.\0001\000\040\000c\000o\000d\000e}{subsection.11.43.2}% 731
\BOOKMARK [3][-]{subsubsection.11.43.2.2}{\376\377\0001\0001\000.\0004\0003\000.\0002\000.\0002\000\040\000c\000o\000d\000e\000\137\000l\000e\000n}{subsection.11.43.2}% 732
\BOOKMARK [3][-]{subsubsection.11.43.2.3}{\376\377\0001\0001\000.\0004\0003\000.\0002\000.\0003\000\040\000i\000n\000\137\000u\000s\000e}{subsection.11.43.2}% 733
\BOOKMARK [3][-]{subsubsection.11.43.2.4}{\376\377\0001\0001\000.\0004\0003\000.\0002\000.\0004\000\040\000i\000s\000\137\000m\000a\000s\000t\000e\000r}{subsection.11.43.2}% 734
\BOOKMARK [3][-]{subsubsection.11.43.2.5}{\376\377\0001\0001\000.\0004\0003\000.\0002\000.\0005\000\040\000n\000o\000d\000e\000\137\000i\000d}{subsection.11.43.2}% 735
\BOOKMARK [1][-]{section.11.44}{\376\377\0001\0001\000.\0004\0004\000\040\000D\000o\000k\000u\000m\000e\000n\000t\000a\000c\000j\000a\000\040\000s\000t\000r\000u\000k\000t\000u\000r\000y\000\040\000s\000t\0003\0003\000k\000t\000p\000m\0002\000x\000\137\000c\000f\000g\000\137\000t}{chapter.11}% 736
\BOOKMARK [2][-]{subsection.11.44.1}{\376\377\0001\0001\000.\0004\0004\000.\0001\000\040\000O\000p\000i\000s\000\040\000s\000z\000c\000z\000e\000g\000\363\001\102\000o\000w\000y}{section.11.44}% 737
\BOOKMARK [2][-]{subsection.11.44.2}{\376\377\0001\0001\000.\0004\0004\000.\0002\000\040\000D\000o\000k\000u\000m\000e\000n\000t\000a\000c\000j\000a\000\040\000p\000\363\000l}{section.11.44}% 738
\BOOKMARK [3][-]{subsubsection.11.44.2.1}{\376\377\0001\0001\000.\0004\0004\000.\0002\000.\0001\000\040\000b\000u\000r\000s\000t\000\137\000t\000i\000m\000e\000o\000u\000t\000\137\000m\000s}{subsection.11.44.2}% 739
\BOOKMARK [3][-]{subsubsection.11.44.2.2}{\376\377\0001\0001\000.\0004\0004\000.\0002\000.\0002\000\040\000d\000a\000v\000i\000n\000t\000\137\000a\000c\000t\000i\000v\000e\000\137\000s\000t\000a\000t\000e}{subsection.11.44.2}% 740
\BOOKMARK [3][-]{subsubsection.11.44.2.3}{\376\377\0001\0001\000.\0004\0004\000.\0002\000.\0003\000\040\000d\000a\000v\000i\000n\000t\000\137\000p\000i\000n}{subsection.11.44.2}% 741
\BOOKMARK [3][-]{subsubsection.11.44.2.4}{\376\377\0001\0001\000.\0004\0004\000.\0002\000.\0004\000\040\000d\000a\000v\000i\000n\000t\000\137\000p\000o\000r\000t}{subsection.11.44.2}% 742
\BOOKMARK [3][-]{subsubsection.11.44.2.5}{\376\377\0001\0001\000.\0004\0004\000.\0002\000.\0005\000\040\000h\000i\0002\000c}{subsection.11.44.2}% 743
\BOOKMARK [3][-]{subsubsection.11.44.2.6}{\376\377\0001\0001\000.\0004\0004\000.\0002\000.\0006\000\040\000i\0002\000c\000\137\000a\000d\000d\000r\000\137\0007\000b\000i\000t}{subsection.11.44.2}% 744
\BOOKMARK [3][-]{subsubsection.11.44.2.7}{\376\377\0001\0001\000.\0004\0004\000.\0002\000.\0007\000\040\000i\000o\000\137\000t\000i\000m\000e\000o\000u\000t\000\137\000m\000s}{subsection.11.44.2}% 745
\BOOKMARK [3][-]{subsubsection.11.44.2.8}{\376\377\0001\0001\000.\0004\0004\000.\0002\000.\0008\000\040\000l\000o\000c\000a\000l\000i\000t\000y\000\137\000t\000i\000m\000e\000o\000u\000t\000\137\000m\000s}{subsection.11.44.2}% 746
\BOOKMARK [3][-]{subsubsection.11.44.2.9}{\376\377\0001\0001\000.\0004\0004\000.\0002\000.\0009\000\040\000p\000p\000\137\000a\000c\000t\000i\000v\000e\000\137\000s\000t\000a\000t\000e}{subsection.11.44.2}% 747
\BOOKMARK [3][-]{subsubsection.11.44.2.10}{\376\377\0001\0001\000.\0004\0004\000.\0002\000.\0001\0000\000\040\000p\000p\000\137\000p\000i\000n}{subsection.11.44.2}% 748
\BOOKMARK [3][-]{subsubsection.11.44.2.11}{\376\377\0001\0001\000.\0004\0004\000.\0002\000.\0001\0001\000\040\000p\000p\000\137\000p\000o\000r\000t}{subsection.11.44.2}% 749
\BOOKMARK [3][-]{subsubsection.11.44.2.12}{\376\377\0001\0001\000.\0004\0004\000.\0002\000.\0001\0002\000\040\000r\000e\000s\000e\000t\000\137\000p\000i\000n}{subsection.11.44.2}% 750
\BOOKMARK [3][-]{subsubsection.11.44.2.13}{\376\377\0001\0001\000.\0004\0004\000.\0002\000.\0001\0003\000\040\000r\000e\000s\000e\000t\000\137\000p\000o\000r\000t}{subsection.11.44.2}% 751
\BOOKMARK [3][-]{subsubsection.11.44.2.14}{\376\377\0001\0001\000.\0004\0004\000.\0002\000.\0001\0004\000\040\000r\000e\000s\000e\000t\000\137\000p\000u\000l\000s\000e\000\137\000m\000s}{subsection.11.44.2}% 752
\BOOKMARK [3][-]{subsubsection.11.44.2.15}{\376\377\0001\0001\000.\0004\0004\000.\0002\000.\0001\0005\000\040\000r\000e\000s\000e\000t\000\137\000r\000e\000c\000o\000v\000e\000r\000y\000\137\000m\000s}{subsection.11.44.2}% 753
\BOOKMARK [1][-]{section.11.45}{\376\377\0001\0001\000.\0004\0005\000\040\000D\000o\000k\000u\000m\000e\000n\000t\000a\000c\000j\000a\000\040\000s\000t\000r\000u\000k\000t\000u\000r\000y\000\040\000s\000t\0003\0003\000k\000t\000p\000m\0002\000x\000\137\000t}{chapter.11}% 754
\BOOKMARK [2][-]{subsection.11.45.1}{\376\377\0001\0001\000.\0004\0005\000.\0001\000\040\000O\000p\000i\000s\000\040\000s\000z\000c\000z\000e\000g\000\363\001\102\000o\000w\000y}{section.11.45}% 755
\BOOKMARK [2][-]{subsection.11.45.2}{\376\377\0001\0001\000.\0004\0005\000.\0002\000\040\000D\000o\000k\000u\000m\000e\000n\000t\000a\000c\000j\000a\000\040\000p\000\363\000l}{section.11.45}% 756
\BOOKMARK [3][-]{subsubsection.11.45.2.1}{\376\377\0001\0001\000.\0004\0005\000.\0002\000.\0001\000\040\000c\000f\000g}{subsection.11.45.2}% 757
\BOOKMARK [3][-]{subsubsection.11.45.2.2}{\376\377\0001\0001\000.\0004\0005\000.\0002\000.\0002\000\040\000i\000n\000i\000t\000i\000a\000l\000i\000z\000e\000d}{subsection.11.45.2}% 758
\BOOKMARK [3][-]{subsubsection.11.45.2.3}{\376\377\0001\0001\000.\0004\0005\000.\0002\000.\0003\000\040\000l\000o\000c\000a\000l\000i\000t\000y\0000\000\137\000a\000c\000q\000u\000i\000r\000e\000d}{subsection.11.45.2}% 759
\BOOKMARK [1][-]{section.11.46}{\376\377\0001\0001\000.\0004\0006\000\040\000D\000o\000k\000u\000m\000e\000n\000t\000a\000c\000j\000a\000\040\000s\000t\000r\000u\000k\000t\000u\000r\000y\000\040\000s\000x\0001\0002\0007\0006\000\137\000b\000u\000s\000\137\000t}{chapter.11}% 760
\BOOKMARK [2][-]{subsection.11.46.1}{\376\377\0001\0001\000.\0004\0006\000.\0001\000\040\000O\000p\000i\000s\000\040\000s\000z\000c\000z\000e\000g\000\363\001\102\000o\000w\000y}{section.11.46}% 761
\BOOKMARK [2][-]{subsection.11.46.2}{\376\377\0001\0001\000.\0004\0006\000.\0002\000\040\000D\000o\000k\000u\000m\000e\000n\000t\000a\000c\000j\000a\000\040\000p\000\363\000l}{section.11.46}% 762
\BOOKMARK [3][-]{subsubsection.11.46.2.1}{\376\377\0001\0001\000.\0004\0006\000.\0002\000.\0001\000\040\000h\000s\000p\000i}{subsection.11.46.2}% 763
\BOOKMARK [3][-]{subsubsection.11.46.2.2}{\376\377\0001\0001\000.\0004\0006\000.\0002\000.\0002\000\040\000n\000s\000s\000\137\000p\000i\000n}{subsection.11.46.2}% 764
\BOOKMARK [3][-]{subsubsection.11.46.2.3}{\376\377\0001\0001\000.\0004\0006\000.\0002\000.\0003\000\040\000n\000s\000s\000\137\000p\000o\000r\000t}{subsection.11.46.2}% 765
\BOOKMARK [3][-]{subsubsection.11.46.2.4}{\376\377\0001\0001\000.\0004\0006\000.\0002\000.\0004\000\040\000s\000p\000i\000\137\000t\000i\000m\000e\000o\000u\000t\000\137\000m\000s}{subsection.11.46.2}% 766
\BOOKMARK [1][-]{section.11.47}{\376\377\0001\0001\000.\0004\0007\000\040\000D\000o\000k\000u\000m\000e\000n\000t\000a\000c\000j\000a\000\040\000s\000t\000r\000u\000k\000t\000u\000r\000y\000\040\000t\000r\000u\000s\000t\000e\000d\000\137\000i\000n\000f\000o\000\137\000t}{chapter.11}% 767
\BOOKMARK [2][-]{subsection.11.47.1}{\376\377\0001\0001\000.\0004\0007\000.\0001\000\040\000O\000p\000i\000s\000\040\000s\000z\000c\000z\000e\000g\000\363\001\102\000o\000w\000y}{section.11.47}% 768
\BOOKMARK [2][-]{subsection.11.47.2}{\376\377\0001\0001\000.\0004\0007\000.\0002\000\040\000D\000o\000k\000u\000m\000e\000n\000t\000a\000c\000j\000a\000\040\000p\000\363\000l}{section.11.47}% 769
\BOOKMARK [3][-]{subsubsection.11.47.2.1}{\376\377\0001\0001\000.\0004\0007\000.\0002\000.\0001\000\040\000c\000o\000d\000e}{subsection.11.47.2}% 770
\BOOKMARK [3][-]{subsubsection.11.47.2.2}{\376\377\0001\0001\000.\0004\0007\000.\0002\000.\0002\000\040\000c\000o\000d\000e\000\137\000l\000e\000n}{subsection.11.47.2}% 771
\BOOKMARK [3][-]{subsubsection.11.47.2.3}{\376\377\0001\0001\000.\0004\0007\000.\0002\000.\0003\000\040\000i\000n\000\137\000u\000s\000e}{subsection.11.47.2}% 772
\BOOKMARK [3][-]{subsubsection.11.47.2.4}{\376\377\0001\0001\000.\0004\0007\000.\0002\000.\0004\000\040\000i\000s\000\137\000m\000a\000s\000t\000e\000r}{subsection.11.47.2}% 773
\BOOKMARK [3][-]{subsubsection.11.47.2.5}{\376\377\0001\0001\000.\0004\0007\000.\0002\000.\0005\000\040\000n\000o\000d\000e\000\137\000i\000d}{subsection.11.47.2}% 774
\BOOKMARK [3][-]{subsubsection.11.47.2.6}{\376\377\0001\0001\000.\0004\0007\000.\0002\000.\0006\000\040\000s\000l\000o\000t}{subsection.11.47.2}% 775
\BOOKMARK [0][-]{chapter.12}{\376\377\0001\0002\000\040\000D\000o\000k\000u\000m\000e\000n\000t\000a\000c\000j\000a\000\040\000p\000l\000i\000k\000\363\000w}{}% 776
\BOOKMARK [1][-]{section.12.1}{\376\377\0001\0002\000.\0001\000\040\000a\000p\000p\000.\000c}{chapter.12}% 777
\BOOKMARK [1][-]{section.12.2}{\376\377\0001\0002\000.\0002\000\040\000D\000o\000k\000u\000m\000e\000n\000t\000a\000c\000j\000a\000\040\000p\000l\000i\000k\000u\000\040\000C\000o\000r\000e\000/\000A\000p\000p\000/\000a\000p\000p\000.\000h}{chapter.12}% 778
\BOOKMARK [2][-]{subsection.12.2.1}{\376\377\0001\0002\000.\0002\000.\0001\000\040\000O\000p\000i\000s\000\040\000s\000z\000c\000z\000e\000g\000\363\001\102\000o\000w\000y}{section.12.2}% 779
\BOOKMARK [2][-]{subsection.12.2.2}{\376\377\0001\0002\000.\0002\000.\0002\000\040\000D\000o\000k\000u\000m\000e\000n\000t\000a\000c\000j\000a\000\040\000f\000u\000n\000k\000c\000j\000i}{section.12.2}% 780
\BOOKMARK [3][-]{subsubsection.12.2.2.1}{\376\377\0001\0002\000.\0002\000.\0002\000.\0001\000\040\000a\000p\000p\000\137\000f\000r\000e\000e\000r\000t\000o\000s\000\137\000i\000n\000i\000t\000\050\000\051}{subsection.12.2.2}% 781
\BOOKMARK [3][-]{subsubsection.12.2.2.2}{\376\377\0001\0002\000.\0002\000.\0002\000.\0002\000\040\000a\000p\000p\000\137\000i\0002\000c\000\137\000l\000o\000c\000k\000\050\000\051}{subsection.12.2.2}% 782
\BOOKMARK [3][-]{subsubsection.12.2.2.3}{\376\377\0001\0002\000.\0002\000.\0002\000.\0003\000\040\000a\000p\000p\000\137\000i\0002\000c\000\137\000m\000a\000s\000t\000e\000r\000\137\000r\000e\000c\000e\000i\000v\000e\000\050\000\051}{subsection.12.2.2}% 783
\BOOKMARK [3][-]{subsubsection.12.2.2.4}{\376\377\0001\0002\000.\0002\000.\0002\000.\0004\000\040\000a\000p\000p\000\137\000i\0002\000c\000\137\000m\000a\000s\000t\000e\000r\000\137\000t\000r\000a\000n\000s\000m\000i\000t\000\050\000\051}{subsection.12.2.2}% 784
\BOOKMARK [3][-]{subsubsection.12.2.2.5}{\376\377\0001\0002\000.\0002\000.\0002\000.\0005\000\040\000a\000p\000p\000\137\000i\0002\000c\000\137\000m\000e\000m\000\137\000r\000e\000a\000d\000\050\000\051}{subsection.12.2.2}% 785
\BOOKMARK [3][-]{subsubsection.12.2.2.6}{\376\377\0001\0002\000.\0002\000.\0002\000.\0006\000\040\000a\000p\000p\000\137\000i\0002\000c\000\137\000m\000e\000m\000\137\000w\000r\000i\000t\000e\000\050\000\051}{subsection.12.2.2}% 786
\BOOKMARK [3][-]{subsubsection.12.2.2.7}{\376\377\0001\0002\000.\0002\000.\0002\000.\0007\000\040\000a\000p\000p\000\137\000i\0002\000c\000\137\000u\000n\000l\000o\000c\000k\000\050\000\051}{subsection.12.2.2}% 787
\BOOKMARK [3][-]{subsubsection.12.2.2.8}{\376\377\0001\0002\000.\0002\000.\0002\000.\0008\000\040\000a\000p\000p\000\137\000i\000n\000i\000t\000\050\000\051}{subsection.12.2.2}% 788
\BOOKMARK [3][-]{subsubsection.12.2.2.9}{\376\377\0001\0002\000.\0002\000.\0002\000.\0009\000\040\000a\000p\000p\000\137\000m\000a\000i\000n\000\050\000\051}{subsection.12.2.2}% 789
\BOOKMARK [1][-]{section.12.3}{\376\377\0001\0002\000.\0003\000\040\000a\000p\000p\000.\000h}{chapter.12}% 790
\BOOKMARK [1][-]{section.12.4}{\376\377\0001\0002\000.\0004\000\040\000b\000m\000p\0002\0008\0000\000.\000c}{chapter.12}% 791
\BOOKMARK [1][-]{section.12.5}{\376\377\0001\0002\000.\0005\000\040\000D\000o\000k\000u\000m\000e\000n\000t\000a\000c\000j\000a\000\040\000p\000l\000i\000k\000u\000\040\000C\000o\000r\000e\000/\000A\000p\000p\000/\000b\000m\000p\0002\0008\0000\000\137\000l\000i\000b\000/\000b\000m\000p\0002\0008\0000\000.\000h}{chapter.12}% 792
\BOOKMARK [2][-]{subsection.12.5.1}{\376\377\0001\0002\000.\0005\000.\0001\000\040\000O\000p\000i\000s\000\040\000s\000z\000c\000z\000e\000g\000\363\001\102\000o\000w\000y}{section.12.5}% 793
\BOOKMARK [2][-]{subsection.12.5.2}{\376\377\0001\0002\000.\0005\000.\0002\000\040\000D\000o\000k\000u\000m\000e\000n\000t\000a\000c\000j\000a\000\040\000d\000e\000f\000i\000n\000i\000c\000j\000i}{section.12.5}% 794
\BOOKMARK [3][-]{subsubsection.12.5.2.1}{\376\377\0001\0002\000.\0005\000.\0002\000.\0001\000\040\000B\000M\000E\0002\0008\0000\000\137\000C\000H\000I\000P\000\137\000I\000D}{subsection.12.5.2}% 795
\BOOKMARK [3][-]{subsubsection.12.5.2.2}{\376\377\0001\0002\000.\0005\000.\0002\000.\0002\000\040\000B\000M\000P\0002\0008\0000\000\137\000C\000H\000I\000P\000\137\000I\000D}{subsection.12.5.2}% 796
\BOOKMARK [3][-]{subsubsection.12.5.2.3}{\376\377\0001\0002\000.\0005\000.\0002\000.\0003\000\040\000B\000M\000P\0002\0008\0000\000\137\000I\0002\000C\000\137\000A\000D\000D\000R\000E\000S\000S\000\137\0000}{subsection.12.5.2}% 797
\BOOKMARK [3][-]{subsubsection.12.5.2.4}{\376\377\0001\0002\000.\0005\000.\0002\000.\0004\000\040\000B\000M\000P\0002\0008\0000\000\137\000I\0002\000C\000\137\000A\000D\000D\000R\000E\000S\000S\000\137\0001}{subsection.12.5.2}% 798
\BOOKMARK [2][-]{subsection.12.5.3}{\376\377\0001\0002\000.\0005\000.\0003\000\040\000D\000o\000k\000u\000m\000e\000n\000t\000a\000c\000j\000a\000\040\000t\000y\000p\000\363\000w\000\040\000w\000y\000l\000i\000c\000z\000a\000n\000y\000c\000h}{section.12.5}% 799
\BOOKMARK [3][-]{subsubsection.12.5.3.1}{\376\377\0001\0002\000.\0005\000.\0003\000.\0001\000\040\000B\000M\000P\0002\0008\0000\000\137\000F\000i\000l\000t\000e\000r}{subsection.12.5.3}% 800
\BOOKMARK [3][-]{subsubsection.12.5.3.2}{\376\377\0001\0002\000.\0005\000.\0003\000.\0002\000\040\000B\000M\000P\0002\0008\0000\000\137\000M\000o\000d\000e}{subsection.12.5.3}% 801
\BOOKMARK [3][-]{subsubsection.12.5.3.3}{\376\377\0001\0002\000.\0005\000.\0003\000.\0003\000\040\000B\000M\000P\0002\0008\0000\000\137\000O\000v\000e\000r\000s\000a\000m\000p\000l\000i\000n\000g}{subsection.12.5.3}% 802
\BOOKMARK [3][-]{subsubsection.12.5.3.4}{\376\377\0001\0002\000.\0005\000.\0003\000.\0004\000\040\000B\000M\000P\0002\0008\0000\000\137\000S\000t\000a\000n\000d\000b\000y\000T\000i\000m\000e}{subsection.12.5.3}% 803
\BOOKMARK [2][-]{subsection.12.5.4}{\376\377\0001\0002\000.\0005\000.\0004\000\040\000D\000o\000k\000u\000m\000e\000n\000t\000a\000c\000j\000a\000\040\000f\000u\000n\000k\000c\000j\000i}{section.12.5}% 804
\BOOKMARK [3][-]{subsubsection.12.5.4.1}{\376\377\0001\0002\000.\0005\000.\0004\000.\0001\000\040\000b\000m\000p\0002\0008\0000\000\137\000f\000o\000r\000c\000e\000\137\000m\000e\000a\000s\000u\000r\000e\000m\000e\000n\000t\000\050\000\051}{subsection.12.5.4}% 805
\BOOKMARK [3][-]{subsubsection.12.5.4.2}{\376\377\0001\0002\000.\0005\000.\0004\000.\0002\000\040\000b\000m\000p\0002\0008\0000\000\137\000i\000n\000i\000t\000\050\000\051}{subsection.12.5.4}% 806
\BOOKMARK [3][-]{subsubsection.12.5.4.3}{\376\377\0001\0002\000.\0005\000.\0004\000.\0003\000\040\000b\000m\000p\0002\0008\0000\000\137\000i\000n\000i\000t\000\137\000d\000e\000f\000a\000u\000l\000t\000\137\000p\000a\000r\000a\000m\000s\000\050\000\051}{subsection.12.5.4}% 807
\BOOKMARK [3][-]{subsubsection.12.5.4.4}{\376\377\0001\0002\000.\0005\000.\0004\000.\0004\000\040\000b\000m\000p\0002\0008\0000\000\137\000i\000s\000\137\000m\000e\000a\000s\000u\000r\000i\000n\000g\000\050\000\051}{subsection.12.5.4}% 808
\BOOKMARK [3][-]{subsubsection.12.5.4.5}{\376\377\0001\0002\000.\0005\000.\0004\000.\0005\000\040\000b\000m\000p\0002\0008\0000\000\137\000r\000e\000a\000d\000\137\000f\000i\000x\000e\000d\000\050\000\051}{subsection.12.5.4}% 809
\BOOKMARK [3][-]{subsubsection.12.5.4.6}{\376\377\0001\0002\000.\0005\000.\0004\000.\0006\000\040\000b\000m\000p\0002\0008\0000\000\137\000r\000e\000a\000d\000\137\000f\000l\000o\000a\000t\000\050\000\051}{subsection.12.5.4}% 810
\BOOKMARK [1][-]{section.12.6}{\376\377\0001\0002\000.\0006\000\040\000b\000m\000p\0002\0008\0000\000.\000h}{chapter.12}% 811
\BOOKMARK [1][-]{section.12.7}{\376\377\0001\0002\000.\0007\000\040\000b\000m\000p\0002\0008\0000\000\137\000a\000p\000i\000.\000c}{chapter.12}% 812
\BOOKMARK [1][-]{section.12.8}{\376\377\0001\0002\000.\0008\000\040\000D\000o\000k\000u\000m\000e\000n\000t\000a\000c\000j\000a\000\040\000p\000l\000i\000k\000u\000\040\000C\000o\000r\000e\000/\000A\000p\000p\000/\000b\000m\000p\0002\0008\0000\000\137\000l\000i\000b\000/\000b\000m\000p\0002\0008\0000\000\137\000a\000p\000i\000.\000h}{chapter.12}% 813
\BOOKMARK [2][-]{subsection.12.8.1}{\376\377\0001\0002\000.\0008\000.\0001\000\040\000O\000p\000i\000s\000\040\000s\000z\000c\000z\000e\000g\000\363\001\102\000o\000w\000y}{section.12.8}% 814
\BOOKMARK [2][-]{subsection.12.8.2}{\376\377\0001\0002\000.\0008\000.\0002\000\040\000D\000o\000k\000u\000m\000e\000n\000t\000a\000c\000j\000a\000\040\000f\000u\000n\000k\000c\000j\000i}{section.12.8}% 815
\BOOKMARK [3][-]{subsubsection.12.8.2.1}{\376\377\0001\0002\000.\0008\000.\0002\000.\0001\000\040\000b\000m\000p\0002\0008\0000\000\137\000a\000p\000i\000\137\000g\000e\000t\000\137\000l\000a\000s\000t\000\137\000d\000a\000t\000a\000\050\000\051}{subsection.12.8.2}% 816
\BOOKMARK [3][-]{subsubsection.12.8.2.2}{\376\377\0001\0002\000.\0008\000.\0002\000.\0002\000\040\000b\000m\000p\0002\0008\0000\000\137\000a\000p\000i\000\137\000i\000n\000i\000t\000\050\000\051}{subsection.12.8.2}% 817
\BOOKMARK [3][-]{subsubsection.12.8.2.3}{\376\377\0001\0002\000.\0008\000.\0002\000.\0003\000\040\000b\000m\000p\0002\0008\0000\000\137\000a\000p\000i\000\137\000m\000e\000a\000s\000u\000r\000e\000\137\000a\000l\000l\000\050\000\051}{subsection.12.8.2}% 818
\BOOKMARK [3][-]{subsubsection.12.8.2.4}{\376\377\0001\0002\000.\0008\000.\0002\000.\0004\000\040\000b\000m\000p\0002\0008\0000\000\137\000a\000p\000i\000\137\000m\000e\000a\000s\000u\000r\000e\000\137\000p\000r\000e\000s\000s\000u\000r\000e\000\050\000\051}{subsection.12.8.2}% 819
\BOOKMARK [3][-]{subsubsection.12.8.2.5}{\376\377\0001\0002\000.\0008\000.\0002\000.\0005\000\040\000b\000m\000p\0002\0008\0000\000\137\000a\000p\000i\000\137\000m\000e\000a\000s\000u\000r\000e\000\137\000t\000e\000m\000p\000e\000r\000a\000t\000u\000r\000e\000\050\000\051}{subsection.12.8.2}% 820
\BOOKMARK [3][-]{subsubsection.12.8.2.6}{\376\377\0001\0002\000.\0008\000.\0002\000.\0006\000\040\000b\000m\000p\0002\0008\0000\000\137\000a\000p\000i\000\137\000s\000l\000e\000e\000p\000\050\000\051}{subsection.12.8.2}% 821
\BOOKMARK [1][-]{section.12.9}{\376\377\0001\0002\000.\0009\000\040\000b\000m\000p\0002\0008\0000\000\137\000a\000p\000i\000.\000h}{chapter.12}% 822
\BOOKMARK [1][-]{section.12.10}{\376\377\0001\0002\000.\0001\0000\000\040\000b\000m\000p\0002\0008\0000\000\137\000m\000a\000i\000n\000.\000c}{chapter.12}% 823
\BOOKMARK [1][-]{section.12.11}{\376\377\0001\0002\000.\0001\0001\000\040\000D\000o\000k\000u\000m\000e\000n\000t\000a\000c\000j\000a\000\040\000p\000l\000i\000k\000u\000\040\000C\000o\000r\000e\000/\000A\000p\000p\000/\000b\000m\000p\0002\0008\0000\000\137\000m\000a\000i\000n\000.\000h}{chapter.12}% 824
\BOOKMARK [2][-]{subsection.12.11.1}{\376\377\0001\0002\000.\0001\0001\000.\0001\000\040\000O\000p\000i\000s\000\040\000s\000z\000c\000z\000e\000g\000\363\001\102\000o\000w\000y}{section.12.11}% 825
\BOOKMARK [2][-]{subsection.12.11.2}{\376\377\0001\0002\000.\0001\0001\000.\0002\000\040\000D\000o\000k\000u\000m\000e\000n\000t\000a\000c\000j\000a\000\040\000f\000u\000n\000k\000c\000j\000i}{section.12.11}% 826
\BOOKMARK [3][-]{subsubsection.12.11.2.1}{\376\377\0001\0002\000.\0001\0001\000.\0002\000.\0001\000\040\000b\000m\000p\0002\0008\0000\000\137\000m\000a\000i\000n\000\137\000c\000r\000e\000a\000t\000e\000\137\000t\000a\000s\000k\000\050\000\051}{subsection.12.11.2}% 827
\BOOKMARK [3][-]{subsubsection.12.11.2.2}{\376\377\0001\0002\000.\0001\0001\000.\0002\000.\0002\000\040\000b\000m\000p\0002\0008\0000\000\137\000m\000a\000i\000n\000\137\000g\000e\000t\000\137\000l\000a\000s\000t\000\050\000\051}{subsection.12.11.2}% 828
\BOOKMARK [1][-]{section.12.12}{\376\377\0001\0002\000.\0001\0002\000\040\000b\000m\000p\0002\0008\0000\000\137\000m\000a\000i\000n\000.\000h}{chapter.12}% 829
\BOOKMARK [1][-]{section.12.13}{\376\377\0001\0002\000.\0001\0003\000\040\000b\000u\000t\000t\000o\000n\000\137\000m\000a\000i\000n\000.\000c}{chapter.12}% 830
\BOOKMARK [1][-]{section.12.14}{\376\377\0001\0002\000.\0001\0004\000\040\000D\000o\000k\000u\000m\000e\000n\000t\000a\000c\000j\000a\000\040\000p\000l\000i\000k\000u\000\040\000C\000o\000r\000e\000/\000A\000p\000p\000/\000b\000u\000t\000t\000o\000n\000\137\000m\000a\000i\000n\000.\000h}{chapter.12}% 831
\BOOKMARK [2][-]{subsection.12.14.1}{\376\377\0001\0002\000.\0001\0004\000.\0001\000\040\000O\000p\000i\000s\000\040\000s\000z\000c\000z\000e\000g\000\363\001\102\000o\000w\000y}{section.12.14}% 832
\BOOKMARK [2][-]{subsection.12.14.2}{\376\377\0001\0002\000.\0001\0004\000.\0002\000\040\000D\000o\000k\000u\000m\000e\000n\000t\000a\000c\000j\000a\000\040\000t\000y\000p\000\363\000w\000\040\000w\000y\000l\000i\000c\000z\000a\000n\000y\000c\000h}{section.12.14}% 833
\BOOKMARK [3][-]{subsubsection.12.14.2.1}{\376\377\0001\0002\000.\0001\0004\000.\0002\000.\0001\000\040\000b\000u\000t\000t\000o\000n\000\137\000e\000v\000e\000n\000t\000\137\000t}{subsection.12.14.2}% 834
\BOOKMARK [2][-]{subsection.12.14.3}{\376\377\0001\0002\000.\0001\0004\000.\0003\000\040\000D\000o\000k\000u\000m\000e\000n\000t\000a\000c\000j\000a\000\040\000f\000u\000n\000k\000c\000j\000i}{section.12.14}% 835
\BOOKMARK [3][-]{subsubsection.12.14.3.1}{\376\377\0001\0002\000.\0001\0004\000.\0003\000.\0001\000\040\000b\000u\000t\000t\000o\000n\000\137\000m\000a\000i\000n\000\137\000c\000r\000e\000a\000t\000e\000\137\000t\000a\000s\000k\000\050\000\051}{subsection.12.14.3}% 836
\BOOKMARK [3][-]{subsubsection.12.14.3.2}{\376\377\0001\0002\000.\0001\0004\000.\0003\000.\0002\000\040\000b\000u\000t\000t\000o\000n\000\137\000m\000a\000i\000n\000\137\000g\000e\000t\000\137\000e\000v\000e\000n\000t\000\050\000\051}{subsection.12.14.3}% 837
\BOOKMARK [1][-]{section.12.15}{\376\377\0001\0002\000.\0001\0005\000\040\000b\000u\000t\000t\000o\000n\000\137\000m\000a\000i\000n\000.\000h}{chapter.12}% 838
\BOOKMARK [1][-]{section.12.16}{\376\377\0001\0002\000.\0001\0006\000\040\000D\000o\000k\000u\000m\000e\000n\000t\000a\000c\000j\000a\000\040\000p\000l\000i\000k\000u\000\040\000C\000o\000r\000e\000/\000A\000p\000p\000/\000i\0002\000c\000\137\000m\000e\000m\000\137\000s\000t\000o\000r\000e\000\137\000l\000i\000b\000/\000i\0002\000c\000\137\000m\000e\000m\000\137\000s\000t\000o\000r\000e\000.\000c}{chapter.12}% 839
\BOOKMARK [2][-]{subsection.12.16.1}{\376\377\0001\0002\000.\0001\0006\000.\0001\000\040\000O\000p\000i\000s\000\040\000s\000z\000c\000z\000e\000g\000\363\001\102\000o\000w\000y}{section.12.16}% 840
\BOOKMARK [2][-]{subsection.12.16.2}{\376\377\0001\0002\000.\0001\0006\000.\0002\000\040\000D\000o\000k\000u\000m\000e\000n\000t\000a\000c\000j\000a\000\040\000d\000e\000f\000i\000n\000i\000c\000j\000i}{section.12.16}% 841
\BOOKMARK [3][-]{subsubsection.12.16.2.1}{\376\377\0001\0002\000.\0001\0006\000.\0002\000.\0001\000\040\000I\0002\000C\000\137\000M\000E\000M\000\137\000S\000T\000O\000R\000E\000\137\000L\000O\000G\000\137\000C\000R\000C\000\137\000O\000F\000F\000S\000E\000T}{subsection.12.16.2}% 842
\BOOKMARK [3][-]{subsubsection.12.16.2.2}{\376\377\0001\0002\000.\0001\0006\000.\0002\000.\0002\000\040\000I\0002\000C\000\137\000M\000E\000M\000\137\000S\000T\000O\000R\000E\000\137\000L\000O\000G\000\137\000H\000E\000A\000D\000E\000R\000\137\000S\000I\000Z\000E}{subsection.12.16.2}% 843
\BOOKMARK [3][-]{subsubsection.12.16.2.3}{\376\377\0001\0002\000.\0001\0006\000.\0002\000.\0003\000\040\000I\0002\000C\000\137\000M\000E\000M\000\137\000S\000T\000O\000R\000E\000\137\000L\000O\000G\000\137\000M\000A\000G\000I\000C}{subsection.12.16.2}% 844
\BOOKMARK [3][-]{subsubsection.12.16.2.4}{\376\377\0001\0002\000.\0001\0006\000.\0002\000.\0004\000\040\000I\0002\000C\000\137\000M\000E\000M\000\137\000S\000T\000O\000R\000E\000\137\000L\000O\000G\000\137\000S\000T\000A\000R\000T\000\137\000A\000D\000D\000R}{subsection.12.16.2}% 845
\BOOKMARK [3][-]{subsubsection.12.16.2.5}{\376\377\0001\0002\000.\0001\0006\000.\0002\000.\0005\000\040\000I\0002\000C\000\137\000M\000E\000M\000\137\000S\000T\000O\000R\000E\000\137\000M\000E\000T\000A\000\137\000M\000A\000G\000I\000C}{subsection.12.16.2}% 846
\BOOKMARK [3][-]{subsubsection.12.16.2.6}{\376\377\0001\0002\000.\0001\0006\000.\0002\000.\0006\000\040\000I\0002\000C\000\137\000M\000E\000M\000\137\000S\000T\000O\000R\000E\000\137\000M\000E\000T\000A\000\137\000M\000I\000R\000R\000O\000R\000\137\000A\000D\000D\000R}{subsection.12.16.2}% 847
\BOOKMARK [3][-]{subsubsection.12.16.2.7}{\376\377\0001\0002\000.\0001\0006\000.\0002\000.\0007\000\040\000I\0002\000C\000\137\000M\000E\000M\000\137\000S\000T\000O\000R\000E\000\137\000M\000E\000T\000A\000\137\000P\000R\000I\000M\000A\000R\000Y\000\137\000A\000D\000D\000R}{subsection.12.16.2}% 848
\BOOKMARK [3][-]{subsubsection.12.16.2.8}{\376\377\0001\0002\000.\0001\0006\000.\0002\000.\0008\000\040\000I\0002\000C\000\137\000M\000E\000M\000\137\000S\000T\000O\000R\000E\000\137\000M\000E\000T\000A\000\137\000V\000E\000R\000S\000I\000O\000N}{subsection.12.16.2}% 849
\BOOKMARK [3][-]{subsubsection.12.16.2.9}{\376\377\0001\0002\000.\0001\0006\000.\0002\000.\0009\000\040\000I\0002\000C\000\137\000M\000E\000M\000\137\000S\000T\000O\000R\000E\000\137\000M\000E\000T\000A\000\137\000W\000I\000R\000E\000\137\000S\000I\000Z\000E}{subsection.12.16.2}% 850
\BOOKMARK [3][-]{subsubsection.12.16.2.10}{\376\377\0001\0002\000.\0001\0006\000.\0002\000.\0001\0000\000\040\000I\0002\000C\000\137\000M\000E\000M\000\137\000S\000T\000O\000R\000E\000\137\000S\000E\000C\000R\000E\000T\000\137\000C\000R\000C\000\137\000O\000F\000F\000S\000E\000T}{subsection.12.16.2}% 851
\BOOKMARK [3][-]{subsubsection.12.16.2.11}{\376\377\0001\0002\000.\0001\0006\000.\0002\000.\0001\0001\000\040\000I\0002\000C\000\137\000M\000E\000M\000\137\000S\000T\000O\000R\000E\000\137\000S\000E\000C\000R\000E\000T\000\137\000H\000E\000A\000D\000E\000R\000\137\000S\000I\000Z\000E}{subsection.12.16.2}% 852
\BOOKMARK [3][-]{subsubsection.12.16.2.12}{\376\377\0001\0002\000.\0001\0006\000.\0002\000.\0001\0002\000\040\000I\0002\000C\000\137\000M\000E\000M\000\137\000S\000T\000O\000R\000E\000\137\000S\000E\000C\000R\000E\000T\000\137\000M\000A\000G\000I\000C}{subsection.12.16.2}% 853
\BOOKMARK [2][-]{subsection.12.16.3}{\376\377\0001\0002\000.\0001\0006\000.\0003\000\040\000D\000o\000k\000u\000m\000e\000n\000t\000a\000c\000j\000a\000\040\000f\000u\000n\000k\000c\000j\000i}{section.12.16}% 854
\BOOKMARK [3][-]{subsubsection.12.16.3.1}{\376\377\0001\0002\000.\0001\0006\000.\0003\000.\0001\000\040\000i\0002\000c\000\137\000m\000e\000m\000\137\000s\000t\000o\000r\000e\000\137\000a\000p\000p\000e\000n\000d\000\137\000m\000e\000s\000s\000a\000g\000e\000\050\000\051}{subsection.12.16.3}% 855
\BOOKMARK [3][-]{subsubsection.12.16.3.2}{\376\377\0001\0002\000.\0001\0006\000.\0003\000.\0002\000\040\000i\0002\000c\000\137\000m\000e\000m\000\137\000s\000t\000o\000r\000e\000\137\000c\000r\000c\0001\0006\000\137\000c\000c\000i\000t\000t\000\050\000\051}{subsection.12.16.3}% 856
\BOOKMARK [3][-]{subsubsection.12.16.3.3}{\376\377\0001\0002\000.\0001\0006\000.\0003\000.\0003\000\040\000i\0002\000c\000\137\000m\000e\000m\000\137\000s\000t\000o\000r\000e\000\137\000d\000e\000f\000a\000u\000l\000t\000\137\000c\000f\000g\000\050\000\051}{subsection.12.16.3}% 857
\BOOKMARK [3][-]{subsubsection.12.16.3.4}{\376\377\0001\0002\000.\0001\0006\000.\0003\000.\0004\000\040\000i\0002\000c\000\137\000m\000e\000m\000\137\000s\000t\000o\000r\000e\000\137\000d\000e\000f\000a\000u\000l\000t\000\137\000c\000f\000g\000\137\000m\0002\0004\000c\0000\0001\000r\000\050\000\051}{subsection.12.16.3}% 858
\BOOKMARK [3][-]{subsubsection.12.16.3.5}{\376\377\0001\0002\000.\0001\0006\000.\0003\000.\0005\000\040\000i\0002\000c\000\137\000m\000e\000m\000\137\000s\000t\000o\000r\000e\000\137\000f\000o\000r\000m\000a\000t\000\050\000\051}{subsection.12.16.3}% 859
\BOOKMARK [3][-]{subsubsection.12.16.3.6}{\376\377\0001\0002\000.\0001\0006\000.\0003\000.\0006\000\040\000i\0002\000c\000\137\000m\000e\000m\000\137\000s\000t\000o\000r\000e\000\137\000g\000e\000t\000\137\000l\000o\000g\000\137\000c\000o\000u\000n\000t\000\050\000\051}{subsection.12.16.3}% 860
\BOOKMARK [3][-]{subsubsection.12.16.3.7}{\376\377\0001\0002\000.\0001\0006\000.\0003\000.\0007\000\040\000i\0002\000c\000\137\000m\000e\000m\000\137\000s\000t\000o\000r\000e\000\137\000h\000a\000l\000\137\000t\000o\000\137\000s\000t\000a\000t\000u\000s\000\050\000\051}{subsection.12.16.3}% 861
\BOOKMARK [3][-]{subsubsection.12.16.3.8}{\376\377\0001\0002\000.\0001\0006\000.\0003\000.\0008\000\040\000i\0002\000c\000\137\000m\000e\000m\000\137\000s\000t\000o\000r\000e\000\137\000i\000n\000i\000t\000\050\000\051}{subsection.12.16.3}% 862
\BOOKMARK [3][-]{subsubsection.12.16.3.9}{\376\377\0001\0002\000.\0001\0006\000.\0003\000.\0009\000\040\000i\0002\000c\000\137\000m\000e\000m\000\137\000s\000t\000o\000r\000e\000\137\000l\000a\000y\000o\000u\000t\000\137\000v\000a\000l\000i\000d\000\050\000\051}{subsection.12.16.3}% 863
\BOOKMARK [3][-]{subsubsection.12.16.3.10}{\376\377\0001\0002\000.\0001\0006\000.\0003\000.\0001\0000\000\040\000i\0002\000c\000\137\000m\000e\000m\000\137\000s\000t\000o\000r\000e\000\137\000l\000e\0001\0006\000\137\000r\000e\000a\000d\000\050\000\051}{subsection.12.16.3}% 864
\BOOKMARK [3][-]{subsubsection.12.16.3.11}{\376\377\0001\0002\000.\0001\0006\000.\0003\000.\0001\0001\000\040\000i\0002\000c\000\137\000m\000e\000m\000\137\000s\000t\000o\000r\000e\000\137\000l\000e\0001\0006\000\137\000w\000r\000i\000t\000e\000\050\000\051}{subsection.12.16.3}% 865
\BOOKMARK [3][-]{subsubsection.12.16.3.12}{\376\377\0001\0002\000.\0001\0006\000.\0003\000.\0001\0002\000\040\000i\0002\000c\000\137\000m\000e\000m\000\137\000s\000t\000o\000r\000e\000\137\000l\000e\0003\0002\000\137\000r\000e\000a\000d\000\050\000\051}{subsection.12.16.3}% 866
\BOOKMARK [3][-]{subsubsection.12.16.3.13}{\376\377\0001\0002\000.\0001\0006\000.\0003\000.\0001\0003\000\040\000i\0002\000c\000\137\000m\000e\000m\000\137\000s\000t\000o\000r\000e\000\137\000l\000e\0003\0002\000\137\000w\000r\000i\000t\000e\000\050\000\051}{subsection.12.16.3}% 867
\BOOKMARK [3][-]{subsubsection.12.16.3.14}{\376\377\0001\0002\000.\0001\0006\000.\0003\000.\0001\0004\000\040\000i\0002\000c\000\137\000m\000e\000m\000\137\000s\000t\000o\000r\000e\000\137\000l\000o\000g\000\137\000b\000a\000s\000e\000\137\000a\000d\000d\000r\000\050\000\051}{subsection.12.16.3}% 868
\BOOKMARK [3][-]{subsubsection.12.16.3.15}{\376\377\0001\0002\000.\0001\0006\000.\0003\000.\0001\0005\000\040\000i\0002\000c\000\137\000m\000e\000m\000\137\000s\000t\000o\000r\000e\000\137\000l\000o\000g\000\137\000s\000l\000o\000t\000\137\000a\000d\000d\000r\000\050\000\051}{subsection.12.16.3}% 869
\BOOKMARK [3][-]{subsubsection.12.16.3.16}{\376\377\0001\0002\000.\0001\0006\000.\0003\000.\0001\0006\000\040\000i\0002\000c\000\137\000m\000e\000m\000\137\000s\000t\000o\000r\000e\000\137\000m\000e\000t\000a\000\137\000d\000e\000c\000o\000d\000e\000\050\000\051}{subsection.12.16.3}% 870
\BOOKMARK [3][-]{subsubsection.12.16.3.17}{\376\377\0001\0002\000.\0001\0006\000.\0003\000.\0001\0007\000\040\000i\0002\000c\000\137\000m\000e\000m\000\137\000s\000t\000o\000r\000e\000\137\000m\000e\000t\000a\000\137\000e\000n\000c\000o\000d\000e\000\050\000\051}{subsection.12.16.3}% 871
\BOOKMARK [3][-]{subsubsection.12.16.3.18}{\376\377\0001\0002\000.\0001\0006\000.\0003\000.\0001\0008\000\040\000i\0002\000c\000\137\000m\000e\000m\000\137\000s\000t\000o\000r\000e\000\137\000m\000e\000t\000a\000\137\000l\000o\000a\000d\000\050\000\051}{subsection.12.16.3}% 872
\BOOKMARK [3][-]{subsubsection.12.16.3.19}{\376\377\0001\0002\000.\0001\0006\000.\0003\000.\0001\0009\000\040\000i\0002\000c\000\137\000m\000e\000m\000\137\000s\000t\000o\000r\000e\000\137\000m\000e\000t\000a\000\137\000s\000a\000v\000e\000\050\000\051}{subsection.12.16.3}% 873
\BOOKMARK [3][-]{subsubsection.12.16.3.20}{\376\377\0001\0002\000.\0001\0006\000.\0003\000.\0002\0000\000\040\000i\0002\000c\000\137\000m\000e\000m\000\137\000s\000t\000o\000r\000e\000\137\000m\000i\000n\000\137\000u\0001\0006\000\050\000\051}{subsection.12.16.3}% 874
\BOOKMARK [3][-]{subsubsection.12.16.3.21}{\376\377\0001\0002\000.\0001\0006\000.\0003\000.\0002\0001\000\040\000i\0002\000c\000\137\000m\000e\000m\000\137\000s\000t\000o\000r\000e\000\137\000r\000e\000a\000d\000\137\000m\000e\000s\000s\000a\000g\000e\000\050\000\051}{subsection.12.16.3}% 875
\BOOKMARK [3][-]{subsubsection.12.16.3.22}{\376\377\0001\0002\000.\0001\0006\000.\0003\000.\0002\0002\000\040\000i\0002\000c\000\137\000m\000e\000m\000\137\000s\000t\000o\000r\000e\000\137\000r\000e\000a\000d\000\137\000r\000a\000w\000\050\000\051}{subsection.12.16.3}% 876
\BOOKMARK [3][-]{subsubsection.12.16.3.23}{\376\377\0001\0002\000.\0001\0006\000.\0003\000.\0002\0003\000\040\000i\0002\000c\000\137\000m\000e\000m\000\137\000s\000t\000o\000r\000e\000\137\000s\000e\000c\000r\000e\000t\000\137\000b\000a\000s\000e\000\137\000a\000d\000d\000r\000\050\000\051}{subsection.12.16.3}% 877
\BOOKMARK [3][-]{subsubsection.12.16.3.24}{\376\377\0001\0002\000.\0001\0006\000.\0003\000.\0002\0004\000\040\000i\0002\000c\000\137\000m\000e\000m\000\137\000s\000t\000o\000r\000e\000\137\000s\000e\000c\000r\000e\000t\000\137\000e\000r\000a\000s\000e\000\050\000\051}{subsection.12.16.3}% 878
\BOOKMARK [3][-]{subsubsection.12.16.3.25}{\376\377\0001\0002\000.\0001\0006\000.\0003\000.\0002\0005\000\040\000i\0002\000c\000\137\000m\000e\000m\000\137\000s\000t\000o\000r\000e\000\137\000s\000e\000c\000r\000e\000t\000\137\000r\000e\000a\000d\000\050\000\051}{subsection.12.16.3}% 879
\BOOKMARK [3][-]{subsubsection.12.16.3.26}{\376\377\0001\0002\000.\0001\0006\000.\0003\000.\0002\0006\000\040\000i\0002\000c\000\137\000m\000e\000m\000\137\000s\000t\000o\000r\000e\000\137\000s\000e\000c\000r\000e\000t\000\137\000s\000l\000o\000t\000\137\000a\000d\000d\000r\000\050\000\051}{subsection.12.16.3}% 880
\BOOKMARK [3][-]{subsubsection.12.16.3.27}{\376\377\0001\0002\000.\0001\0006\000.\0003\000.\0002\0007\000\040\000i\0002\000c\000\137\000m\000e\000m\000\137\000s\000t\000o\000r\000e\000\137\000s\000e\000c\000r\000e\000t\000\137\000w\000r\000i\000t\000e\000\050\000\051}{subsection.12.16.3}% 881
\BOOKMARK [3][-]{subsubsection.12.16.3.28}{\376\377\0001\0002\000.\0001\0006\000.\0003\000.\0002\0008\000\040\000i\0002\000c\000\137\000m\000e\000m\000\137\000s\000t\000o\000r\000e\000\137\000t\000r\000u\000s\000t\000e\000d\000\137\000d\000e\000v\000i\000c\000e\000\137\000r\000e\000a\000d\000\050\000\051}{subsection.12.16.3}% 882
\BOOKMARK [3][-]{subsubsection.12.16.3.29}{\376\377\0001\0002\000.\0001\0006\000.\0003\000.\0002\0009\000\040\000i\0002\000c\000\137\000m\000e\000m\000\137\000s\000t\000o\000r\000e\000\137\000t\000r\000u\000s\000t\000e\000d\000\137\000d\000e\000v\000i\000c\000e\000\137\000w\000r\000i\000t\000e\000\050\000\051}{subsection.12.16.3}% 883
\BOOKMARK [3][-]{subsubsection.12.16.3.30}{\376\377\0001\0002\000.\0001\0006\000.\0003\000.\0003\0000\000\040\000i\0002\000c\000\137\000m\000e\000m\000\137\000s\000t\000o\000r\000e\000\137\000w\000r\000i\000t\000e\000\137\000r\000a\000w\000\050\000\051}{subsection.12.16.3}% 884
\BOOKMARK [3][-]{subsubsection.12.16.3.31}{\376\377\0001\0002\000.\0001\0006\000.\0003\000.\0003\0001\000\040\000i\0002\000c\000\137\000m\000e\000m\000\137\000s\000t\000o\000r\000e\000\137\000x\000t\000e\000a\000\137\000c\000t\000r\000\137\000c\000r\000y\000p\000t\000\050\000\051}{subsection.12.16.3}% 885
\BOOKMARK [3][-]{subsubsection.12.16.3.32}{\376\377\0001\0002\000.\0001\0006\000.\0003\000.\0003\0002\000\040\000i\0002\000c\000\137\000m\000e\000m\000\137\000s\000t\000o\000r\000e\000\137\000x\000t\000e\000a\000\137\000e\000n\000c\000r\000y\000p\000t\000\137\000b\000l\000o\000c\000k\000\050\000\051}{subsection.12.16.3}% 886
\BOOKMARK [1][-]{section.12.17}{\376\377\0001\0002\000.\0001\0007\000\040\000i\0002\000c\000\137\000m\000e\000m\000\137\000s\000t\000o\000r\000e\000.\000c}{chapter.12}% 887
\BOOKMARK [1][-]{section.12.18}{\376\377\0001\0002\000.\0001\0008\000\040\000D\000o\000k\000u\000m\000e\000n\000t\000a\000c\000j\000a\000\040\000p\000l\000i\000k\000u\000\040\000C\000o\000r\000e\000/\000A\000p\000p\000/\000i\0002\000c\000\137\000m\000e\000m\000\137\000s\000t\000o\000r\000e\000\137\000l\000i\000b\000/\000i\0002\000c\000\137\000m\000e\000m\000\137\000s\000t\000o\000r\000e\000.\000h}{chapter.12}% 888
\BOOKMARK [2][-]{subsection.12.18.1}{\376\377\0001\0002\000.\0001\0008\000.\0001\000\040\000O\000p\000i\000s\000\040\000s\000z\000c\000z\000e\000g\000\363\001\102\000o\000w\000y}{section.12.18}% 889
\BOOKMARK [2][-]{subsection.12.18.2}{\376\377\0001\0002\000.\0001\0008\000.\0002\000\040\000D\000o\000k\000u\000m\000e\000n\000t\000a\000c\000j\000a\000\040\000d\000e\000f\000i\000n\000i\000c\000j\000i}{section.12.18}% 890
\BOOKMARK [3][-]{subsubsection.12.18.2.1}{\376\377\0001\0002\000.\0001\0008\000.\0002\000.\0001\000\040\000I\0002\000C\000\137\000M\000E\000M\000\137\000S\000T\000O\000R\000E\000\137\000I\0002\000C\000\137\000A\000D\000D\000R\000\137\000D\000E\000F\000A\000U\000L\000T}{subsection.12.18.2}% 891
\BOOKMARK [3][-]{subsubsection.12.18.2.2}{\376\377\0001\0002\000.\0001\0008\000.\0002\000.\0002\000\040\000I\0002\000C\000\137\000M\000E\000M\000\137\000S\000T\000O\000R\000E\000\137\000L\000O\000G\000\137\000P\000A\000Y\000L\000O\000A\000D\000\137\000M\000A\000X}{subsection.12.18.2}% 892
\BOOKMARK [3][-]{subsubsection.12.18.2.3}{\376\377\0001\0002\000.\0001\0008\000.\0002\000.\0003\000\040\000I\0002\000C\000\137\000M\000E\000M\000\137\000S\000T\000O\000R\000E\000\137\000L\000O\000G\000\137\000R\000E\000C\000O\000R\000D\000\137\000S\000I\000Z\000E}{subsection.12.18.2}% 893
\BOOKMARK [3][-]{subsubsection.12.18.2.4}{\376\377\0001\0002\000.\0001\0008\000.\0002\000.\0004\000\040\000I\0002\000C\000\137\000M\000E\000M\000\137\000S\000T\000O\000R\000E\000\137\000P\000A\000G\000E\000\137\000B\000Y\000T\000E\000S\000\137\000D\000E\000F\000A\000U\000L\000T}{subsection.12.18.2}% 894
\BOOKMARK [3][-]{subsubsection.12.18.2.5}{\376\377\0001\0002\000.\0001\0008\000.\0002\000.\0005\000\040\000I\0002\000C\000\137\000M\000E\000M\000\137\000S\000T\000O\000R\000E\000\137\000S\000E\000C\000R\000E\000T\000\137\000A\000R\000E\000A\000\137\000B\000Y\000T\000E\000S\000\137\000D\000E\000F\000A\000U\000L\000T}{subsection.12.18.2}% 895
\BOOKMARK [3][-]{subsubsection.12.18.2.6}{\376\377\0001\0002\000.\0001\0008\000.\0002\000.\0006\000\040\000I\0002\000C\000\137\000M\000E\000M\000\137\000S\000T\000O\000R\000E\000\137\000S\000E\000C\000R\000E\000T\000\137\000P\000A\000Y\000L\000O\000A\000D\000\137\000M\000A\000X}{subsection.12.18.2}% 896
\BOOKMARK [3][-]{subsubsection.12.18.2.7}{\376\377\0001\0002\000.\0001\0008\000.\0002\000.\0007\000\040\000I\0002\000C\000\137\000M\000E\000M\000\137\000S\000T\000O\000R\000E\000\137\000S\000E\000C\000R\000E\000T\000\137\000S\000L\000O\000T\000\137\000S\000I\000Z\000E}{subsection.12.18.2}% 897
\BOOKMARK [3][-]{subsubsection.12.18.2.8}{\376\377\0001\0002\000.\0001\0008\000.\0002\000.\0008\000\040\000I\0002\000C\000\137\000M\000E\000M\000\137\000S\000T\000O\000R\000E\000\137\000T\000O\000T\000A\000L\000\137\000B\000Y\000T\000E\000S\000\137\000D\000E\000F\000A\000U\000L\000T}{subsection.12.18.2}% 898
\BOOKMARK [3][-]{subsubsection.12.18.2.9}{\376\377\0001\0002\000.\0001\0008\000.\0002\000.\0009\000\040\000I\0002\000C\000\137\000M\000E\000M\000\137\000S\000T\000O\000R\000E\000\137\000T\000R\000U\000S\000T\000E\000D\000\137\000C\000O\000D\000E\000\137\000M\000A\000X}{subsection.12.18.2}% 899
\BOOKMARK [3][-]{subsubsection.12.18.2.10}{\376\377\0001\0002\000.\0001\0008\000.\0002\000.\0001\0000\000\040\000I\0002\000C\000\137\000M\000E\000M\000\137\000S\000T\000O\000R\000E\000\137\000T\000R\000U\000S\000T\000E\000D\000\137\000I\000D\000\137\000M\000A\000X}{subsection.12.18.2}% 900
\BOOKMARK [3][-]{subsubsection.12.18.2.11}{\376\377\0001\0002\000.\0001\0008\000.\0002\000.\0001\0001\000\040\000I\0002\000C\000\137\000M\000E\000M\000\137\000S\000T\000O\000R\000E\000\137\000W\000R\000I\000T\000E\000\137\000C\000Y\000C\000L\000E\000\137\000M\000S\000\137\000D\000E\000F\000A\000U\000L\000T}{subsection.12.18.2}% 901
\BOOKMARK [2][-]{subsection.12.18.3}{\376\377\0001\0002\000.\0001\0008\000.\0003\000\040\000D\000o\000k\000u\000m\000e\000n\000t\000a\000c\000j\000a\000\040\000t\000y\000p\000\363\000w\000\040\000w\000y\000l\000i\000c\000z\000a\000n\000y\000c\000h}{section.12.18}% 902
\BOOKMARK [3][-]{subsubsection.12.18.3.1}{\376\377\0001\0002\000.\0001\0008\000.\0003\000.\0001\000\040\000i\0002\000c\000\137\000m\000e\000m\000\137\000s\000t\000o\000r\000e\000\137\000s\000t\000a\000t\000u\000s\000\137\000t}{subsection.12.18.3}% 903
\BOOKMARK [2][-]{subsection.12.18.4}{\376\377\0001\0002\000.\0001\0008\000.\0004\000\040\000D\000o\000k\000u\000m\000e\000n\000t\000a\000c\000j\000a\000\040\000f\000u\000n\000k\000c\000j\000i}{section.12.18}% 904
\BOOKMARK [3][-]{subsubsection.12.18.4.1}{\376\377\0001\0002\000.\0001\0008\000.\0004\000.\0001\000\040\000i\0002\000c\000\137\000m\000e\000m\000\137\000s\000t\000o\000r\000e\000\137\000a\000p\000p\000e\000n\000d\000\137\000m\000e\000s\000s\000a\000g\000e\000\050\000\051}{subsection.12.18.4}% 905
\BOOKMARK [3][-]{subsubsection.12.18.4.2}{\376\377\0001\0002\000.\0001\0008\000.\0004\000.\0002\000\040\000i\0002\000c\000\137\000m\000e\000m\000\137\000s\000t\000o\000r\000e\000\137\000d\000e\000f\000a\000u\000l\000t\000\137\000c\000f\000g\000\050\000\051}{subsection.12.18.4}% 906
\BOOKMARK [3][-]{subsubsection.12.18.4.3}{\376\377\0001\0002\000.\0001\0008\000.\0004\000.\0003\000\040\000i\0002\000c\000\137\000m\000e\000m\000\137\000s\000t\000o\000r\000e\000\137\000d\000e\000f\000a\000u\000l\000t\000\137\000c\000f\000g\000\137\000m\0002\0004\000c\0000\0001\000r\000\050\000\051}{subsection.12.18.4}% 907
\BOOKMARK [3][-]{subsubsection.12.18.4.4}{\376\377\0001\0002\000.\0001\0008\000.\0004\000.\0004\000\040\000i\0002\000c\000\137\000m\000e\000m\000\137\000s\000t\000o\000r\000e\000\137\000f\000o\000r\000m\000a\000t\000\050\000\051}{subsection.12.18.4}% 908
\BOOKMARK [3][-]{subsubsection.12.18.4.5}{\376\377\0001\0002\000.\0001\0008\000.\0004\000.\0005\000\040\000i\0002\000c\000\137\000m\000e\000m\000\137\000s\000t\000o\000r\000e\000\137\000g\000e\000t\000\137\000l\000o\000g\000\137\000c\000o\000u\000n\000t\000\050\000\051}{subsection.12.18.4}% 909
\BOOKMARK [3][-]{subsubsection.12.18.4.6}{\376\377\0001\0002\000.\0001\0008\000.\0004\000.\0006\000\040\000i\0002\000c\000\137\000m\000e\000m\000\137\000s\000t\000o\000r\000e\000\137\000i\000n\000i\000t\000\050\000\051}{subsection.12.18.4}% 910
\BOOKMARK [3][-]{subsubsection.12.18.4.7}{\376\377\0001\0002\000.\0001\0008\000.\0004\000.\0007\000\040\000i\0002\000c\000\137\000m\000e\000m\000\137\000s\000t\000o\000r\000e\000\137\000r\000e\000a\000d\000\137\000m\000e\000s\000s\000a\000g\000e\000\050\000\051}{subsection.12.18.4}% 911
\BOOKMARK [3][-]{subsubsection.12.18.4.8}{\376\377\0001\0002\000.\0001\0008\000.\0004\000.\0008\000\040\000i\0002\000c\000\137\000m\000e\000m\000\137\000s\000t\000o\000r\000e\000\137\000s\000e\000c\000r\000e\000t\000\137\000e\000r\000a\000s\000e\000\050\000\051}{subsection.12.18.4}% 912
\BOOKMARK [3][-]{subsubsection.12.18.4.9}{\376\377\0001\0002\000.\0001\0008\000.\0004\000.\0009\000\040\000i\0002\000c\000\137\000m\000e\000m\000\137\000s\000t\000o\000r\000e\000\137\000s\000e\000c\000r\000e\000t\000\137\000r\000e\000a\000d\000\050\000\051}{subsection.12.18.4}% 913
\BOOKMARK [3][-]{subsubsection.12.18.4.10}{\376\377\0001\0002\000.\0001\0008\000.\0004\000.\0001\0000\000\040\000i\0002\000c\000\137\000m\000e\000m\000\137\000s\000t\000o\000r\000e\000\137\000s\000e\000c\000r\000e\000t\000\137\000w\000r\000i\000t\000e\000\050\000\051}{subsection.12.18.4}% 914
\BOOKMARK [3][-]{subsubsection.12.18.4.11}{\376\377\0001\0002\000.\0001\0008\000.\0004\000.\0001\0001\000\040\000i\0002\000c\000\137\000m\000e\000m\000\137\000s\000t\000o\000r\000e\000\137\000t\000r\000u\000s\000t\000e\000d\000\137\000d\000e\000v\000i\000c\000e\000\137\000r\000e\000a\000d\000\050\000\051}{subsection.12.18.4}% 915
\BOOKMARK [3][-]{subsubsection.12.18.4.12}{\376\377\0001\0002\000.\0001\0008\000.\0004\000.\0001\0002\000\040\000i\0002\000c\000\137\000m\000e\000m\000\137\000s\000t\000o\000r\000e\000\137\000t\000r\000u\000s\000t\000e\000d\000\137\000d\000e\000v\000i\000c\000e\000\137\000w\000r\000i\000t\000e\000\050\000\051}{subsection.12.18.4}% 916
\BOOKMARK [1][-]{section.12.19}{\376\377\0001\0002\000.\0001\0009\000\040\000i\0002\000c\000\137\000m\000e\000m\000\137\000s\000t\000o\000r\000e\000.\000h}{chapter.12}% 917
\BOOKMARK [1][-]{section.12.20}{\376\377\0001\0002\000.\0002\0000\000\040\000D\000o\000k\000u\000m\000e\000n\000t\000a\000c\000j\000a\000\040\000p\000l\000i\000k\000u\000\040\000C\000o\000r\000e\000/\000A\000p\000p\000/\000l\000a\000v\000i\000e\000t\000\137\000c\000r\000y\000p\000t\000o\000.\000c}{chapter.12}% 918
\BOOKMARK [2][-]{subsection.12.20.1}{\376\377\0001\0002\000.\0002\0000\000.\0001\000\040\000O\000p\000i\000s\000\040\000s\000z\000c\000z\000e\000g\000\363\001\102\000o\000w\000y}{section.12.20}% 919
\BOOKMARK [2][-]{subsection.12.20.2}{\376\377\0001\0002\000.\0002\0000\000.\0002\000\040\000D\000o\000k\000u\000m\000e\000n\000t\000a\000c\000j\000a\000\040\000d\000e\000f\000i\000n\000i\000c\000j\000i}{section.12.20}% 920
\BOOKMARK [3][-]{subsubsection.12.20.2.1}{\376\377\0001\0002\000.\0002\0000\000.\0002\000.\0001\000\040\000L\000A\000V\000I\000E\000T\000\137\000C\000R\000Y\000P\000T\000O\000\137\000T\000I\000M\000E\000O\000U\000T\000\137\000M\000S}{subsection.12.20.2}% 921
\BOOKMARK [3][-]{subsubsection.12.20.2.2}{\376\377\0001\0002\000.\0002\0000\000.\0002\000.\0002\000\040\000L\000A\000V\000I\000E\000T\000\137\000T\000E\000S\000T\000\137\000F\000I\000X\000E\000D\000\137\000F\000R\000A\000M\000E\000\137\000M\000A\000C}{subsection.12.20.2}% 922
\BOOKMARK [3][-]{subsubsection.12.20.2.3}{\376\377\0001\0002\000.\0002\0000\000.\0002\000.\0003\000\040\000L\000A\000V\000I\000E\000T\000\137\000T\000E\000S\000T\000\137\000F\000I\000X\000E\000D\000\137\000F\000R\000A\000M\000E\000\137\000M\000A\000C\000\137\000B\000Y\000T\000E}{subsection.12.20.2}% 923
\BOOKMARK [2][-]{subsection.12.20.3}{\376\377\0001\0002\000.\0002\0000\000.\0003\000\040\000D\000o\000k\000u\000m\000e\000n\000t\000a\000c\000j\000a\000\040\000f\000u\000n\000k\000c\000j\000i}{section.12.20}% 924
\BOOKMARK [3][-]{subsubsection.12.20.3.1}{\376\377\0001\0002\000.\0002\0000\000.\0003\000.\0001\000\040\000l\000a\000v\000i\000e\000t\000\137\000a\000e\000s\000\137\000a\000d\000d\000\137\000r\000o\000u\000n\000d\000\137\000k\000e\000y\000\050\000\051}{subsection.12.20.3}% 925
\BOOKMARK [3][-]{subsubsection.12.20.3.2}{\376\377\0001\0002\000.\0002\0000\000.\0003\000.\0002\000\040\000l\000a\000v\000i\000e\000t\000\137\000a\000e\000s\000\137\000c\000t\000r\000\137\000c\000r\000y\000p\000t\000\050\000\051}{subsection.12.20.3}% 926
\BOOKMARK [3][-]{subsubsection.12.20.3.3}{\376\377\0001\0002\000.\0002\0000\000.\0003\000.\0003\000\040\000l\000a\000v\000i\000e\000t\000\137\000a\000e\000s\000\137\000c\000t\000r\000\137\000c\000r\000y\000p\000t\000\137\000h\000w\000\137\000l\000o\000c\000k\000e\000d\000\050\000\051}{subsection.12.20.3}% 927
\BOOKMARK [3][-]{subsubsection.12.20.3.4}{\376\377\0001\0002\000.\0002\0000\000.\0003\000.\0004\000\040\000l\000a\000v\000i\000e\000t\000\137\000a\000e\000s\000\137\000c\000t\000r\000\137\000c\000r\000y\000p\000t\000\137\000s\000w\000\050\000\051}{subsection.12.20.3}% 928
\BOOKMARK [3][-]{subsubsection.12.20.3.5}{\376\377\0001\0002\000.\0002\0000\000.\0003\000.\0005\000\040\000l\000a\000v\000i\000e\000t\000\137\000a\000e\000s\000\137\000e\000n\000c\000r\000y\000p\000t\000\137\000b\000l\000o\000c\000k\000\050\000\051}{subsection.12.20.3}% 929
\BOOKMARK [3][-]{subsubsection.12.20.3.6}{\376\377\0001\0002\000.\0002\0000\000.\0003\000.\0006\000\040\000l\000a\000v\000i\000e\000t\000\137\000a\000e\000s\000\137\000k\000e\000y\000\137\000e\000x\000p\000a\000n\000s\000i\000o\000n\000\050\000\051}{subsection.12.20.3}% 930
\BOOKMARK [3][-]{subsubsection.12.20.3.7}{\376\377\0001\0002\000.\0002\0000\000.\0003\000.\0007\000\040\000l\000a\000v\000i\000e\000t\000\137\000a\000e\000s\000\137\000m\000i\000x\000\137\000c\000o\000l\000u\000m\000n\000s\000\050\000\051}{subsection.12.20.3}% 931
\BOOKMARK [3][-]{subsubsection.12.20.3.8}{\376\377\0001\0002\000.\0002\0000\000.\0003\000.\0008\000\040\000l\000a\000v\000i\000e\000t\000\137\000a\000e\000s\000\137\000s\000h\000i\000f\000t\000\137\000r\000o\000w\000s\000\050\000\051}{subsection.12.20.3}% 932
\BOOKMARK [3][-]{subsubsection.12.20.3.9}{\376\377\0001\0002\000.\0002\0000\000.\0003\000.\0009\000\040\000l\000a\000v\000i\000e\000t\000\137\000a\000e\000s\000\137\000s\000u\000b\000\137\000b\000y\000t\000e\000s\000\050\000\051}{subsection.12.20.3}% 933
\BOOKMARK [3][-]{subsubsection.12.20.3.10}{\376\377\0001\0002\000.\0002\0000\000.\0003\000.\0001\0000\000\040\000l\000a\000v\000i\000e\000t\000\137\000a\000e\000s\000\137\000x\000t\000i\000m\000e\000\050\000\051}{subsection.12.20.3}% 934
\BOOKMARK [3][-]{subsubsection.12.20.3.11}{\376\377\0001\0002\000.\0002\0000\000.\0003\000.\0001\0001\000\040\000l\000a\000v\000i\000e\000t\000\137\000c\000r\000y\000p\000t\000o\000\137\000i\000n\000i\000t\000\050\000\051}{subsection.12.20.3}% 935
\BOOKMARK [3][-]{subsubsection.12.20.3.12}{\376\377\0001\0002\000.\0002\0000\000.\0003\000.\0001\0002\000\040\000l\000a\000v\000i\000e\000t\000\137\000c\000r\000y\000p\000t\000o\000\137\000l\000o\000c\000k\000\050\000\051}{subsection.12.20.3}% 936
\BOOKMARK [3][-]{subsubsection.12.20.3.13}{\376\377\0001\0002\000.\0002\0000\000.\0003\000.\0001\0003\000\040\000l\000a\000v\000i\000e\000t\000\137\000c\000r\000y\000p\000t\000o\000\137\000l\000o\000g\000\137\000m\000i\000s\000m\000a\000t\000c\000h\000\050\000\051}{subsection.12.20.3}% 937
\BOOKMARK [3][-]{subsubsection.12.20.3.14}{\376\377\0001\0002\000.\0002\0000\000.\0003\000.\0001\0004\000\040\000l\000a\000v\000i\000e\000t\000\137\000c\000r\000y\000p\000t\000o\000\137\000s\000e\000l\000f\000\137\000t\000e\000s\000t\000\137\000l\000o\000c\000k\000e\000d\000\050\000\051}{subsection.12.20.3}% 938
\BOOKMARK [3][-]{subsubsection.12.20.3.15}{\376\377\0001\0002\000.\0002\0000\000.\0003\000.\0001\0005\000\040\000l\000a\000v\000i\000e\000t\000\137\000c\000r\000y\000p\000t\000o\000\137\000u\000n\000l\000o\000c\000k\000\050\000\051}{subsection.12.20.3}% 939
\BOOKMARK [3][-]{subsubsection.12.20.3.16}{\376\377\0001\0002\000.\0002\0000\000.\0003\000.\0001\0006\000\040\000l\000a\000v\000i\000e\000t\000\137\000f\000r\000a\000m\000e\000\137\000h\000m\000a\000c\000\137\000s\000h\000a\0002\0005\0006\000\050\000\051}{subsection.12.20.3}% 940
\BOOKMARK [3][-]{subsubsection.12.20.3.17}{\376\377\0001\0002\000.\0002\0000\000.\0003\000.\0001\0007\000\040\000l\000a\000v\000i\000e\000t\000\137\000h\000a\000l\000\137\000s\000t\000a\000t\000u\000s\000\137\000t\000e\000x\000t\000\050\000\051}{subsection.12.20.3}% 941
\BOOKMARK [3][-]{subsubsection.12.20.3.18}{\376\377\0001\0002\000.\0002\0000\000.\0003\000.\0001\0008\000\040\000l\000a\000v\000i\000e\000t\000\137\000h\000m\000a\000c\000\137\000s\000h\000a\0002\0005\0006\000\050\000\051}{subsection.12.20.3}% 942
\BOOKMARK [3][-]{subsubsection.12.20.3.19}{\376\377\0001\0002\000.\0002\0000\000.\0003\000.\0001\0009\000\040\000l\000a\000v\000i\000e\000t\000\137\000h\000m\000a\000c\000\137\000s\000h\000a\0002\0005\0006\000\137\000h\000w\000\137\000l\000o\000c\000k\000e\000d\000\050\000\051}{subsection.12.20.3}% 943
\BOOKMARK [3][-]{subsubsection.12.20.3.20}{\376\377\0001\0002\000.\0002\0000\000.\0003\000.\0002\0000\000\040\000l\000a\000v\000i\000e\000t\000\137\000h\000m\000a\000c\000\137\000s\000h\000a\0002\0005\0006\000\137\000s\000w\000\050\000\051}{subsection.12.20.3}% 944
\BOOKMARK [3][-]{subsubsection.12.20.3.21}{\376\377\0001\0002\000.\0002\0000\000.\0003\000.\0002\0001\000\040\000l\000a\000v\000i\000e\000t\000\137\000m\000a\000c\000\137\000e\000q\000u\000a\000l\000\050\000\051}{subsection.12.20.3}% 945
\BOOKMARK [3][-]{subsubsection.12.20.3.22}{\376\377\0001\0002\000.\0002\0000\000.\0003\000.\0002\0002\000\040\000l\000a\000v\000i\000e\000t\000\137\000m\000a\000k\000e\000\137\000c\000o\000u\000n\000t\000e\000r\000\137\000b\000l\000o\000c\000k\000\050\000\051}{subsection.12.20.3}% 946
\BOOKMARK [3][-]{subsubsection.12.20.3.23}{\376\377\0001\0002\000.\0002\0000\000.\0003\000.\0002\0003\000\040\000l\000a\000v\000i\000e\000t\000\137\000r\000o\000t\000r\0003\0002\000\050\000\051}{subsection.12.20.3}% 947
\BOOKMARK [3][-]{subsubsection.12.20.3.24}{\376\377\0001\0002\000.\0002\0000\000.\0003\000.\0002\0004\000\040\000l\000a\000v\000i\000e\000t\000\137\000s\000e\000c\000u\000r\000e\000\137\000z\000e\000r\000o\000\050\000\051}{subsection.12.20.3}% 948
\BOOKMARK [3][-]{subsubsection.12.20.3.25}{\376\377\0001\0002\000.\0002\0000\000.\0003\000.\0002\0005\000\040\000l\000a\000v\000i\000e\000t\000\137\000s\000h\000a\0002\0005\0006\000\137\000f\000i\000n\000a\000l\000\050\000\051}{subsection.12.20.3}% 949
\BOOKMARK [3][-]{subsubsection.12.20.3.26}{\376\377\0001\0002\000.\0002\0000\000.\0003\000.\0002\0006\000\040\000l\000a\000v\000i\000e\000t\000\137\000s\000h\000a\0002\0005\0006\000\137\000i\000n\000i\000t\000\050\000\051}{subsection.12.20.3}% 950
\BOOKMARK [3][-]{subsubsection.12.20.3.27}{\376\377\0001\0002\000.\0002\0000\000.\0003\000.\0002\0007\000\040\000l\000a\000v\000i\000e\000t\000\137\000s\000h\000a\0002\0005\0006\000\137\000t\000r\000a\000n\000s\000f\000o\000r\000m\000\050\000\051}{subsection.12.20.3}% 951
\BOOKMARK [3][-]{subsubsection.12.20.3.28}{\376\377\0001\0002\000.\0002\0000\000.\0003\000.\0002\0008\000\040\000l\000a\000v\000i\000e\000t\000\137\000s\000h\000a\0002\0005\0006\000\137\000u\000p\000d\000a\000t\000e\000\050\000\051}{subsection.12.20.3}% 952
\BOOKMARK [2][-]{subsection.12.20.4}{\376\377\0001\0002\000.\0002\0000\000.\0004\000\040\000D\000o\000k\000u\000m\000e\000n\000t\000a\000c\000j\000a\000\040\000z\000m\000i\000e\000n\000n\000y\000c\000h}{section.12.20}% 953
\BOOKMARK [3][-]{subsubsection.12.20.4.1}{\376\377\0001\0002\000.\0002\0000\000.\0004\000.\0001\000\040\000s\000\137\000a\000e\000s\000\137\000r\000c\000o\000n}{subsection.12.20.4}% 954
\BOOKMARK [3][-]{subsubsection.12.20.4.2}{\376\377\0001\0002\000.\0002\0000\000.\0004\000.\0002\000\040\000s\000\137\000a\000e\000s\000\137\000s\000b\000o\000x}{subsection.12.20.4}% 955
\BOOKMARK [3][-]{subsubsection.12.20.4.3}{\376\377\0001\0002\000.\0002\0000\000.\0004\000.\0003\000\040\000s\000\137\000c\000r\000y\000p\000t\000o\000\137\000h\000w\000\137\000r\000e\000a\000d\000y}{subsection.12.20.4}% 956
\BOOKMARK [3][-]{subsubsection.12.20.4.4}{\376\377\0001\0002\000.\0002\0000\000.\0004\000.\0004\000\040\000s\000\137\000c\000r\000y\000p\000t\000o\000\137\000m\000u\000t\000e\000x}{subsection.12.20.4}% 957
\BOOKMARK [3][-]{subsubsection.12.20.4.5}{\376\377\0001\0002\000.\0002\0000\000.\0004\000.\0005\000\040\000s\000\137\000s\000h\000a\0002\0005\0006\000\137\000k}{subsection.12.20.4}% 958
\BOOKMARK [1][-]{section.12.21}{\376\377\0001\0002\000.\0002\0001\000\040\000l\000a\000v\000i\000e\000t\000\137\000c\000r\000y\000p\000t\000o\000.\000c}{chapter.12}% 959
\BOOKMARK [1][-]{section.12.22}{\376\377\0001\0002\000.\0002\0002\000\040\000D\000o\000k\000u\000m\000e\000n\000t\000a\000c\000j\000a\000\040\000p\000l\000i\000k\000u\000\040\000C\000o\000r\000e\000/\000A\000p\000p\000/\000l\000a\000v\000i\000e\000t\000\137\000c\000r\000y\000p\000t\000o\000.\000h}{chapter.12}% 960
\BOOKMARK [2][-]{subsection.12.22.1}{\376\377\0001\0002\000.\0002\0002\000.\0001\000\040\000O\000p\000i\000s\000\040\000s\000z\000c\000z\000e\000g\000\363\001\102\000o\000w\000y}{section.12.22}% 961
\BOOKMARK [2][-]{subsection.12.22.2}{\376\377\0001\0002\000.\0002\0002\000.\0002\000\040\000D\000o\000k\000u\000m\000e\000n\000t\000a\000c\000j\000a\000\040\000d\000e\000f\000i\000n\000i\000c\000j\000i}{section.12.22}% 962
\BOOKMARK [3][-]{subsubsection.12.22.2.1}{\376\377\0001\0002\000.\0002\0002\000.\0002\000.\0001\000\040\000L\000A\000V\000I\000E\000T\000\137\000A\000E\000S\000\137\000K\000E\000Y\000\137\000L\000E\000N}{subsection.12.22.2}% 963
\BOOKMARK [3][-]{subsubsection.12.22.2.2}{\376\377\0001\0002\000.\0002\0002\000.\0002\000.\0002\000\040\000L\000A\000V\000I\000E\000T\000\137\000H\000M\000A\000C\000\137\000K\000E\000Y\000\137\000L\000E\000N}{subsection.12.22.2}% 964
\BOOKMARK [3][-]{subsubsection.12.22.2.3}{\376\377\0001\0002\000.\0002\0002\000.\0002\000.\0003\000\040\000L\000A\000V\000I\000E\000T\000\137\000S\000H\000A\0002\0005\0006\000\137\000L\000E\000N}{subsection.12.22.2}% 965
\BOOKMARK [2][-]{subsection.12.22.3}{\376\377\0001\0002\000.\0002\0002\000.\0003\000\040\000D\000o\000k\000u\000m\000e\000n\000t\000a\000c\000j\000a\000\040\000f\000u\000n\000k\000c\000j\000i}{section.12.22}% 966
\BOOKMARK [3][-]{subsubsection.12.22.3.1}{\376\377\0001\0002\000.\0002\0002\000.\0003\000.\0001\000\040\000l\000a\000v\000i\000e\000t\000\137\000a\000e\000s\000\137\000c\000t\000r\000\137\000c\000r\000y\000p\000t\000\050\000\051}{subsection.12.22.3}% 967
\BOOKMARK [3][-]{subsubsection.12.22.3.2}{\376\377\0001\0002\000.\0002\0002\000.\0003\000.\0002\000\040\000l\000a\000v\000i\000e\000t\000\137\000c\000r\000y\000p\000t\000o\000\137\000i\000n\000i\000t\000\050\000\051}{subsection.12.22.3}% 968
\BOOKMARK [3][-]{subsubsection.12.22.3.3}{\376\377\0001\0002\000.\0002\0002\000.\0003\000.\0003\000\040\000l\000a\000v\000i\000e\000t\000\137\000f\000r\000a\000m\000e\000\137\000h\000m\000a\000c\000\137\000s\000h\000a\0002\0005\0006\000\050\000\051}{subsection.12.22.3}% 969
\BOOKMARK [3][-]{subsubsection.12.22.3.4}{\376\377\0001\0002\000.\0002\0002\000.\0003\000.\0004\000\040\000l\000a\000v\000i\000e\000t\000\137\000h\000m\000a\000c\000\137\000s\000h\000a\0002\0005\0006\000\050\000\051}{subsection.12.22.3}% 970
\BOOKMARK [3][-]{subsubsection.12.22.3.5}{\376\377\0001\0002\000.\0002\0002\000.\0003\000.\0005\000\040\000l\000a\000v\000i\000e\000t\000\137\000m\000a\000c\000\137\000e\000q\000u\000a\000l\000\050\000\051}{subsection.12.22.3}% 971
\BOOKMARK [3][-]{subsubsection.12.22.3.6}{\376\377\0001\0002\000.\0002\0002\000.\0003\000.\0006\000\040\000l\000a\000v\000i\000e\000t\000\137\000s\000e\000c\000u\000r\000e\000\137\000z\000e\000r\000o\000\050\000\051}{subsection.12.22.3}% 972
\BOOKMARK [1][-]{section.12.23}{\376\377\0001\0002\000.\0002\0003\000\040\000l\000a\000v\000i\000e\000t\000\137\000c\000r\000y\000p\000t\000o\000.\000h}{chapter.12}% 973
\BOOKMARK [1][-]{section.12.24}{\376\377\0001\0002\000.\0002\0004\000\040\000D\000o\000k\000u\000m\000e\000n\000t\000a\000c\000j\000a\000\040\000p\000l\000i\000k\000u\000\040\000C\000o\000r\000e\000/\000A\000p\000p\000/\000l\000a\000v\000i\000e\000t\000\137\000f\000r\000a\000m\000e\000.\000c}{chapter.12}% 974
\BOOKMARK [2][-]{subsection.12.24.1}{\376\377\0001\0002\000.\0002\0004\000.\0001\000\040\000O\000p\000i\000s\000\040\000s\000z\000c\000z\000e\000g\000\363\001\102\000o\000w\000y}{section.12.24}% 975
\BOOKMARK [2][-]{subsection.12.24.2}{\376\377\0001\0002\000.\0002\0004\000.\0002\000\040\000D\000o\000k\000u\000m\000e\000n\000t\000a\000c\000j\000a\000\040\000f\000u\000n\000k\000c\000j\000i}{section.12.24}% 976
\BOOKMARK [3][-]{subsubsection.12.24.2.1}{\376\377\0001\0002\000.\0002\0004\000.\0002\000.\0001\000\040\000l\000a\000v\000i\000e\000t\000\137\000b\000e\0001\0006\000\137\000r\000e\000a\000d\000\050\000\051}{subsection.12.24.2}% 977
\BOOKMARK [3][-]{subsubsection.12.24.2.2}{\376\377\0001\0002\000.\0002\0004\000.\0002\000.\0002\000\040\000l\000a\000v\000i\000e\000t\000\137\000b\000e\0001\0006\000\137\000w\000r\000i\000t\000e\000\050\000\051}{subsection.12.24.2}% 978
\BOOKMARK [3][-]{subsubsection.12.24.2.3}{\376\377\0001\0002\000.\0002\0004\000.\0002\000.\0003\000\040\000l\000a\000v\000i\000e\000t\000\137\000b\000e\0003\0002\000\137\000r\000e\000a\000d\000\050\000\051}{subsection.12.24.2}% 979
\BOOKMARK [3][-]{subsubsection.12.24.2.4}{\376\377\0001\0002\000.\0002\0004\000.\0002\000.\0004\000\040\000l\000a\000v\000i\000e\000t\000\137\000b\000e\0003\0002\000\137\000w\000r\000i\000t\000e\000\050\000\051}{subsection.12.24.2}% 980
\BOOKMARK [3][-]{subsubsection.12.24.2.5}{\376\377\0001\0002\000.\0002\0004\000.\0002\000.\0005\000\040\000l\000a\000v\000i\000e\000t\000\137\000f\000r\000a\000m\000e\000\137\000b\000u\000i\000l\000d\000\137\000m\000a\000c\000\137\000i\000n\000p\000u\000t\000\050\000\051}{subsection.12.24.2}% 981
\BOOKMARK [3][-]{subsubsection.12.24.2.6}{\376\377\0001\0002\000.\0002\0004\000.\0002\000.\0006\000\040\000l\000a\000v\000i\000e\000t\000\137\000f\000r\000a\000m\000e\000\137\000d\000e\000c\000o\000d\000e\000\050\000\051}{subsection.12.24.2}% 982
\BOOKMARK [3][-]{subsubsection.12.24.2.7}{\376\377\0001\0002\000.\0002\0004\000.\0002\000.\0007\000\040\000l\000a\000v\000i\000e\000t\000\137\000f\000r\000a\000m\000e\000\137\000e\000n\000c\000o\000d\000e\000\050\000\051}{subsection.12.24.2}% 983
\BOOKMARK [3][-]{subsubsection.12.24.2.8}{\376\377\0001\0002\000.\0002\0004\000.\0002\000.\0008\000\040\000l\000a\000v\000i\000e\000t\000\137\000f\000r\000a\000m\000e\000\137\000i\000s\000\137\000b\000r\000o\000a\000d\000c\000a\000s\000t\000\050\000\051}{subsection.12.24.2}% 984
\BOOKMARK [3][-]{subsubsection.12.24.2.9}{\376\377\0001\0002\000.\0002\0004\000.\0002\000.\0009\000\040\000l\000a\000v\000i\000e\000t\000\137\000f\000r\000a\000m\000e\000\137\000r\000e\000a\000d\000\137\000a\000c\000k\000\137\000p\000a\000y\000l\000o\000a\000d\000\050\000\051}{subsection.12.24.2}% 985
\BOOKMARK [3][-]{subsubsection.12.24.2.10}{\376\377\0001\0002\000.\0002\0004\000.\0002\000.\0001\0000\000\040\000l\000a\000v\000i\000e\000t\000\137\000f\000r\000a\000m\000e\000\137\000t\000y\000p\000e\000\050\000\051}{subsection.12.24.2}% 986
\BOOKMARK [3][-]{subsubsection.12.24.2.11}{\376\377\0001\0002\000.\0002\0004\000.\0002\000.\0001\0001\000\040\000l\000a\000v\000i\000e\000t\000\137\000f\000r\000a\000m\000e\000\137\000t\000y\000p\000e\000\137\000k\000n\000o\000w\000n\000\050\000\051}{subsection.12.24.2}% 987
\BOOKMARK [3][-]{subsubsection.12.24.2.12}{\376\377\0001\0002\000.\0002\0004\000.\0002\000.\0001\0002\000\040\000l\000a\000v\000i\000e\000t\000\137\000f\000r\000a\000m\000e\000\137\000v\000a\000l\000i\000d\000a\000t\000e\000\137\000p\000l\000a\000i\000n\000\050\000\051}{subsection.12.24.2}% 988
\BOOKMARK [3][-]{subsubsection.12.24.2.13}{\376\377\0001\0002\000.\0002\0004\000.\0002\000.\0001\0003\000\040\000l\000a\000v\000i\000e\000t\000\137\000f\000r\000a\000m\000e\000\137\000v\000e\000r\000\137\000t\000y\000p\000e\000\050\000\051}{subsection.12.24.2}% 989
\BOOKMARK [3][-]{subsubsection.12.24.2.14}{\376\377\0001\0002\000.\0002\0004\000.\0002\000.\0001\0004\000\040\000l\000a\000v\000i\000e\000t\000\137\000f\000r\000a\000m\000e\000\137\000v\000e\000r\000s\000i\000o\000n\000\137\000f\000r\000o\000m\000\137\000v\000e\000r\000\137\000t\000y\000p\000e\000\050\000\051}{subsection.12.24.2}% 990
\BOOKMARK [3][-]{subsubsection.12.24.2.15}{\376\377\0001\0002\000.\0002\0004\000.\0002\000.\0001\0005\000\040\000l\000a\000v\000i\000e\000t\000\137\000f\000r\000a\000m\000e\000\137\000w\000r\000i\000t\000e\000\137\000a\000c\000k\000\137\000p\000a\000y\000l\000o\000a\000d\000\050\000\051}{subsection.12.24.2}% 991
\BOOKMARK [3][-]{subsubsection.12.24.2.16}{\376\377\0001\0002\000.\0002\0004\000.\0002\000.\0001\0006\000\040\000l\000a\000v\000i\000e\000t\000\137\000l\000o\000c\000a\000l\000\137\000n\000o\000d\000e\000\137\000i\000d\000\050\000\051}{subsection.12.24.2}% 992
\BOOKMARK [1][-]{section.12.25}{\376\377\0001\0002\000.\0002\0005\000\040\000l\000a\000v\000i\000e\000t\000\137\000f\000r\000a\000m\000e\000.\000c}{chapter.12}% 993
\BOOKMARK [1][-]{section.12.26}{\376\377\0001\0002\000.\0002\0006\000\040\000D\000o\000k\000u\000m\000e\000n\000t\000a\000c\000j\000a\000\040\000p\000l\000i\000k\000u\000\040\000C\000o\000r\000e\000/\000A\000p\000p\000/\000l\000a\000v\000i\000e\000t\000\137\000f\000r\000a\000m\000e\000.\000h}{chapter.12}% 994
\BOOKMARK [2][-]{subsection.12.26.1}{\376\377\0001\0002\000.\0002\0006\000.\0001\000\040\000O\000p\000i\000s\000\040\000s\000z\000c\000z\000e\000g\000\363\001\102\000o\000w\000y}{section.12.26}% 995
\BOOKMARK [2][-]{subsection.12.26.2}{\376\377\0001\0002\000.\0002\0006\000.\0002\000\040\000D\000o\000k\000u\000m\000e\000n\000t\000a\000c\000j\000a\000\040\000d\000e\000f\000i\000n\000i\000c\000j\000i}{section.12.26}% 996
\BOOKMARK [3][-]{subsubsection.12.26.2.1}{\376\377\0001\0002\000.\0002\0006\000.\0002\000.\0001\000\040\000L\000A\000V\000I\000E\000T\000\137\000A\000C\000K\000\137\000P\000A\000Y\000L\000O\000A\000D\000\137\000L\000E\000N}{subsection.12.26.2}% 997
\BOOKMARK [3][-]{subsubsection.12.26.2.2}{\376\377\0001\0002\000.\0002\0006\000.\0002\000.\0002\000\040\000L\000A\000V\000I\000E\000T\000\137\000B\000R\000O\000A\000D\000C\000A\000S\000T\000\137\000I\000D}{subsection.12.26.2}% 998
\BOOKMARK [3][-]{subsubsection.12.26.2.3}{\376\377\0001\0002\000.\0002\0006\000.\0002\000.\0003\000\040\000L\000A\000V\000I\000E\000T\000\137\000C\000O\000U\000N\000T\000E\000R\000\137\000S\000Y\000N\000C\000\137\000P\000A\000Y\000L\000O\000A\000D\000\137\000L\000E\000N}{subsection.12.26.2}% 999
\BOOKMARK [3][-]{subsubsection.12.26.2.4}{\376\377\0001\0002\000.\0002\0006\000.\0002\000.\0004\000\040\000L\000A\000V\000I\000E\000T\000\137\000E\000R\000R\000O\000R\000\137\000P\000A\000Y\000L\000O\000A\000D\000\137\000L\000E\000N}{subsection.12.26.2}% 1000
\BOOKMARK [3][-]{subsubsection.12.26.2.5}{\376\377\0001\0002\000.\0002\0006\000.\0002\000.\0005\000\040\000L\000A\000V\000I\000E\000T\000\137\000F\000L\000A\000G\000\137\000A\000C\000K\000\137\000R\000E\000Q\000U\000I\000R\000E\000D}{subsection.12.26.2}% 1001
\BOOKMARK [3][-]{subsubsection.12.26.2.6}{\376\377\0001\0002\000.\0002\0006\000.\0002\000.\0006\000\040\000L\000A\000V\000I\000E\000T\000\137\000F\000L\000A\000G\000\137\000B\000R\000O\000A\000D\000C\000A\000S\000T}{subsection.12.26.2}% 1002
\BOOKMARK [3][-]{subsubsection.12.26.2.7}{\376\377\0001\0002\000.\0002\0006\000.\0002\000.\0007\000\040\000L\000A\000V\000I\000E\000T\000\137\000F\000L\000A\000G\000\137\000C\000O\000N\000F\000I\000G\000\137\000A\000C\000C\000E\000S\000S}{subsection.12.26.2}% 1003
\BOOKMARK [3][-]{subsubsection.12.26.2.8}{\376\377\0001\0002\000.\0002\0006\000.\0002\000.\0008\000\040\000L\000A\000V\000I\000E\000T\000\137\000F\000L\000A\000G\000\137\000C\000O\000U\000N\000T\000E\000R\000\137\000O\000V\000E\000R\000R\000I\000D\000E}{subsection.12.26.2}% 1004
\BOOKMARK [3][-]{subsubsection.12.26.2.9}{\376\377\0001\0002\000.\0002\0006\000.\0002\000.\0009\000\040\000L\000A\000V\000I\000E\000T\000\137\000F\000L\000A\000G\000\137\000E\000N\000C\000R\000Y\000P\000T\000E\000D}{subsection.12.26.2}% 1005
\BOOKMARK [3][-]{subsubsection.12.26.2.10}{\376\377\0001\0002\000.\0002\0006\000.\0002\000.\0001\0000\000\040\000L\000A\000V\000I\000E\000T\000\137\000F\000L\000A\000G\000\137\000I\000S\000\137\000A\000C\000K}{subsection.12.26.2}% 1006
\BOOKMARK [3][-]{subsubsection.12.26.2.11}{\376\377\0001\0002\000.\0002\0006\000.\0002\000.\0001\0001\000\040\000L\000A\000V\000I\000E\000T\000\137\000F\000L\000A\000G\000\137\000K\000E\000Y\000\137\000U\000P\000D\000A\000T\000E}{subsection.12.26.2}% 1007
\BOOKMARK [3][-]{subsubsection.12.26.2.12}{\376\377\0001\0002\000.\0002\0006\000.\0002\000.\0001\0002\000\040\000L\000A\000V\000I\000E\000T\000\137\000F\000L\000A\000G\000\137\000P\000A\000I\000R\000I\000N\000G}{subsection.12.26.2}% 1008
\BOOKMARK [3][-]{subsubsection.12.26.2.13}{\376\377\0001\0002\000.\0002\0006\000.\0002\000.\0001\0003\000\040\000L\000A\000V\000I\000E\000T\000\137\000F\000R\000A\000M\000E\000\137\000H\000E\000A\000D\000E\000R\000\137\000L\000E\000N}{subsection.12.26.2}% 1009
\BOOKMARK [3][-]{subsubsection.12.26.2.14}{\376\377\0001\0002\000.\0002\0006\000.\0002\000.\0001\0004\000\040\000L\000A\000V\000I\000E\000T\000\137\000F\000R\000A\000M\000E\000\137\000M\000A\000X\000\137\000L\000E\000N}{subsection.12.26.2}% 1010
\BOOKMARK [3][-]{subsubsection.12.26.2.15}{\376\377\0001\0002\000.\0002\0006\000.\0002\000.\0001\0005\000\040\000L\000A\000V\000I\000E\000T\000\137\000F\000R\000A\000M\000E\000\137\000M\000I\000N\000\137\000L\000E\000N}{subsection.12.26.2}% 1011
\BOOKMARK [3][-]{subsubsection.12.26.2.16}{\376\377\0001\0002\000.\0002\0006\000.\0002\000.\0001\0006\000\040\000L\000A\000V\000I\000E\000T\000\137\000F\000R\000A\000M\000E\000\137\000V\000E\000R\000S\000I\000O\000N}{subsection.12.26.2}% 1012
\BOOKMARK [3][-]{subsubsection.12.26.2.17}{\376\377\0001\0002\000.\0002\0006\000.\0002\000.\0001\0007\000\040\000L\000A\000V\000I\000E\000T\000\137\000G\000A\000T\000E\000W\000A\000Y\000\137\000I\000D}{subsection.12.26.2}% 1013
\BOOKMARK [3][-]{subsubsection.12.26.2.18}{\376\377\0001\0002\000.\0002\0006\000.\0002\000.\0001\0008\000\040\000L\000A\000V\000I\000E\000T\000\137\000M\000A\000C\000\137\000T\000A\000G\000\137\000L\000E\000N}{subsection.12.26.2}% 1014
\BOOKMARK [3][-]{subsubsection.12.26.2.19}{\376\377\0001\0002\000.\0002\0006\000.\0002\000.\0001\0009\000\040\000L\000A\000V\000I\000E\000T\000\137\000M\000A\000X\000\137\000P\000A\000Y\000L\000O\000A\000D}{subsection.12.26.2}% 1015
\BOOKMARK [3][-]{subsubsection.12.26.2.20}{\376\377\0001\0002\000.\0002\0006\000.\0002\000.\0002\0000\000\040\000L\000A\000V\000I\000E\000T\000\137\000P\000A\000I\000R\000\137\000P\000A\000Y\000L\000O\000A\000D\000\137\000L\000E\000N}{subsection.12.26.2}% 1016
\BOOKMARK [2][-]{subsection.12.26.3}{\376\377\0001\0002\000.\0002\0006\000.\0003\000\040\000D\000o\000k\000u\000m\000e\000n\000t\000a\000c\000j\000a\000\040\000t\000y\000p\000\363\000w\000\040\000w\000y\000l\000i\000c\000z\000a\000n\000y\000c\000h}{section.12.26}% 1017
\BOOKMARK [3][-]{subsubsection.12.26.3.1}{\376\377\0001\0002\000.\0002\0006\000.\0003\000.\0001\000\040\000l\000a\000v\000i\000e\000t\000\137\000f\000r\000a\000m\000e\000\137\000s\000t\000a\000t\000u\000s\000\137\000t}{subsection.12.26.3}% 1018
\BOOKMARK [3][-]{subsubsection.12.26.3.2}{\376\377\0001\0002\000.\0002\0006\000.\0003\000.\0002\000\040\000l\000a\000v\000i\000e\000t\000\137\000f\000r\000a\000m\000e\000\137\000t\000y\000p\000e\000\137\000t}{subsection.12.26.3}% 1019
\BOOKMARK [2][-]{subsection.12.26.4}{\376\377\0001\0002\000.\0002\0006\000.\0004\000\040\000D\000o\000k\000u\000m\000e\000n\000t\000a\000c\000j\000a\000\040\000f\000u\000n\000k\000c\000j\000i}{section.12.26}% 1020
\BOOKMARK [3][-]{subsubsection.12.26.4.1}{\376\377\0001\0002\000.\0002\0006\000.\0004\000.\0001\000\040\000l\000a\000v\000i\000e\000t\000\137\000f\000r\000a\000m\000e\000\137\000b\000u\000i\000l\000d\000\137\000m\000a\000c\000\137\000i\000n\000p\000u\000t\000\050\000\051}{subsection.12.26.4}% 1021
\BOOKMARK [3][-]{subsubsection.12.26.4.2}{\376\377\0001\0002\000.\0002\0006\000.\0004\000.\0002\000\040\000l\000a\000v\000i\000e\000t\000\137\000f\000r\000a\000m\000e\000\137\000d\000e\000c\000o\000d\000e\000\050\000\051}{subsection.12.26.4}% 1022
\BOOKMARK [3][-]{subsubsection.12.26.4.3}{\376\377\0001\0002\000.\0002\0006\000.\0004\000.\0003\000\040\000l\000a\000v\000i\000e\000t\000\137\000f\000r\000a\000m\000e\000\137\000e\000n\000c\000o\000d\000e\000\050\000\051}{subsection.12.26.4}% 1023
\BOOKMARK [3][-]{subsubsection.12.26.4.4}{\376\377\0001\0002\000.\0002\0006\000.\0004\000.\0004\000\040\000l\000a\000v\000i\000e\000t\000\137\000f\000r\000a\000m\000e\000\137\000i\000s\000\137\000b\000r\000o\000a\000d\000c\000a\000s\000t\000\050\000\051}{subsection.12.26.4}% 1024
\BOOKMARK [3][-]{subsubsection.12.26.4.5}{\376\377\0001\0002\000.\0002\0006\000.\0004\000.\0005\000\040\000l\000a\000v\000i\000e\000t\000\137\000f\000r\000a\000m\000e\000\137\000r\000e\000a\000d\000\137\000a\000c\000k\000\137\000p\000a\000y\000l\000o\000a\000d\000\050\000\051}{subsection.12.26.4}% 1025
\BOOKMARK [3][-]{subsubsection.12.26.4.6}{\376\377\0001\0002\000.\0002\0006\000.\0004\000.\0006\000\040\000l\000a\000v\000i\000e\000t\000\137\000f\000r\000a\000m\000e\000\137\000t\000y\000p\000e\000\050\000\051}{subsection.12.26.4}% 1026
\BOOKMARK [3][-]{subsubsection.12.26.4.7}{\376\377\0001\0002\000.\0002\0006\000.\0004\000.\0007\000\040\000l\000a\000v\000i\000e\000t\000\137\000f\000r\000a\000m\000e\000\137\000v\000a\000l\000i\000d\000a\000t\000e\000\137\000p\000l\000a\000i\000n\000\050\000\051}{subsection.12.26.4}% 1027
\BOOKMARK [3][-]{subsubsection.12.26.4.8}{\376\377\0001\0002\000.\0002\0006\000.\0004\000.\0008\000\040\000l\000a\000v\000i\000e\000t\000\137\000f\000r\000a\000m\000e\000\137\000v\000e\000r\000\137\000t\000y\000p\000e\000\050\000\051}{subsection.12.26.4}% 1028
\BOOKMARK [3][-]{subsubsection.12.26.4.9}{\376\377\0001\0002\000.\0002\0006\000.\0004\000.\0009\000\040\000l\000a\000v\000i\000e\000t\000\137\000f\000r\000a\000m\000e\000\137\000w\000r\000i\000t\000e\000\137\000a\000c\000k\000\137\000p\000a\000y\000l\000o\000a\000d\000\050\000\051}{subsection.12.26.4}% 1029
\BOOKMARK [3][-]{subsubsection.12.26.4.10}{\376\377\0001\0002\000.\0002\0006\000.\0004\000.\0001\0000\000\040\000l\000a\000v\000i\000e\000t\000\137\000l\000o\000c\000a\000l\000\137\000n\000o\000d\000e\000\137\000i\000d\000\050\000\051}{subsection.12.26.4}% 1030
\BOOKMARK [1][-]{section.12.27}{\376\377\0001\0002\000.\0002\0007\000\040\000l\000a\000v\000i\000e\000t\000\137\000f\000r\000a\000m\000e\000.\000h}{chapter.12}% 1031
\BOOKMARK [1][-]{section.12.28}{\376\377\0001\0002\000.\0002\0008\000\040\000l\000c\000d\000.\000c}{chapter.12}% 1032
\BOOKMARK [1][-]{section.12.29}{\376\377\0001\0002\000.\0002\0009\000\040\000D\000o\000k\000u\000m\000e\000n\000t\000a\000c\000j\000a\000\040\000p\000l\000i\000k\000u\000\040\000C\000o\000r\000e\000/\000A\000p\000p\000/\000l\000c\000d\000\137\000l\000i\000b\000r\000a\000r\000y\000/\000l\000c\000d\000.\000h}{chapter.12}% 1033
\BOOKMARK [2][-]{subsection.12.29.1}{\376\377\0001\0002\000.\0002\0009\000.\0001\000\040\000O\000p\000i\000s\000\040\000s\000z\000c\000z\000e\000g\000\363\001\102\000o\000w\000y}{section.12.29}% 1034
\BOOKMARK [2][-]{subsection.12.29.2}{\376\377\0001\0002\000.\0002\0009\000.\0002\000\040\000D\000o\000k\000u\000m\000e\000n\000t\000a\000c\000j\000a\000\040\000f\000u\000n\000k\000c\000j\000i}{section.12.29}% 1035
\BOOKMARK [3][-]{subsubsection.12.29.2.1}{\376\377\0001\0002\000.\0002\0009\000.\0002\000.\0001\000\040\000l\000c\000d\000\137\000a\000n\000i\000m\000a\000t\000i\000o\000n\000\137\000h\000e\000l\000l\000o\000\137\000b\000e\000k\000o\000\050\000\051}{subsection.12.29.2}% 1036
\BOOKMARK [3][-]{subsubsection.12.29.2.2}{\376\377\0001\0002\000.\0002\0009\000.\0002\000.\0002\000\040\000l\000c\000d\000\137\000b\000a\000c\000k\000l\000i\000g\000h\000t\000\050\000\051}{subsection.12.29.2}% 1037
\BOOKMARK [3][-]{subsubsection.12.29.2.3}{\376\377\0001\0002\000.\0002\0009\000.\0002\000.\0003\000\040\000l\000c\000d\000\137\000c\000l\000e\000a\000r\000\050\000\051}{subsection.12.29.2}% 1038
\BOOKMARK [3][-]{subsubsection.12.29.2.4}{\376\377\0001\0002\000.\0002\0009\000.\0002\000.\0004\000\040\000l\000c\000d\000\137\000d\000e\000m\000o\000\050\000\051}{subsection.12.29.2}% 1039
\BOOKMARK [3][-]{subsubsection.12.29.2.5}{\376\377\0001\0002\000.\0002\0009\000.\0002\000.\0005\000\040\000l\000c\000d\000\137\000i\000n\000i\000t\000\050\000\051}{subsection.12.29.2}% 1040
\BOOKMARK [3][-]{subsubsection.12.29.2.6}{\376\377\0001\0002\000.\0002\0009\000.\0002\000.\0006\000\040\000l\000c\000d\000\137\000s\000e\000t\000\137\000c\000u\000r\000s\000o\000r\000\050\000\051}{subsection.12.29.2}% 1041
\BOOKMARK [3][-]{subsubsection.12.29.2.7}{\376\377\0001\0002\000.\0002\0009\000.\0002\000.\0007\000\040\000l\000c\000d\000\137\000w\000r\000i\000t\000e\000\137\000l\000i\000n\000e\000\050\000\051}{subsection.12.29.2}% 1042
\BOOKMARK [3][-]{subsubsection.12.29.2.8}{\376\377\0001\0002\000.\0002\0009\000.\0002\000.\0008\000\040\000l\000c\000d\000\137\000w\000r\000i\000t\000e\000\137\000s\000t\000r\000i\000n\000g\000\050\000\051}{subsection.12.29.2}% 1043
\BOOKMARK [1][-]{section.12.30}{\376\377\0001\0002\000.\0003\0000\000\040\000l\000c\000d\000.\000h}{chapter.12}% 1044
\BOOKMARK [1][-]{section.12.31}{\376\377\0001\0002\000.\0003\0001\000\040\000l\000c\000d\000\137\000m\000a\000i\000n\000.\000c}{chapter.12}% 1045
\BOOKMARK [1][-]{section.12.32}{\376\377\0001\0002\000.\0003\0002\000\040\000D\000o\000k\000u\000m\000e\000n\000t\000a\000c\000j\000a\000\040\000p\000l\000i\000k\000u\000\040\000C\000o\000r\000e\000/\000A\000p\000p\000/\000l\000c\000d\000\137\000m\000a\000i\000n\000.\000h}{chapter.12}% 1046
\BOOKMARK [2][-]{subsection.12.32.1}{\376\377\0001\0002\000.\0003\0002\000.\0001\000\040\000O\000p\000i\000s\000\040\000s\000z\000c\000z\000e\000g\000\363\001\102\000o\000w\000y}{section.12.32}% 1047
\BOOKMARK [2][-]{subsection.12.32.2}{\376\377\0001\0002\000.\0003\0002\000.\0002\000\040\000D\000o\000k\000u\000m\000e\000n\000t\000a\000c\000j\000a\000\040\000t\000y\000p\000\363\000w\000\040\000w\000y\000l\000i\000c\000z\000a\000n\000y\000c\000h}{section.12.32}% 1048
\BOOKMARK [3][-]{subsubsection.12.32.2.1}{\376\377\0001\0002\000.\0003\0002\000.\0002\000.\0001\000\040\000l\000c\000d\000\137\000m\000a\000i\000n\000\137\000m\000o\000d\000e\000\137\000t}{subsection.12.32.2}% 1049
\BOOKMARK [2][-]{subsection.12.32.3}{\376\377\0001\0002\000.\0003\0002\000.\0003\000\040\000D\000o\000k\000u\000m\000e\000n\000t\000a\000c\000j\000a\000\040\000f\000u\000n\000k\000c\000j\000i}{section.12.32}% 1050
\BOOKMARK [3][-]{subsubsection.12.32.3.1}{\376\377\0001\0002\000.\0003\0002\000.\0003\000.\0001\000\040\000l\000c\000d\000\137\000m\000a\000i\000n\000\137\000c\000r\000e\000a\000t\000e\000\137\000t\000a\000s\000k\000\050\000\051}{subsection.12.32.3}% 1051
\BOOKMARK [3][-]{subsubsection.12.32.3.2}{\376\377\0001\0002\000.\0003\0002\000.\0003\000.\0002\000\040\000l\000c\000d\000\137\000m\000a\000i\000n\000\137\000m\000o\000n\000i\000t\000o\000r\000\137\000s\000c\000r\000o\000l\000l\000\137\000d\000o\000w\000n\000\050\000\051}{subsection.12.32.3}% 1052
\BOOKMARK [3][-]{subsubsection.12.32.3.3}{\376\377\0001\0002\000.\0003\0002\000.\0003\000.\0003\000\040\000l\000c\000d\000\137\000m\000a\000i\000n\000\137\000m\000o\000n\000i\000t\000o\000r\000\137\000s\000c\000r\000o\000l\000l\000\137\000u\000p\000\050\000\051}{subsection.12.32.3}% 1053
\BOOKMARK [3][-]{subsubsection.12.32.3.4}{\376\377\0001\0002\000.\0003\0002\000.\0003\000.\0004\000\040\000l\000c\000d\000\137\000m\000a\000i\000n\000\137\000p\000u\000s\000h\000\137\000m\000e\000s\000s\000a\000g\000e\000\050\000\051}{subsection.12.32.3}% 1054
\BOOKMARK [3][-]{subsubsection.12.32.3.5}{\376\377\0001\0002\000.\0003\0002\000.\0003\000.\0005\000\040\000l\000c\000d\000\137\000m\000a\000i\000n\000\137\000p\000u\000s\000h\000\137\000m\000e\000s\000s\000a\000g\000e\000\137\000f\000r\000o\000m\000\050\000\051}{subsection.12.32.3}% 1055
\BOOKMARK [3][-]{subsubsection.12.32.3.6}{\376\377\0001\0002\000.\0003\0002\000.\0003\000.\0006\000\040\000l\000c\000d\000\137\000m\000a\000i\000n\000\137\000s\000e\000t\000\137\000l\000i\000n\000e\000\050\000\051}{subsection.12.32.3}% 1056
\BOOKMARK [3][-]{subsubsection.12.32.3.7}{\376\377\0001\0002\000.\0003\0002\000.\0003\000.\0007\000\040\000l\000c\000d\000\137\000m\000a\000i\000n\000\137\000s\000e\000t\000\137\000l\000i\000n\000e\000s\000\050\000\051}{subsection.12.32.3}% 1057
\BOOKMARK [3][-]{subsubsection.12.32.3.8}{\376\377\0001\0002\000.\0003\0002\000.\0003\000.\0008\000\040\000l\000c\000d\000\137\000m\000a\000i\000n\000\137\000s\000e\000t\000\137\000m\000o\000d\000e\000\050\000\051}{subsection.12.32.3}% 1058
\BOOKMARK [3][-]{subsubsection.12.32.3.9}{\376\377\0001\0002\000.\0003\0002\000.\0003\000.\0009\000\040\000l\000c\000d\000\137\000m\000a\000i\000n\000\137\000s\000h\000o\000w\000\137\000b\000o\000o\000t\000\137\000h\000e\000l\000l\000o\000\050\000\051}{subsection.12.32.3}% 1059
\BOOKMARK [3][-]{subsubsection.12.32.3.10}{\376\377\0001\0002\000.\0003\0002\000.\0003\000.\0001\0000\000\040\000l\000c\000d\000\137\000m\000a\000i\000n\000\137\000s\000h\000o\000w\000\137\000m\000e\000n\000u\000\050\000\051}{subsection.12.32.3}% 1060
\BOOKMARK [3][-]{subsubsection.12.32.3.11}{\376\377\0001\0002\000.\0003\0002\000.\0003\000.\0001\0001\000\040\000l\000c\000d\000\137\000m\000a\000i\000n\000\137\000s\000h\000o\000w\000\137\000p\000o\000p\000u\000p\000\050\000\051}{subsection.12.32.3}% 1061
\BOOKMARK [1][-]{section.12.33}{\376\377\0001\0002\000.\0003\0003\000\040\000l\000c\000d\000\137\000m\000a\000i\000n\000.\000h}{chapter.12}% 1062
\BOOKMARK [1][-]{section.12.34}{\376\377\0001\0002\000.\0003\0004\000\040\000D\000o\000k\000u\000m\000e\000n\000t\000a\000c\000j\000a\000\040\000p\000l\000i\000k\000u\000\040\000C\000o\000r\000e\000/\000A\000p\000p\000/\000l\000e\000d\000\137\000a\000r\000r\000a\000y\000\137\000l\000i\000b\000/\000l\000e\000d\000\137\000a\000r\000r\000a\000y\000\137\000l\000i\000b\000.\000c}{chapter.12}% 1063
\BOOKMARK [2][-]{subsection.12.34.1}{\376\377\0001\0002\000.\0003\0004\000.\0001\000\040\000O\000p\000i\000s\000\040\000s\000z\000c\000z\000e\000g\000\363\001\102\000o\000w\000y}{section.12.34}% 1064
\BOOKMARK [2][-]{subsection.12.34.2}{\376\377\0001\0002\000.\0003\0004\000.\0002\000\040\000D\000o\000k\000u\000m\000e\000n\000t\000a\000c\000j\000a\000\040\000d\000e\000f\000i\000n\000i\000c\000j\000i}{section.12.34}% 1065
\BOOKMARK [3][-]{subsubsection.12.34.2.1}{\376\377\0001\0002\000.\0003\0004\000.\0002\000.\0001\000\040\000L\000E\000D\000\137\000A\000R\000R\000A\000Y\000\137\000C\000O\000U\000N\000T}{subsection.12.34.2}% 1066
\BOOKMARK [3][-]{subsubsection.12.34.2.2}{\376\377\0001\0002\000.\0003\0004\000.\0002\000.\0002\000\040\000L\000E\000D\000\137\000A\000R\000R\000A\000Y\000\137\000P\000W\000M\000\137\000F\000R\000E\000Q\000\137\000H\000Z}{subsection.12.34.2}% 1067
\BOOKMARK [3][-]{subsubsection.12.34.2.3}{\376\377\0001\0002\000.\0003\0004\000.\0002\000.\0003\000\040\000L\000E\000D\000\137\000A\000R\000R\000A\000Y\000\137\000P\000W\000M\000\137\000S\000T\000E\000P\000S}{subsection.12.34.2}% 1068
\BOOKMARK [3][-]{subsubsection.12.34.2.4}{\376\377\0001\0002\000.\0003\0004\000.\0002\000.\0004\000\040\000L\000E\000D\000\137\000A\000R\000R\000A\000Y\000\137\000R\000A\000I\000N\000B\000O\000W\000\137\000P\000H\000A\000S\000E\000\137\000I\000N\000C}{subsection.12.34.2}% 1069
\BOOKMARK [3][-]{subsubsection.12.34.2.5}{\376\377\0001\0002\000.\0003\0004\000.\0002\000.\0005\000\040\000L\000E\000D\000\137\000A\000R\000R\000A\000Y\000\137\000V\000A\000L\000I\000D\000\137\000M\000A\000S\000K}{subsection.12.34.2}% 1070
\BOOKMARK [2][-]{subsection.12.34.3}{\376\377\0001\0002\000.\0003\0004\000.\0003\000\040\000D\000o\000k\000u\000m\000e\000n\000t\000a\000c\000j\000a\000\040\000f\000u\000n\000k\000c\000j\000i}{section.12.34}% 1071
\BOOKMARK [3][-]{subsubsection.12.34.3.1}{\376\377\0001\0002\000.\0003\0004\000.\0003\000.\0001\000\040\000l\000e\000d\000\137\000a\000r\000r\000a\000y\000\137\000a\000p\000p\000l\000y\000\137\000o\000u\000t\000p\000u\000t\000s\000\050\000\051}{subsection.12.34.3}% 1072
\BOOKMARK [3][-]{subsubsection.12.34.3.2}{\376\377\0001\0002\000.\0003\0004\000.\0003\000.\0002\000\040\000l\000e\000d\000\137\000a\000r\000r\000a\000y\000\137\000c\000l\000a\000m\000p\000\137\000p\000c\000t\000\050\000\051}{subsection.12.34.3}% 1073
\BOOKMARK [3][-]{subsubsection.12.34.3.3}{\376\377\0001\0002\000.\0003\0004\000.\0003\000.\0003\000\040\000l\000e\000d\000\137\000a\000r\000r\000a\000y\000\137\000d\000e\000i\000n\000i\000t\000\050\000\051}{subsection.12.34.3}% 1074
\BOOKMARK [3][-]{subsubsection.12.34.3.4}{\376\377\0001\0002\000.\0003\0004\000.\0003\000.\0004\000\040\000l\000e\000d\000\137\000a\000r\000r\000a\000y\000\137\000e\000f\000f\000e\000c\000t\000\137\000b\000r\000e\000a\000t\000h\000\137\000u\000p\000d\000a\000t\000e\000\050\000\051}{subsection.12.34.3}% 1075
\BOOKMARK [3][-]{subsubsection.12.34.3.5}{\376\377\0001\0002\000.\0003\0004\000.\0003\000.\0005\000\040\000l\000e\000d\000\137\000a\000r\000r\000a\000y\000\137\000e\000f\000f\000e\000c\000t\000\137\000f\000a\000d\000e\000\137\000u\000p\000d\000a\000t\000e\000\050\000\051}{subsection.12.34.3}% 1076
\BOOKMARK [3][-]{subsubsection.12.34.3.6}{\376\377\0001\0002\000.\0003\0004\000.\0003\000.\0006\000\040\000l\000e\000d\000\137\000a\000r\000r\000a\000y\000\137\000e\000f\000f\000e\000c\000t\000\137\000n\000o\000n\000e\000\050\000\051}{subsection.12.34.3}% 1077
\BOOKMARK [3][-]{subsubsection.12.34.3.7}{\376\377\0001\0002\000.\0003\0004\000.\0003\000.\0007\000\040\000l\000e\000d\000\137\000a\000r\000r\000a\000y\000\137\000e\000f\000f\000e\000c\000t\000\137\000r\000a\000i\000n\000b\000o\000w\000\137\000u\000p\000d\000a\000t\000e\000\050\000\051}{subsection.12.34.3}% 1078
\BOOKMARK [3][-]{subsubsection.12.34.3.8}{\376\377\0001\0002\000.\0003\0004\000.\0003\000.\0008\000\040\000l\000e\000d\000\137\000a\000r\000r\000a\000y\000\137\000f\000i\000r\000e\000\137\000f\000a\000d\000e\000\137\000o\000u\000t\000\050\000\051}{subsection.12.34.3}% 1079
\BOOKMARK [3][-]{subsubsection.12.34.3.9}{\376\377\0001\0002\000.\0003\0004\000.\0003\000.\0009\000\040\000l\000e\000d\000\137\000a\000r\000r\000a\000y\000\137\000g\000e\000t\000\137\000e\000f\000f\000e\000c\000t\000\050\000\051}{subsection.12.34.3}% 1080
\BOOKMARK [3][-]{subsubsection.12.34.3.10}{\376\377\0001\0002\000.\0003\0004\000.\0003\000.\0001\0000\000\040\000l\000e\000d\000\137\000a\000r\000r\000a\000y\000\137\000g\000e\000t\000\137\000t\000i\000m\000\137\000c\000l\000o\000c\000k\000\050\000\051}{subsection.12.34.3}% 1081
\BOOKMARK [3][-]{subsubsection.12.34.3.11}{\376\377\0001\0002\000.\0003\0004\000.\0003\000.\0001\0001\000\040\000l\000e\000d\000\137\000a\000r\000r\000a\000y\000\137\000h\000w\000\137\000i\000n\000i\000t\000\050\000\051}{subsection.12.34.3}% 1082
\BOOKMARK [3][-]{subsubsection.12.34.3.12}{\376\377\0001\0002\000.\0003\0004\000.\0003\000.\0001\0002\000\040\000l\000e\000d\000\137\000a\000r\000r\000a\000y\000\137\000i\000n\000i\000t\000\050\000\051}{subsection.12.34.3}% 1083
\BOOKMARK [3][-]{subsubsection.12.34.3.13}{\376\377\0001\0002\000.\0003\0004\000.\0003\000.\0001\0003\000\040\000l\000e\000d\000\137\000a\000r\000r\000a\000y\000\137\000i\000s\000\137\000i\000n\000i\000t\000i\000a\000l\000i\000z\000e\000d\000\050\000\051}{subsection.12.34.3}% 1084
\BOOKMARK [3][-]{subsubsection.12.34.3.14}{\376\377\0001\0002\000.\0003\0004\000.\0003\000.\0001\0004\000\040\000l\000e\000d\000\137\000a\000r\000r\000a\000y\000\137\000m\000a\000s\000k\000\137\000v\000a\000l\000i\000d\000\050\000\051}{subsection.12.34.3}% 1085
\BOOKMARK [3][-]{subsubsection.12.34.3.15}{\376\377\0001\0002\000.\0003\0004\000.\0003\000.\0001\0005\000\040\000l\000e\000d\000\137\000a\000r\000r\000a\000y\000\137\000n\000o\000w\000\137\000m\000s\000\050\000\051}{subsection.12.34.3}% 1086
\BOOKMARK [3][-]{subsubsection.12.34.3.16}{\376\377\0001\0002\000.\0003\0004\000.\0003\000.\0001\0006\000\040\000l\000e\000d\000\137\000a\000r\000r\000a\000y\000\137\000o\000f\000f\000\050\000\051}{subsection.12.34.3}% 1087
\BOOKMARK [3][-]{subsubsection.12.34.3.17}{\376\377\0001\0002\000.\0003\0004\000.\0003\000.\0001\0007\000\040\000l\000e\000d\000\137\000a\000r\000r\000a\000y\000\137\000o\000n\000\050\000\051}{subsection.12.34.3}% 1088
\BOOKMARK [3][-]{subsubsection.12.34.3.18}{\376\377\0001\0002\000.\0003\0004\000.\0003\000.\0001\0008\000\040\000l\000e\000d\000\137\000a\000r\000r\000a\000y\000\137\000p\000r\000o\000c\000e\000s\000s\000\050\000\051}{subsection.12.34.3}% 1089
\BOOKMARK [3][-]{subsubsection.12.34.3.19}{\376\377\0001\0002\000.\0003\0004\000.\0003\000.\0001\0009\000\040\000l\000e\000d\000\137\000a\000r\000r\000a\000y\000\137\000s\000e\000t\000\137\000b\000r\000i\000g\000h\000t\000n\000e\000s\000s\000\050\000\051}{subsection.12.34.3}% 1090
\BOOKMARK [3][-]{subsubsection.12.34.3.20}{\376\377\0001\0002\000.\0003\0004\000.\0003\000.\0002\0000\000\040\000l\000e\000d\000\137\000a\000r\000r\000a\000y\000\137\000s\000e\000t\000\137\000h\000w\000\137\000d\000u\000t\000y\000\050\000\051}{subsection.12.34.3}% 1091
\BOOKMARK [3][-]{subsubsection.12.34.3.21}{\376\377\0001\0002\000.\0003\0004\000.\0003\000.\0002\0001\000\040\000l\000e\000d\000\137\000a\000r\000r\000a\000y\000\137\000s\000t\000a\000r\000t\000\137\000b\000r\000e\000a\000t\000h\000\050\000\051}{subsection.12.34.3}% 1092
\BOOKMARK [3][-]{subsubsection.12.34.3.22}{\376\377\0001\0002\000.\0003\0004\000.\0003\000.\0002\0002\000\040\000l\000e\000d\000\137\000a\000r\000r\000a\000y\000\137\000s\000t\000a\000r\000t\000\137\000r\000a\000i\000n\000b\000o\000w\000\050\000\051}{subsection.12.34.3}% 1093
\BOOKMARK [3][-]{subsubsection.12.34.3.23}{\376\377\0001\0002\000.\0003\0004\000.\0003\000.\0002\0003\000\040\000l\000e\000d\000\137\000a\000r\000r\000a\000y\000\137\000s\000t\000o\000p\000\137\000e\000f\000f\000e\000c\000t\000\050\000\051}{subsection.12.34.3}% 1094
\BOOKMARK [3][-]{subsubsection.12.34.3.24}{\376\377\0001\0002\000.\0003\0004\000.\0003\000.\0002\0004\000\040\000l\000e\000d\000\137\000a\000r\000r\000a\000y\000\137\000t\000i\000c\000k\000\137\000c\000o\000r\000e\000\050\000\051}{subsection.12.34.3}% 1095
\BOOKMARK [3][-]{subsubsection.12.34.3.25}{\376\377\0001\0002\000.\0003\0004\000.\0003\000.\0002\0005\000\040\000l\000e\000d\000\137\000a\000r\000r\000a\000y\000\137\000t\000i\000m\000e\000r\000\137\000b\000a\000s\000e\000\137\000i\000n\000i\000t\000\050\000\051}{subsection.12.34.3}% 1096
\BOOKMARK [3][-]{subsubsection.12.34.3.26}{\376\377\0001\0002\000.\0003\0004\000.\0003\000.\0002\0006\000\040\000l\000e\000d\000\137\000a\000r\000r\000a\000y\000\137\000t\000i\000m\000e\000r\000\137\000d\000e\000i\000n\000i\000t\000\050\000\051}{subsection.12.34.3}% 1097
\BOOKMARK [3][-]{subsubsection.12.34.3.27}{\376\377\0001\0002\000.\0003\0004\000.\0003\000.\0002\0007\000\040\000l\000e\000d\000\137\000a\000r\000r\000a\000y\000\137\000t\000i\000m\000e\000r\000\137\000i\000n\000i\000t\000\050\000\051}{subsection.12.34.3}% 1098
\BOOKMARK [3][-]{subsubsection.12.34.3.28}{\376\377\0001\0002\000.\0003\0004\000.\0003\000.\0002\0008\000\040\000l\000e\000d\000\137\000a\000r\000r\000a\000y\000\137\000t\000i\000m\000e\000r\000\137\000p\000w\000m\000\137\000c\000h\000\137\000i\000n\000i\000t\000\050\000\051}{subsection.12.34.3}% 1099
\BOOKMARK [3][-]{subsubsection.12.34.3.29}{\376\377\0001\0002\000.\0003\0004\000.\0003\000.\0002\0009\000\040\000l\000e\000d\000\137\000a\000r\000r\000a\000y\000\137\000t\000i\000m\000e\000r\000\137\000t\000i\000c\000k\000\050\000\051}{subsection.12.34.3}% 1100
\BOOKMARK [3][-]{subsubsection.12.34.3.30}{\376\377\0001\0002\000.\0003\0004\000.\0003\000.\0003\0000\000\040\000l\000e\000d\000\137\000a\000r\000r\000a\000y\000\137\000t\000r\000i\0008\000\050\000\051}{subsection.12.34.3}% 1101
\BOOKMARK [3][-]{subsubsection.12.34.3.31}{\376\377\0001\0002\000.\0003\0004\000.\0003\000.\0003\0001\000\040\000l\000e\000d\000\137\000a\000r\000r\000a\000y\000\137\000w\000r\000i\000t\000e\000\137\000p\000i\000n\000\050\000\051}{subsection.12.34.3}% 1102
\BOOKMARK [2][-]{subsection.12.34.4}{\376\377\0001\0002\000.\0003\0004\000.\0004\000\040\000D\000o\000k\000u\000m\000e\000n\000t\000a\000c\000j\000a\000\040\000z\000m\000i\000e\000n\000n\000y\000c\000h}{section.12.34}% 1103
\BOOKMARK [3][-]{subsubsection.12.34.4.1}{\376\377\0001\0002\000.\0003\0004\000.\0004\000.\0001\000\040\000s\000\137\000l\000e\000d}{subsection.12.34.4}% 1104
\BOOKMARK [1][-]{section.12.35}{\376\377\0001\0002\000.\0003\0005\000\040\000l\000e\000d\000\137\000a\000r\000r\000a\000y\000\137\000l\000i\000b\000.\000c}{chapter.12}% 1105
\BOOKMARK [1][-]{section.12.36}{\376\377\0001\0002\000.\0003\0006\000\040\000D\000o\000k\000u\000m\000e\000n\000t\000a\000c\000j\000a\000\040\000p\000l\000i\000k\000u\000\040\000C\000o\000r\000e\000/\000A\000p\000p\000/\000l\000e\000d\000\137\000a\000r\000r\000a\000y\000\137\000l\000i\000b\000/\000l\000e\000d\000\137\000a\000r\000r\000a\000y\000\137\000l\000i\000b\000.\000h}{chapter.12}% 1106
\BOOKMARK [2][-]{subsection.12.36.1}{\376\377\0001\0002\000.\0003\0006\000.\0001\000\040\000O\000p\000i\000s\000\040\000s\000z\000c\000z\000e\000g\000\363\001\102\000o\000w\000y}{section.12.36}% 1107
\BOOKMARK [2][-]{subsection.12.36.2}{\376\377\0001\0002\000.\0003\0006\000.\0002\000\040\000D\000o\000k\000u\000m\000e\000n\000t\000a\000c\000j\000a\000\040\000t\000y\000p\000\363\000w\000\040\000w\000y\000l\000i\000c\000z\000a\000n\000y\000c\000h}{section.12.36}% 1108
\BOOKMARK [3][-]{subsubsection.12.36.2.1}{\376\377\0001\0002\000.\0003\0006\000.\0002\000.\0001\000\040\000l\000e\000d\000\137\000a\000r\000r\000a\000y\000\137\000e\000f\000f\000e\000c\000t\000\137\000t}{subsection.12.36.2}% 1109
\BOOKMARK [3][-]{subsubsection.12.36.2.2}{\376\377\0001\0002\000.\0003\0006\000.\0002\000.\0002\000\040\000l\000e\000d\000\137\000a\000r\000r\000a\000y\000\137\000l\000e\000d\000\137\000m\000a\000s\000k\000\137\000t}{subsection.12.36.2}% 1110
\BOOKMARK [3][-]{subsubsection.12.36.2.3}{\376\377\0001\0002\000.\0003\0006\000.\0002\000.\0003\000\040\000l\000e\000d\000\137\000a\000r\000r\000a\000y\000\137\000s\000t\000a\000t\000u\000s\000\137\000t}{subsection.12.36.2}% 1111
\BOOKMARK [2][-]{subsection.12.36.3}{\376\377\0001\0002\000.\0003\0006\000.\0003\000\040\000D\000o\000k\000u\000m\000e\000n\000t\000a\000c\000j\000a\000\040\000f\000u\000n\000k\000c\000j\000i}{section.12.36}% 1112
\BOOKMARK [3][-]{subsubsection.12.36.3.1}{\376\377\0001\0002\000.\0003\0006\000.\0003\000.\0001\000\040\000l\000e\000d\000\137\000a\000r\000r\000a\000y\000\137\000d\000e\000i\000n\000i\000t\000\050\000\051}{subsection.12.36.3}% 1113
\BOOKMARK [3][-]{subsubsection.12.36.3.2}{\376\377\0001\0002\000.\0003\0006\000.\0003\000.\0002\000\040\000l\000e\000d\000\137\000a\000r\000r\000a\000y\000\137\000f\000i\000r\000e\000\137\000f\000a\000d\000e\000\137\000o\000u\000t\000\050\000\051}{subsection.12.36.3}% 1114
\BOOKMARK [3][-]{subsubsection.12.36.3.3}{\376\377\0001\0002\000.\0003\0006\000.\0003\000.\0003\000\040\000l\000e\000d\000\137\000a\000r\000r\000a\000y\000\137\000g\000e\000t\000\137\000e\000f\000f\000e\000c\000t\000\050\000\051}{subsection.12.36.3}% 1115
\BOOKMARK [3][-]{subsubsection.12.36.3.4}{\376\377\0001\0002\000.\0003\0006\000.\0003\000.\0004\000\040\000l\000e\000d\000\137\000a\000r\000r\000a\000y\000\137\000i\000n\000i\000t\000\050\000\051}{subsection.12.36.3}% 1116
\BOOKMARK [3][-]{subsubsection.12.36.3.5}{\376\377\0001\0002\000.\0003\0006\000.\0003\000.\0005\000\040\000l\000e\000d\000\137\000a\000r\000r\000a\000y\000\137\000i\000s\000\137\000i\000n\000i\000t\000i\000a\000l\000i\000z\000e\000d\000\050\000\051}{subsection.12.36.3}% 1117
\BOOKMARK [3][-]{subsubsection.12.36.3.6}{\376\377\0001\0002\000.\0003\0006\000.\0003\000.\0006\000\040\000l\000e\000d\000\137\000a\000r\000r\000a\000y\000\137\000o\000f\000f\000\050\000\051}{subsection.12.36.3}% 1118
\BOOKMARK [3][-]{subsubsection.12.36.3.7}{\376\377\0001\0002\000.\0003\0006\000.\0003\000.\0007\000\040\000l\000e\000d\000\137\000a\000r\000r\000a\000y\000\137\000o\000n\000\050\000\051}{subsection.12.36.3}% 1119
\BOOKMARK [3][-]{subsubsection.12.36.3.8}{\376\377\0001\0002\000.\0003\0006\000.\0003\000.\0008\000\040\000l\000e\000d\000\137\000a\000r\000r\000a\000y\000\137\000p\000r\000o\000c\000e\000s\000s\000\050\000\051}{subsection.12.36.3}% 1120
\BOOKMARK [3][-]{subsubsection.12.36.3.9}{\376\377\0001\0002\000.\0003\0006\000.\0003\000.\0009\000\040\000l\000e\000d\000\137\000a\000r\000r\000a\000y\000\137\000s\000e\000t\000\137\000b\000r\000i\000g\000h\000t\000n\000e\000s\000s\000\050\000\051}{subsection.12.36.3}% 1121
\BOOKMARK [3][-]{subsubsection.12.36.3.10}{\376\377\0001\0002\000.\0003\0006\000.\0003\000.\0001\0000\000\040\000l\000e\000d\000\137\000a\000r\000r\000a\000y\000\137\000s\000t\000a\000r\000t\000\137\000b\000r\000e\000a\000t\000h\000\050\000\051}{subsection.12.36.3}% 1122
\BOOKMARK [3][-]{subsubsection.12.36.3.11}{\376\377\0001\0002\000.\0003\0006\000.\0003\000.\0001\0001\000\040\000l\000e\000d\000\137\000a\000r\000r\000a\000y\000\137\000s\000t\000a\000r\000t\000\137\000r\000a\000i\000n\000b\000o\000w\000\050\000\051}{subsection.12.36.3}% 1123
\BOOKMARK [3][-]{subsubsection.12.36.3.12}{\376\377\0001\0002\000.\0003\0006\000.\0003\000.\0001\0002\000\040\000l\000e\000d\000\137\000a\000r\000r\000a\000y\000\137\000s\000t\000o\000p\000\137\000e\000f\000f\000e\000c\000t\000\050\000\051}{subsection.12.36.3}% 1124
\BOOKMARK [3][-]{subsubsection.12.36.3.13}{\376\377\0001\0002\000.\0003\0006\000.\0003\000.\0001\0003\000\040\000l\000e\000d\000\137\000a\000r\000r\000a\000y\000\137\000t\000i\000m\000e\000r\000\137\000d\000e\000i\000n\000i\000t\000\050\000\051}{subsection.12.36.3}% 1125
\BOOKMARK [3][-]{subsubsection.12.36.3.14}{\376\377\0001\0002\000.\0003\0006\000.\0003\000.\0001\0004\000\040\000l\000e\000d\000\137\000a\000r\000r\000a\000y\000\137\000t\000i\000m\000e\000r\000\137\000i\000n\000i\000t\000\050\000\051}{subsection.12.36.3}% 1126
\BOOKMARK [3][-]{subsubsection.12.36.3.15}{\376\377\0001\0002\000.\0003\0006\000.\0003\000.\0001\0005\000\040\000l\000e\000d\000\137\000a\000r\000r\000a\000y\000\137\000t\000i\000m\000e\000r\000\137\000t\000i\000c\000k\000\050\000\051}{subsection.12.36.3}% 1127
\BOOKMARK [1][-]{section.12.37}{\376\377\0001\0002\000.\0003\0007\000\040\000l\000e\000d\000\137\000a\000r\000r\000a\000y\000\137\000l\000i\000b\000.\000h}{chapter.12}% 1128
\BOOKMARK [1][-]{section.12.38}{\376\377\0001\0002\000.\0003\0008\000\040\000D\000o\000k\000u\000m\000e\000n\000t\000a\000c\000j\000a\000\040\000p\000l\000i\000k\000u\000\040\000C\000o\000r\000e\000/\000A\000p\000p\000/\000l\000e\000d\000\137\000a\000r\000r\000a\000y\000\137\000l\000i\000b\000/\000l\000e\000d\000\137\000a\000r\000r\000a\000y\000\137\000l\000i\000b\000\137\000c\000o\000n\000f\000i\000g\000.\000h}{chapter.12}% 1129
\BOOKMARK [2][-]{subsection.12.38.1}{\376\377\0001\0002\000.\0003\0008\000.\0001\000\040\000O\000p\000i\000s\000\040\000s\000z\000c\000z\000e\000g\000\363\001\102\000o\000w\000y}{section.12.38}% 1130
\BOOKMARK [2][-]{subsection.12.38.2}{\376\377\0001\0002\000.\0003\0008\000.\0002\000\040\000D\000o\000k\000u\000m\000e\000n\000t\000a\000c\000j\000a\000\040\000d\000e\000f\000i\000n\000i\000c\000j\000i}{section.12.38}% 1131
\BOOKMARK [3][-]{subsubsection.12.38.2.1}{\376\377\0001\0002\000.\0003\0008\000.\0002\000.\0001\000\040\000L\000E\000D\000\137\000A\000R\000R\000A\000Y\000\137\000L\000I\000B\000\137\000D\000E\000F\000A\000U\000L\000T\000\137\000T\000I\000C\000K\000\137\000M\000S}{subsection.12.38.2}% 1132
\BOOKMARK [3][-]{subsubsection.12.38.2.2}{\376\377\0001\0002\000.\0003\0008\000.\0002\000.\0002\000\040\000L\000E\000D\000\137\000A\000R\000R\000A\000Y\000\137\000L\000I\000B\000\137\000O\000W\000N\000S\000\137\000H\000A\000L\000\137\000S\000Y\000S\000T\000I\000C\000K\000\137\000C\000A\000L\000L\000B\000A\000C\000K}{subsection.12.38.2}% 1133
\BOOKMARK [1][-]{section.12.39}{\376\377\0001\0002\000.\0003\0009\000\040\000l\000e\000d\000\137\000a\000r\000r\000a\000y\000\137\000l\000i\000b\000\137\000c\000o\000n\000f\000i\000g\000.\000h}{chapter.12}% 1134
\BOOKMARK [1][-]{section.12.40}{\376\377\0001\0002\000.\0004\0000\000\040\000l\000e\000d\000\137\000a\000r\000r\000a\000y\000\137\000m\000a\000i\000n\000.\000c}{chapter.12}% 1135
\BOOKMARK [1][-]{section.12.41}{\376\377\0001\0002\000.\0004\0001\000\040\000D\000o\000k\000u\000m\000e\000n\000t\000a\000c\000j\000a\000\040\000p\000l\000i\000k\000u\000\040\000C\000o\000r\000e\000/\000A\000p\000p\000/\000l\000e\000d\000\137\000a\000r\000r\000a\000y\000\137\000m\000a\000i\000n\000.\000h}{chapter.12}% 1136
\BOOKMARK [2][-]{subsection.12.41.1}{\376\377\0001\0002\000.\0004\0001\000.\0001\000\040\000O\000p\000i\000s\000\040\000s\000z\000c\000z\000e\000g\000\363\001\102\000o\000w\000y}{section.12.41}% 1137
\BOOKMARK [2][-]{subsection.12.41.2}{\376\377\0001\0002\000.\0004\0001\000.\0002\000\040\000D\000o\000k\000u\000m\000e\000n\000t\000a\000c\000j\000a\000\040\000f\000u\000n\000k\000c\000j\000i}{section.12.41}% 1138
\BOOKMARK [3][-]{subsubsection.12.41.2.1}{\376\377\0001\0002\000.\0004\0001\000.\0002\000.\0001\000\040\000l\000e\000d\000\137\000a\000r\000r\000a\000y\000\137\000m\000a\000i\000n\000\137\000c\000r\000e\000a\000t\000e\000\137\000t\000a\000s\000k\000\050\000\051}{subsection.12.41.2}% 1139
\BOOKMARK [1][-]{section.12.42}{\376\377\0001\0002\000.\0004\0002\000\040\000l\000e\000d\000\137\000a\000r\000r\000a\000y\000\137\000m\000a\000i\000n\000.\000h}{chapter.12}% 1140
\BOOKMARK [1][-]{section.12.43}{\376\377\0001\0002\000.\0004\0003\000\040\000m\000e\000n\000u\000\137\000m\000a\000i\000n\000.\000c}{chapter.12}% 1141
\BOOKMARK [1][-]{section.12.44}{\376\377\0001\0002\000.\0004\0004\000\040\000D\000o\000k\000u\000m\000e\000n\000t\000a\000c\000j\000a\000\040\000p\000l\000i\000k\000u\000\040\000C\000o\000r\000e\000/\000A\000p\000p\000/\000m\000e\000n\000u\000\137\000m\000a\000i\000n\000.\000h}{chapter.12}% 1142
\BOOKMARK [2][-]{subsection.12.44.1}{\376\377\0001\0002\000.\0004\0004\000.\0001\000\040\000O\000p\000i\000s\000\040\000s\000z\000c\000z\000e\000g\000\363\001\102\000o\000w\000y}{section.12.44}% 1143
\BOOKMARK [2][-]{subsection.12.44.2}{\376\377\0001\0002\000.\0004\0004\000.\0002\000\040\000D\000o\000k\000u\000m\000e\000n\000t\000a\000c\000j\000a\000\040\000t\000y\000p\000\363\000w\000\040\000w\000y\000l\000i\000c\000z\000a\000n\000y\000c\000h}{section.12.44}% 1144
\BOOKMARK [3][-]{subsubsection.12.44.2.1}{\376\377\0001\0002\000.\0004\0004\000.\0002\000.\0001\000\040\000m\000e\000n\000u\000\137\000n\000o\000t\000i\000f\000i\000c\000a\000t\000i\000o\000n\000\137\000t\000y\000p\000e\000\137\000t}{subsection.12.44.2}% 1145
\BOOKMARK [2][-]{subsection.12.44.3}{\376\377\0001\0002\000.\0004\0004\000.\0003\000\040\000D\000o\000k\000u\000m\000e\000n\000t\000a\000c\000j\000a\000\040\000f\000u\000n\000k\000c\000j\000i}{section.12.44}% 1146
\BOOKMARK [3][-]{subsubsection.12.44.3.1}{\376\377\0001\0002\000.\0004\0004\000.\0003\000.\0001\000\040\000m\000e\000n\000u\000\137\000m\000a\000i\000n\000\137\000c\000r\000e\000a\000t\000e\000\137\000t\000a\000s\000k\000\050\000\051}{subsection.12.44.3}% 1147
\BOOKMARK [3][-]{subsubsection.12.44.3.2}{\376\377\0001\0002\000.\0004\0004\000.\0003\000.\0002\000\040\000m\000e\000n\000u\000\137\000m\000a\000i\000n\000\137\000p\000o\000s\000t\000\137\000n\000o\000t\000i\000f\000i\000c\000a\000t\000i\000o\000n\000\050\000\051}{subsection.12.44.3}% 1148
\BOOKMARK [1][-]{section.12.45}{\376\377\0001\0002\000.\0004\0005\000\040\000m\000e\000n\000u\000\137\000m\000a\000i\000n\000.\000h}{chapter.12}% 1149
\BOOKMARK [1][-]{section.12.46}{\376\377\0001\0002\000.\0004\0006\000\040\000D\000o\000k\000u\000m\000e\000n\000t\000a\000c\000j\000a\000\040\000p\000l\000i\000k\000u\000\040\000C\000o\000r\000e\000/\000A\000p\000p\000/\000p\000a\000g\000e\000r\000\137\000c\000o\000n\000f\000i\000g\000.\000h}{chapter.12}% 1150
\BOOKMARK [2][-]{subsection.12.46.1}{\376\377\0001\0002\000.\0004\0006\000.\0001\000\040\000O\000p\000i\000s\000\040\000s\000z\000c\000z\000e\000g\000\363\001\102\000o\000w\000y}{section.12.46}% 1151
\BOOKMARK [2][-]{subsection.12.46.2}{\376\377\0001\0002\000.\0004\0006\000.\0002\000\040\000D\000o\000k\000u\000m\000e\000n\000t\000a\000c\000j\000a\000\040\000d\000e\000f\000i\000n\000i\000c\000j\000i}{section.12.46}% 1152
\BOOKMARK [3][-]{subsubsection.12.46.2.1}{\376\377\0001\0002\000.\0004\0006\000.\0002\000.\0001\000\040\000P\000A\000G\000E\000R\000\137\000C\000O\000N\000F\000I\000G\000\137\000B\000M\000P\0002\0008\0000\000\137\000M\000O\000U\000N\000T\000E\000D}{subsection.12.46.2}% 1153
\BOOKMARK [3][-]{subsubsection.12.46.2.2}{\376\377\0001\0002\000.\0004\0006\000.\0002\000.\0002\000\040\000P\000A\000G\000E\000R\000\137\000C\000O\000N\000F\000I\000G\000\137\000U\000A\000R\000T\000\137\000S\000E\000N\000S\000I\000T\000I\000V\000E\000\137\000L\000O\000G\000S}{subsection.12.46.2}% 1154
\BOOKMARK [3][-]{subsubsection.12.46.2.3}{\376\377\0001\0002\000.\0004\0006\000.\0002\000.\0003\000\040\000S\000E\000R\000V\000I\000C\000E\000\137\000U\000A\000R\000T}{subsection.12.46.2}% 1155
\BOOKMARK [1][-]{section.12.47}{\376\377\0001\0002\000.\0004\0007\000\040\000p\000a\000g\000e\000r\000\137\000c\000o\000n\000f\000i\000g\000.\000h}{chapter.12}% 1156
\BOOKMARK [1][-]{section.12.48}{\376\377\0001\0002\000.\0004\0008\000\040\000D\000o\000k\000u\000m\000e\000n\000t\000a\000c\000j\000a\000\040\000p\000l\000i\000k\000u\000\040\000C\000o\000r\000e\000/\000A\000p\000p\000/\000r\000a\000d\000i\000o\000\137\000l\000i\000b\000/\000c\000o\000m\000m\000o\000n\000/\000s\000x\0001\0002\0007\0006\000/\000r\000a\000d\000i\000o\000\137\000s\000x\0001\0002\0007\0006\000.\000c}{chapter.12}% 1157
\BOOKMARK [2][-]{subsection.12.48.1}{\376\377\0001\0002\000.\0004\0008\000.\0001\000\040\000O\000p\000i\000s\000\040\000s\000z\000c\000z\000e\000g\000\363\001\102\000o\000w\000y}{section.12.48}% 1158
\BOOKMARK [2][-]{subsection.12.48.2}{\376\377\0001\0002\000.\0004\0008\000.\0002\000\040\000D\000o\000k\000u\000m\000e\000n\000t\000a\000c\000j\000a\000\040\000f\000u\000n\000k\000c\000j\000i}{section.12.48}% 1159
\BOOKMARK [3][-]{subsubsection.12.48.2.1}{\376\377\0001\0002\000.\0004\0008\000.\0002\000.\0001\000\040\000s\000x\0001\0002\0007\0006\000\137\000c\000l\000e\000a\000r\000\137\000i\000r\000q\000\137\000f\000l\000a\000g\000s\000\050\000\051}{subsection.12.48.2}% 1160
\BOOKMARK [3][-]{subsubsection.12.48.2.2}{\376\377\0001\0002\000.\0004\0008\000.\0002\000.\0002\000\040\000s\000x\0001\0002\0007\0006\000\137\000d\000e\000s\000e\000l\000e\000c\000t\000\050\000\051}{subsection.12.48.2}% 1161
\BOOKMARK [3][-]{subsubsection.12.48.2.3}{\376\377\0001\0002\000.\0004\0008\000.\0002\000.\0003\000\040\000s\000x\0001\0002\0007\0006\000\137\000g\000e\000t\000\137\000i\000r\000q\000\137\000f\000l\000a\000g\000s\000\050\000\051}{subsection.12.48.2}% 1162
\BOOKMARK [3][-]{subsubsection.12.48.2.4}{\376\377\0001\0002\000.\0004\0008\000.\0002\000.\0004\000\040\000s\000x\0001\0002\0007\0006\000\137\000g\000e\000t\000\137\000p\000a\000c\000k\000e\000t\000\137\000r\000s\000s\000i\000\137\000r\000a\000w\000\050\000\051}{subsection.12.48.2}% 1163
\BOOKMARK [3][-]{subsubsection.12.48.2.5}{\376\377\0001\0002\000.\0004\0008\000.\0002\000.\0005\000\040\000s\000x\0001\0002\0007\0006\000\137\000g\000e\000t\000\137\000p\000a\000c\000k\000e\000t\000\137\000s\000n\000r\000\137\000r\000a\000w\000\050\000\051}{subsection.12.48.2}% 1164
\BOOKMARK [3][-]{subsubsection.12.48.2.6}{\376\377\0001\0002\000.\0004\0008\000.\0002\000.\0006\000\040\000s\000x\0001\0002\0007\0006\000\137\000g\000e\000t\000\137\000r\000x\000\137\000c\000u\000r\000r\000e\000n\000t\000\137\000a\000d\000d\000r\000\050\000\051}{subsection.12.48.2}% 1165
\BOOKMARK [3][-]{subsubsection.12.48.2.7}{\376\377\0001\0002\000.\0004\0008\000.\0002\000.\0007\000\040\000s\000x\0001\0002\0007\0006\000\137\000g\000e\000t\000\137\000r\000x\000\137\000n\000b\000\137\000b\000y\000t\000e\000s\000\050\000\051}{subsection.12.48.2}% 1166
\BOOKMARK [3][-]{subsubsection.12.48.2.8}{\376\377\0001\0002\000.\0004\0008\000.\0002\000.\0008\000\040\000s\000x\0001\0002\0007\0006\000\137\000g\000e\000t\000\137\000v\000e\000r\000s\000i\000o\000n\000\050\000\051}{subsection.12.48.2}% 1167
\BOOKMARK [3][-]{subsubsection.12.48.2.9}{\376\377\0001\0002\000.\0004\0008\000.\0002\000.\0009\000\040\000s\000x\0001\0002\0007\0006\000\137\000m\000a\000p\000\137\000d\000i\000o\000\050\000\051}{subsection.12.48.2}% 1168
\BOOKMARK [3][-]{subsubsection.12.48.2.10}{\376\377\0001\0002\000.\0004\0008\000.\0002\000.\0001\0000\000\040\000s\000x\0001\0002\0007\0006\000\137\000r\000e\000a\000d\000\137\000b\000u\000r\000s\000t\000\050\000\051}{subsection.12.48.2}% 1169
\BOOKMARK [3][-]{subsubsection.12.48.2.11}{\376\377\0001\0002\000.\0004\0008\000.\0002\000.\0001\0001\000\040\000s\000x\0001\0002\0007\0006\000\137\000r\000e\000a\000d\000\137\000f\000i\000f\000o\000\050\000\051}{subsection.12.48.2}% 1170
\BOOKMARK [3][-]{subsubsection.12.48.2.12}{\376\377\0001\0002\000.\0004\0008\000.\0002\000.\0001\0002\000\040\000s\000x\0001\0002\0007\0006\000\137\000r\000e\000a\000d\000\137\000r\000e\000g\000\050\000\051}{subsection.12.48.2}% 1171
\BOOKMARK [3][-]{subsubsection.12.48.2.13}{\376\377\0001\0002\000.\0004\0008\000.\0002\000.\0001\0003\000\040\000s\000x\0001\0002\0007\0006\000\137\000s\000e\000l\000e\000c\000t\000\050\000\051}{subsection.12.48.2}% 1172
\BOOKMARK [3][-]{subsubsection.12.48.2.14}{\376\377\0001\0002\000.\0004\0008\000.\0002\000.\0001\0004\000\040\000s\000x\0001\0002\0007\0006\000\137\000s\000e\000t\000\137\000f\000i\000f\000o\000\137\000a\000d\000d\000r\000\137\000p\000t\000r\000\050\000\051}{subsection.12.48.2}% 1173
\BOOKMARK [3][-]{subsubsection.12.48.2.15}{\376\377\0001\0002\000.\0004\0008\000.\0002\000.\0001\0005\000\040\000s\000x\0001\0002\0007\0006\000\137\000s\000e\000t\000\137\000f\000i\000f\000o\000\137\000b\000a\000s\000e\000\137\000a\000d\000d\000r\000s\000\050\000\051}{subsection.12.48.2}% 1174
\BOOKMARK [3][-]{subsubsection.12.48.2.16}{\376\377\0001\0002\000.\0004\0008\000.\0002\000.\0001\0006\000\040\000s\000x\0001\0002\0007\0006\000\137\000s\000e\000t\000\137\000f\000r\000e\000q\000u\000e\000n\000c\000y\000\050\000\051}{subsection.12.48.2}% 1175
\BOOKMARK [3][-]{subsubsection.12.48.2.17}{\376\377\0001\0002\000.\0004\0008\000.\0002\000.\0001\0007\000\040\000s\000x\0001\0002\0007\0006\000\137\000s\000e\000t\000\137\000i\000n\000v\000e\000r\000t\000\137\000i\000q\000\050\000\051}{subsection.12.48.2}% 1176
\BOOKMARK [3][-]{subsubsection.12.48.2.18}{\376\377\0001\0002\000.\0004\0008\000.\0002\000.\0001\0008\000\040\000s\000x\0001\0002\0007\0006\000\137\000s\000e\000t\000\137\000l\000o\000r\000a\000\137\000m\000o\000d\000e\000m\000\050\000\051}{subsection.12.48.2}% 1177
\BOOKMARK [3][-]{subsubsection.12.48.2.19}{\376\377\0001\0002\000.\0004\0008\000.\0002\000.\0001\0009\000\040\000s\000x\0001\0002\0007\0006\000\137\000s\000e\000t\000\137\000o\000p\000\137\000m\000o\000d\000e\000\050\000\051}{subsection.12.48.2}% 1178
\BOOKMARK [3][-]{subsubsection.12.48.2.20}{\376\377\0001\0002\000.\0004\0008\000.\0002\000.\0002\0000\000\040\000s\000x\0001\0002\0007\0006\000\137\000s\000e\000t\000\137\000p\000a\000\137\000o\000u\000t\000p\000u\000t\000\137\000p\000o\000w\000e\000r\000\050\000\051}{subsection.12.48.2}% 1179
\BOOKMARK [3][-]{subsubsection.12.48.2.21}{\376\377\0001\0002\000.\0004\0008\000.\0002\000.\0002\0001\000\040\000s\000x\0001\0002\0007\0006\000\137\000s\000e\000t\000\137\000p\000a\000y\000l\000o\000a\000d\000\137\000l\000e\000n\000g\000t\000h\000\050\000\051}{subsection.12.48.2}% 1180
\BOOKMARK [3][-]{subsubsection.12.48.2.22}{\376\377\0001\0002\000.\0004\0008\000.\0002\000.\0002\0002\000\040\000s\000x\0001\0002\0007\0006\000\137\000s\000e\000t\000\137\000p\000r\000e\000a\000m\000b\000l\000e\000\050\000\051}{subsection.12.48.2}% 1181
\BOOKMARK [3][-]{subsubsection.12.48.2.23}{\376\377\0001\0002\000.\0004\0008\000.\0002\000.\0002\0003\000\040\000s\000x\0001\0002\0007\0006\000\137\000s\000e\000t\000\137\000s\000y\000m\000b\000o\000l\000\137\000t\000i\000m\000e\000o\000u\000t\000\050\000\051}{subsection.12.48.2}% 1182
\BOOKMARK [3][-]{subsubsection.12.48.2.24}{\376\377\0001\0002\000.\0004\0008\000.\0002\000.\0002\0004\000\040\000s\000x\0001\0002\0007\0006\000\137\000s\000e\000t\000\137\000s\000y\000n\000c\000\137\000w\000o\000r\000d\000\050\000\051}{subsection.12.48.2}% 1183
\BOOKMARK [3][-]{subsubsection.12.48.2.25}{\376\377\0001\0002\000.\0004\0008\000.\0002\000.\0002\0005\000\040\000s\000x\0001\0002\0007\0006\000\137\000w\000r\000i\000t\000e\000\137\000b\000u\000r\000s\000t\000\050\000\051}{subsection.12.48.2}% 1184
\BOOKMARK [3][-]{subsubsection.12.48.2.26}{\376\377\0001\0002\000.\0004\0008\000.\0002\000.\0002\0006\000\040\000s\000x\0001\0002\0007\0006\000\137\000w\000r\000i\000t\000e\000\137\000f\000i\000f\000o\000\050\000\051}{subsection.12.48.2}% 1185
\BOOKMARK [3][-]{subsubsection.12.48.2.27}{\376\377\0001\0002\000.\0004\0008\000.\0002\000.\0002\0007\000\040\000s\000x\0001\0002\0007\0006\000\137\000w\000r\000i\000t\000e\000\137\000r\000e\000g\000\050\000\051}{subsection.12.48.2}% 1186
\BOOKMARK [1][-]{section.12.49}{\376\377\0001\0002\000.\0004\0009\000\040\000r\000a\000d\000i\000o\000\137\000s\000x\0001\0002\0007\0006\000.\000c}{chapter.12}% 1187
\BOOKMARK [1][-]{section.12.50}{\376\377\0001\0002\000.\0005\0000\000\040\000D\000o\000k\000u\000m\000e\000n\000t\000a\000c\000j\000a\000\040\000p\000l\000i\000k\000u\000\040\000C\000o\000r\000e\000/\000A\000p\000p\000/\000r\000a\000d\000i\000o\000\137\000l\000i\000b\000/\000c\000o\000m\000m\000o\000n\000/\000s\000x\0001\0002\0007\0006\000/\000r\000a\000d\000i\000o\000\137\000s\000x\0001\0002\0007\0006\000.\000h}{chapter.12}% 1188
\BOOKMARK [2][-]{subsection.12.50.1}{\376\377\0001\0002\000.\0005\0000\000.\0001\000\040\000O\000p\000i\000s\000\040\000s\000z\000c\000z\000e\000g\000\363\001\102\000o\000w\000y}{section.12.50}% 1189
\BOOKMARK [2][-]{subsection.12.50.2}{\376\377\0001\0002\000.\0005\0000\000.\0002\000\040\000D\000o\000k\000u\000m\000e\000n\000t\000a\000c\000j\000a\000\040\000f\000u\000n\000k\000c\000j\000i}{section.12.50}% 1190
\BOOKMARK [3][-]{subsubsection.12.50.2.1}{\376\377\0001\0002\000.\0005\0000\000.\0002\000.\0001\000\040\000s\000x\0001\0002\0007\0006\000\137\000c\000l\000e\000a\000r\000\137\000i\000r\000q\000\137\000f\000l\000a\000g\000s\000\050\000\051}{subsection.12.50.2}% 1191
\BOOKMARK [3][-]{subsubsection.12.50.2.2}{\376\377\0001\0002\000.\0005\0000\000.\0002\000.\0002\000\040\000s\000x\0001\0002\0007\0006\000\137\000g\000e\000t\000\137\000i\000r\000q\000\137\000f\000l\000a\000g\000s\000\050\000\051}{subsection.12.50.2}% 1192
\BOOKMARK [3][-]{subsubsection.12.50.2.3}{\376\377\0001\0002\000.\0005\0000\000.\0002\000.\0003\000\040\000s\000x\0001\0002\0007\0006\000\137\000g\000e\000t\000\137\000p\000a\000c\000k\000e\000t\000\137\000r\000s\000s\000i\000\137\000r\000a\000w\000\050\000\051}{subsection.12.50.2}% 1193
\BOOKMARK [3][-]{subsubsection.12.50.2.4}{\376\377\0001\0002\000.\0005\0000\000.\0002\000.\0004\000\040\000s\000x\0001\0002\0007\0006\000\137\000g\000e\000t\000\137\000p\000a\000c\000k\000e\000t\000\137\000s\000n\000r\000\137\000r\000a\000w\000\050\000\051}{subsection.12.50.2}% 1194
\BOOKMARK [3][-]{subsubsection.12.50.2.5}{\376\377\0001\0002\000.\0005\0000\000.\0002\000.\0005\000\040\000s\000x\0001\0002\0007\0006\000\137\000g\000e\000t\000\137\000r\000x\000\137\000c\000u\000r\000r\000e\000n\000t\000\137\000a\000d\000d\000r\000\050\000\051}{subsection.12.50.2}% 1195
\BOOKMARK [3][-]{subsubsection.12.50.2.6}{\376\377\0001\0002\000.\0005\0000\000.\0002\000.\0006\000\040\000s\000x\0001\0002\0007\0006\000\137\000g\000e\000t\000\137\000r\000x\000\137\000n\000b\000\137\000b\000y\000t\000e\000s\000\050\000\051}{subsection.12.50.2}% 1196
\BOOKMARK [3][-]{subsubsection.12.50.2.7}{\376\377\0001\0002\000.\0005\0000\000.\0002\000.\0007\000\040\000s\000x\0001\0002\0007\0006\000\137\000g\000e\000t\000\137\000v\000e\000r\000s\000i\000o\000n\000\050\000\051}{subsection.12.50.2}% 1197
\BOOKMARK [3][-]{subsubsection.12.50.2.8}{\376\377\0001\0002\000.\0005\0000\000.\0002\000.\0008\000\040\000s\000x\0001\0002\0007\0006\000\137\000m\000a\000p\000\137\000d\000i\000o\000\050\000\051}{subsection.12.50.2}% 1198
\BOOKMARK [3][-]{subsubsection.12.50.2.9}{\376\377\0001\0002\000.\0005\0000\000.\0002\000.\0009\000\040\000s\000x\0001\0002\0007\0006\000\137\000r\000e\000a\000d\000\137\000b\000u\000r\000s\000t\000\050\000\051}{subsection.12.50.2}% 1199
\BOOKMARK [3][-]{subsubsection.12.50.2.10}{\376\377\0001\0002\000.\0005\0000\000.\0002\000.\0001\0000\000\040\000s\000x\0001\0002\0007\0006\000\137\000r\000e\000a\000d\000\137\000f\000i\000f\000o\000\050\000\051}{subsection.12.50.2}% 1200
\BOOKMARK [3][-]{subsubsection.12.50.2.11}{\376\377\0001\0002\000.\0005\0000\000.\0002\000.\0001\0001\000\040\000s\000x\0001\0002\0007\0006\000\137\000r\000e\000a\000d\000\137\000r\000e\000g\000\050\000\051}{subsection.12.50.2}% 1201
\BOOKMARK [3][-]{subsubsection.12.50.2.12}{\376\377\0001\0002\000.\0005\0000\000.\0002\000.\0001\0002\000\040\000s\000x\0001\0002\0007\0006\000\137\000s\000e\000t\000\137\000f\000i\000f\000o\000\137\000a\000d\000d\000r\000\137\000p\000t\000r\000\050\000\051}{subsection.12.50.2}% 1202
\BOOKMARK [3][-]{subsubsection.12.50.2.13}{\376\377\0001\0002\000.\0005\0000\000.\0002\000.\0001\0003\000\040\000s\000x\0001\0002\0007\0006\000\137\000s\000e\000t\000\137\000f\000i\000f\000o\000\137\000b\000a\000s\000e\000\137\000a\000d\000d\000r\000s\000\050\000\051}{subsection.12.50.2}% 1203
\BOOKMARK [3][-]{subsubsection.12.50.2.14}{\376\377\0001\0002\000.\0005\0000\000.\0002\000.\0001\0004\000\040\000s\000x\0001\0002\0007\0006\000\137\000s\000e\000t\000\137\000f\000r\000e\000q\000u\000e\000n\000c\000y\000\050\000\051}{subsection.12.50.2}% 1204
\BOOKMARK [3][-]{subsubsection.12.50.2.15}{\376\377\0001\0002\000.\0005\0000\000.\0002\000.\0001\0005\000\040\000s\000x\0001\0002\0007\0006\000\137\000s\000e\000t\000\137\000i\000n\000v\000e\000r\000t\000\137\000i\000q\000\050\000\051}{subsection.12.50.2}% 1205
\BOOKMARK [3][-]{subsubsection.12.50.2.16}{\376\377\0001\0002\000.\0005\0000\000.\0002\000.\0001\0006\000\040\000s\000x\0001\0002\0007\0006\000\137\000s\000e\000t\000\137\000l\000o\000r\000a\000\137\000m\000o\000d\000e\000m\000\050\000\051}{subsection.12.50.2}% 1206
\BOOKMARK [3][-]{subsubsection.12.50.2.17}{\376\377\0001\0002\000.\0005\0000\000.\0002\000.\0001\0007\000\040\000s\000x\0001\0002\0007\0006\000\137\000s\000e\000t\000\137\000o\000p\000\137\000m\000o\000d\000e\000\050\000\051}{subsection.12.50.2}% 1207
\BOOKMARK [3][-]{subsubsection.12.50.2.18}{\376\377\0001\0002\000.\0005\0000\000.\0002\000.\0001\0008\000\040\000s\000x\0001\0002\0007\0006\000\137\000s\000e\000t\000\137\000p\000a\000\137\000o\000u\000t\000p\000u\000t\000\137\000p\000o\000w\000e\000r\000\050\000\051}{subsection.12.50.2}% 1208
\BOOKMARK [3][-]{subsubsection.12.50.2.19}{\376\377\0001\0002\000.\0005\0000\000.\0002\000.\0001\0009\000\040\000s\000x\0001\0002\0007\0006\000\137\000s\000e\000t\000\137\000p\000a\000y\000l\000o\000a\000d\000\137\000l\000e\000n\000g\000t\000h\000\050\000\051}{subsection.12.50.2}% 1209
\BOOKMARK [3][-]{subsubsection.12.50.2.20}{\376\377\0001\0002\000.\0005\0000\000.\0002\000.\0002\0000\000\040\000s\000x\0001\0002\0007\0006\000\137\000s\000e\000t\000\137\000p\000r\000e\000a\000m\000b\000l\000e\000\050\000\051}{subsection.12.50.2}% 1210
\BOOKMARK [3][-]{subsubsection.12.50.2.21}{\376\377\0001\0002\000.\0005\0000\000.\0002\000.\0002\0001\000\040\000s\000x\0001\0002\0007\0006\000\137\000s\000e\000t\000\137\000s\000y\000m\000b\000o\000l\000\137\000t\000i\000m\000e\000o\000u\000t\000\050\000\051}{subsection.12.50.2}% 1211
\BOOKMARK [3][-]{subsubsection.12.50.2.22}{\376\377\0001\0002\000.\0005\0000\000.\0002\000.\0002\0002\000\040\000s\000x\0001\0002\0007\0006\000\137\000s\000e\000t\000\137\000s\000y\000n\000c\000\137\000w\000o\000r\000d\000\050\000\051}{subsection.12.50.2}% 1212
\BOOKMARK [3][-]{subsubsection.12.50.2.23}{\376\377\0001\0002\000.\0005\0000\000.\0002\000.\0002\0003\000\040\000s\000x\0001\0002\0007\0006\000\137\000w\000r\000i\000t\000e\000\137\000b\000u\000r\000s\000t\000\050\000\051}{subsection.12.50.2}% 1213
\BOOKMARK [3][-]{subsubsection.12.50.2.24}{\376\377\0001\0002\000.\0005\0000\000.\0002\000.\0002\0004\000\040\000s\000x\0001\0002\0007\0006\000\137\000w\000r\000i\000t\000e\000\137\000f\000i\000f\000o\000\050\000\051}{subsection.12.50.2}% 1214
\BOOKMARK [3][-]{subsubsection.12.50.2.25}{\376\377\0001\0002\000.\0005\0000\000.\0002\000.\0002\0005\000\040\000s\000x\0001\0002\0007\0006\000\137\000w\000r\000i\000t\000e\000\137\000r\000e\000g\000\050\000\051}{subsection.12.50.2}% 1215
\BOOKMARK [1][-]{section.12.51}{\376\377\0001\0002\000.\0005\0001\000\040\000r\000a\000d\000i\000o\000\137\000s\000x\0001\0002\0007\0006\000.\000h}{chapter.12}% 1216
\BOOKMARK [1][-]{section.12.52}{\376\377\0001\0002\000.\0005\0002\000\040\000D\000o\000k\000u\000m\000e\000n\000t\000a\000c\000j\000a\000\040\000p\000l\000i\000k\000u\000\040\000C\000o\000r\000e\000/\000A\000p\000p\000/\000r\000a\000d\000i\000o\000\137\000l\000i\000b\000/\000c\000o\000m\000m\000o\000n\000/\000s\000x\0001\0002\0007\0006\000/\000r\000a\000d\000i\000o\000\137\000s\000x\0001\0002\0007\0006\000\137\000r\000e\000g\000s\000.\000h}{chapter.12}% 1217
\BOOKMARK [2][-]{subsection.12.52.1}{\376\377\0001\0002\000.\0005\0002\000.\0001\000\040\000O\000p\000i\000s\000\040\000s\000z\000c\000z\000e\000g\000\363\001\102\000o\000w\000y}{section.12.52}% 1218
\BOOKMARK [2][-]{subsection.12.52.2}{\376\377\0001\0002\000.\0005\0002\000.\0002\000\040\000D\000o\000k\000u\000m\000e\000n\000t\000a\000c\000j\000a\000\040\000d\000e\000f\000i\000n\000i\000c\000j\000i}{section.12.52}% 1219
\BOOKMARK [3][-]{subsubsection.12.52.2.1}{\376\377\0001\0002\000.\0005\0002\000.\0002\000.\0001\000\040\000S\000X\0001\0002\0007\0006\000\137\000D\000I\000O\0000\000\137\000M\000A\000P\000\137\000C\000A\000D\000\137\000D\000O\000N\000E}{subsection.12.52.2}% 1220
\BOOKMARK [3][-]{subsubsection.12.52.2.2}{\376\377\0001\0002\000.\0005\0002\000.\0002\000.\0002\000\040\000S\000X\0001\0002\0007\0006\000\137\000D\000I\000O\0000\000\137\000M\000A\000P\000\137\000F\000S\000K\000\137\000P\000A\000C\000K\000E\000T\000\137\000S\000E\000N\000T}{subsection.12.52.2}% 1221
\BOOKMARK [3][-]{subsubsection.12.52.2.3}{\376\377\0001\0002\000.\0005\0002\000.\0002\000.\0003\000\040\000S\000X\0001\0002\0007\0006\000\137\000D\000I\000O\0000\000\137\000M\000A\000P\000\137\000F\000S\000K\000\137\000P\000A\000Y\000L\000O\000A\000D\000\137\000R\000E\000A\000D\000Y}{subsection.12.52.2}% 1222
\BOOKMARK [3][-]{subsubsection.12.52.2.4}{\376\377\0001\0002\000.\0005\0002\000.\0002\000.\0004\000\040\000S\000X\0001\0002\0007\0006\000\137\000D\000I\000O\0000\000\137\000M\000A\000P\000\137\000R\000X\000\137\000D\000O\000N\000E}{subsection.12.52.2}% 1223
\BOOKMARK [3][-]{subsubsection.12.52.2.5}{\376\377\0001\0002\000.\0005\0002\000.\0002\000.\0005\000\040\000S\000X\0001\0002\0007\0006\000\137\000D\000I\000O\0000\000\137\000M\000A\000P\000\137\000T\000X\000\137\000D\000O\000N\000E}{subsection.12.52.2}% 1224
\BOOKMARK [3][-]{subsubsection.12.52.2.6}{\376\377\0001\0002\000.\0005\0002\000.\0002\000.\0006\000\040\000S\000X\0001\0002\0007\0006\000\137\000D\000I\000O\0001\000\137\000M\000A\000P\000\137\000C\000A\000D\000\137\000D\000E\000T\000E\000C\000T\000E\000D}{subsection.12.52.2}% 1225
\BOOKMARK [3][-]{subsubsection.12.52.2.7}{\376\377\0001\0002\000.\0005\0002\000.\0002\000.\0007\000\040\000S\000X\0001\0002\0007\0006\000\137\000D\000I\000O\0001\000\137\000M\000A\000P\000\137\000F\000H\000S\000S\000\137\000C\000H\000A\000N\000G\000E}{subsection.12.52.2}% 1226
\BOOKMARK [3][-]{subsubsection.12.52.2.8}{\376\377\0001\0002\000.\0005\0002\000.\0002\000.\0008\000\040\000S\000X\0001\0002\0007\0006\000\137\000D\000I\000O\0001\000\137\000M\000A\000P\000\137\000R\000X\000\137\000T\000I\000M\000E\000O\000U\000T}{subsection.12.52.2}% 1227
\BOOKMARK [3][-]{subsubsection.12.52.2.9}{\376\377\0001\0002\000.\0005\0002\000.\0002\000.\0009\000\040\000S\000X\0001\0002\0007\0006\000\137\000F\000I\000F\000O\000\137\000T\000H\000R\000E\000S\000H\000\137\000T\000X\000\137\000S\000T\000A\000R\000T\000\137\000N\000O\000T\000\137\000E\000M\000P\000T\000Y}{subsection.12.52.2}% 1228
\BOOKMARK [3][-]{subsubsection.12.52.2.10}{\376\377\0001\0002\000.\0005\0002\000.\0002\000.\0001\0000\000\040\000S\000X\0001\0002\0007\0006\000\137\000I\000R\000Q\0001\000\137\000M\000O\000D\000E\000\137\000R\000E\000A\000D\000Y}{subsection.12.52.2}% 1229
\BOOKMARK [3][-]{subsubsection.12.52.2.11}{\376\377\0001\0002\000.\0005\0002\000.\0002\000.\0001\0001\000\040\000S\000X\0001\0002\0007\0006\000\137\000I\000R\000Q\0001\000\137\000P\000L\000L\000\137\000L\000O\000C\000K}{subsection.12.52.2}% 1230
\BOOKMARK [3][-]{subsubsection.12.52.2.12}{\376\377\0001\0002\000.\0005\0002\000.\0002\000.\0001\0002\000\040\000S\000X\0001\0002\0007\0006\000\137\000I\000R\000Q\0001\000\137\000P\000R\000E\000A\000M\000B\000L\000E\000\137\000D\000E\000T\000E\000C\000T}{subsection.12.52.2}% 1231
\BOOKMARK [3][-]{subsubsection.12.52.2.13}{\376\377\0001\0002\000.\0005\0002\000.\0002\000.\0001\0003\000\040\000S\000X\0001\0002\0007\0006\000\137\000I\000R\000Q\0001\000\137\000R\000S\000S\000I}{subsection.12.52.2}% 1232
\BOOKMARK [3][-]{subsubsection.12.52.2.14}{\376\377\0001\0002\000.\0005\0002\000.\0002\000.\0001\0004\000\040\000S\000X\0001\0002\0007\0006\000\137\000I\000R\000Q\0001\000\137\000R\000X\000\137\000R\000E\000A\000D\000Y}{subsection.12.52.2}% 1233
\BOOKMARK [3][-]{subsubsection.12.52.2.15}{\376\377\0001\0002\000.\0005\0002\000.\0002\000.\0001\0005\000\040\000S\000X\0001\0002\0007\0006\000\137\000I\000R\000Q\0001\000\137\000S\000Y\000N\000C\000\137\000A\000D\000D\000R\000E\000S\000S\000\137\000M\000A\000T\000C\000H}{subsection.12.52.2}% 1234
\BOOKMARK [3][-]{subsubsection.12.52.2.16}{\376\377\0001\0002\000.\0005\0002\000.\0002\000.\0001\0006\000\040\000S\000X\0001\0002\0007\0006\000\137\000I\000R\000Q\0001\000\137\000T\000I\000M\000E\000O\000U\000T}{subsection.12.52.2}% 1235
\BOOKMARK [3][-]{subsubsection.12.52.2.17}{\376\377\0001\0002\000.\0005\0002\000.\0002\000.\0001\0007\000\040\000S\000X\0001\0002\0007\0006\000\137\000I\000R\000Q\0001\000\137\000T\000X\000\137\000R\000E\000A\000D\000Y}{subsection.12.52.2}% 1236
\BOOKMARK [3][-]{subsubsection.12.52.2.18}{\376\377\0001\0002\000.\0005\0002\000.\0002\000.\0001\0008\000\040\000S\000X\0001\0002\0007\0006\000\137\000I\000R\000Q\0002\000\137\000C\000R\000C\000\137\000O\000K}{subsection.12.52.2}% 1237
\BOOKMARK [3][-]{subsubsection.12.52.2.19}{\376\377\0001\0002\000.\0005\0002\000.\0002\000.\0001\0009\000\040\000S\000X\0001\0002\0007\0006\000\137\000I\000R\000Q\0002\000\137\000F\000I\000F\000O\000\137\000F\000U\000L\000L}{subsection.12.52.2}% 1238
\BOOKMARK [3][-]{subsubsection.12.52.2.20}{\376\377\0001\0002\000.\0005\0002\000.\0002\000.\0002\0000\000\040\000S\000X\0001\0002\0007\0006\000\137\000I\000R\000Q\0002\000\137\000F\000I\000F\000O\000\137\000L\000E\000V\000E\000L}{subsection.12.52.2}% 1239
\BOOKMARK [3][-]{subsubsection.12.52.2.21}{\376\377\0001\0002\000.\0005\0002\000.\0002\000.\0002\0001\000\040\000S\000X\0001\0002\0007\0006\000\137\000I\000R\000Q\0002\000\137\000F\000I\000F\000O\000\137\000N\000O\000T\000\137\000E\000M\000P\000T\000Y}{subsection.12.52.2}% 1240
\BOOKMARK [3][-]{subsubsection.12.52.2.22}{\376\377\0001\0002\000.\0005\0002\000.\0002\000.\0002\0002\000\040\000S\000X\0001\0002\0007\0006\000\137\000I\000R\000Q\0002\000\137\000F\000I\000F\000O\000\137\000O\000V\000E\000R\000R\000U\000N}{subsection.12.52.2}% 1241
\BOOKMARK [3][-]{subsubsection.12.52.2.23}{\376\377\0001\0002\000.\0005\0002\000.\0002\000.\0002\0003\000\040\000S\000X\0001\0002\0007\0006\000\137\000I\000R\000Q\0002\000\137\000L\000O\000W\000\137\000B\000A\000T}{subsection.12.52.2}% 1242
\BOOKMARK [3][-]{subsubsection.12.52.2.24}{\376\377\0001\0002\000.\0005\0002\000.\0002\000.\0002\0004\000\040\000S\000X\0001\0002\0007\0006\000\137\000I\000R\000Q\0002\000\137\000P\000A\000C\000K\000E\000T\000\137\000S\000E\000N\000T}{subsection.12.52.2}% 1243
\BOOKMARK [3][-]{subsubsection.12.52.2.25}{\376\377\0001\0002\000.\0005\0002\000.\0002\000.\0002\0005\000\040\000S\000X\0001\0002\0007\0006\000\137\000I\000R\000Q\0002\000\137\000P\000A\000Y\000L\000O\000A\000D\000\137\000R\000E\000A\000D\000Y}{subsection.12.52.2}% 1244
\BOOKMARK [3][-]{subsubsection.12.52.2.26}{\376\377\0001\0002\000.\0005\0002\000.\0002\000.\0002\0006\000\040\000S\000X\0001\0002\0007\0006\000\137\000I\000R\000Q\000\137\000C\000A\000D\000\137\000D\000E\000T\000E\000C\000T\000E\000D}{subsection.12.52.2}% 1245
\BOOKMARK [3][-]{subsubsection.12.52.2.27}{\376\377\0001\0002\000.\0005\0002\000.\0002\000.\0002\0007\000\040\000S\000X\0001\0002\0007\0006\000\137\000I\000R\000Q\000\137\000C\000A\000D\000\137\000D\000O\000N\000E}{subsection.12.52.2}% 1246
\BOOKMARK [3][-]{subsubsection.12.52.2.28}{\376\377\0001\0002\000.\0005\0002\000.\0002\000.\0002\0008\000\040\000S\000X\0001\0002\0007\0006\000\137\000I\000R\000Q\000\137\000F\000H\000S\000S\000\137\000C\000H\000A\000N\000G\000E\000\137\000C\000H\000A\000N\000N\000E\000L}{subsection.12.52.2}% 1247
\BOOKMARK [3][-]{subsubsection.12.52.2.29}{\376\377\0001\0002\000.\0005\0002\000.\0002\000.\0002\0009\000\040\000S\000X\0001\0002\0007\0006\000\137\000I\000R\000Q\000\137\000P\000A\000Y\000L\000O\000A\000D\000\137\000C\000R\000C\000\137\000E\000R\000R\000O\000R}{subsection.12.52.2}% 1248
\BOOKMARK [3][-]{subsubsection.12.52.2.30}{\376\377\0001\0002\000.\0005\0002\000.\0002\000.\0003\0000\000\040\000S\000X\0001\0002\0007\0006\000\137\000I\000R\000Q\000\137\000R\000X\000\137\000D\000O\000N\000E}{subsection.12.52.2}% 1249
\BOOKMARK [3][-]{subsubsection.12.52.2.31}{\376\377\0001\0002\000.\0005\0002\000.\0002\000.\0003\0001\000\040\000S\000X\0001\0002\0007\0006\000\137\000I\000R\000Q\000\137\000R\000X\000\137\000T\000I\000M\000E\000O\000U\000T}{subsection.12.52.2}% 1250
\BOOKMARK [3][-]{subsubsection.12.52.2.32}{\376\377\0001\0002\000.\0005\0002\000.\0002\000.\0003\0002\000\040\000S\000X\0001\0002\0007\0006\000\137\000I\000R\000Q\000\137\000T\000X\000\137\000D\000O\000N\000E}{subsection.12.52.2}% 1251
\BOOKMARK [3][-]{subsubsection.12.52.2.33}{\376\377\0001\0002\000.\0005\0002\000.\0002\000.\0003\0003\000\040\000S\000X\0001\0002\0007\0006\000\137\000I\000R\000Q\000\137\000V\000A\000L\000I\000D\000\137\000H\000E\000A\000D\000E\000R}{subsection.12.52.2}% 1252
\BOOKMARK [3][-]{subsubsection.12.52.2.34}{\376\377\0001\0002\000.\0005\0002\000.\0002\000.\0003\0004\000\040\000S\000X\0001\0002\0007\0006\000\137\000M\000O\000D\000E\000\137\000C\000A\000D}{subsection.12.52.2}% 1253
\BOOKMARK [3][-]{subsubsection.12.52.2.35}{\376\377\0001\0002\000.\0005\0002\000.\0002\000.\0003\0005\000\040\000S\000X\0001\0002\0007\0006\000\137\000M\000O\000D\000E\000\137\000F\000S\000R\000X}{subsection.12.52.2}% 1254
\BOOKMARK [3][-]{subsubsection.12.52.2.36}{\376\377\0001\0002\000.\0005\0002\000.\0002\000.\0003\0006\000\040\000S\000X\0001\0002\0007\0006\000\137\000M\000O\000D\000E\000\137\000F\000S\000T\000X}{subsection.12.52.2}% 1255
\BOOKMARK [3][-]{subsubsection.12.52.2.37}{\376\377\0001\0002\000.\0005\0002\000.\0002\000.\0003\0007\000\040\000S\000X\0001\0002\0007\0006\000\137\000M\000O\000D\000E\000\137\000R\000X\000C\000O\000N\000T\000I\000N\000U\000O\000U\000S}{subsection.12.52.2}% 1256
\BOOKMARK [3][-]{subsubsection.12.52.2.38}{\376\377\0001\0002\000.\0005\0002\000.\0002\000.\0003\0008\000\040\000S\000X\0001\0002\0007\0006\000\137\000M\000O\000D\000E\000\137\000R\000X\000S\000I\000N\000G\000L\000E}{subsection.12.52.2}% 1257
\BOOKMARK [3][-]{subsubsection.12.52.2.39}{\376\377\0001\0002\000.\0005\0002\000.\0002\000.\0003\0009\000\040\000S\000X\0001\0002\0007\0006\000\137\000M\000O\000D\000E\000\137\000S\000L\000E\000E\000P}{subsection.12.52.2}% 1258
\BOOKMARK [3][-]{subsubsection.12.52.2.40}{\376\377\0001\0002\000.\0005\0002\000.\0002\000.\0004\0000\000\040\000S\000X\0001\0002\0007\0006\000\137\000M\000O\000D\000E\000\137\000S\000T\000D\000B\000Y}{subsection.12.52.2}% 1259
\BOOKMARK [3][-]{subsubsection.12.52.2.41}{\376\377\0001\0002\000.\0005\0002\000.\0002\000.\0004\0001\000\040\000S\000X\0001\0002\0007\0006\000\137\000M\000O\000D\000E\000\137\000T\000X}{subsection.12.52.2}% 1260
\BOOKMARK [3][-]{subsubsection.12.52.2.42}{\376\377\0001\0002\000.\0005\0002\000.\0002\000.\0004\0002\000\040\000S\000X\0001\0002\0007\0006\000\137\000O\000P\000M\000O\000D\000E\000\137\000A\000C\000C\000E\000S\000S\000\137\000S\000H\000A\000R\000E\000D\000\137\000R\000E\000G}{subsection.12.52.2}% 1261
\BOOKMARK [3][-]{subsubsection.12.52.2.43}{\376\377\0001\0002\000.\0005\0002\000.\0002\000.\0004\0003\000\040\000S\000X\0001\0002\0007\0006\000\137\000O\000P\000M\000O\000D\000E\000\137\000L\000O\000N\000G\000\137\000R\000A\000N\000G\000E\000\137\000M\000O\000D\000E}{subsection.12.52.2}% 1262
\BOOKMARK [3][-]{subsubsection.12.52.2.44}{\376\377\0001\0002\000.\0005\0002\000.\0002\000.\0004\0004\000\040\000S\000X\0001\0002\0007\0006\000\137\000O\000P\000M\000O\000D\000E\000\137\000L\000O\000W\000\137\000F\000R\000E\000Q\000\137\000M\000O\000D\000E\000\137\000O\000N}{subsection.12.52.2}% 1263
\BOOKMARK [3][-]{subsubsection.12.52.2.45}{\376\377\0001\0002\000.\0005\0002\000.\0002\000.\0004\0005\000\040\000S\000X\0001\0002\0007\0006\000\137\000O\000P\000M\000O\000D\000E\000\137\000M\000O\000D\000E\000\137\000M\000A\000S\000K}{subsection.12.52.2}% 1264
\BOOKMARK [3][-]{subsubsection.12.52.2.46}{\376\377\0001\0002\000.\0005\0002\000.\0002\000.\0004\0006\000\040\000S\000X\0001\0002\0007\0006\000\137\000O\000P\000M\000O\000D\000E\000\137\000M\000O\000D\000U\000L\000A\000T\000I\000O\000N\000\137\000F\000S\000K}{subsection.12.52.2}% 1265
\BOOKMARK [3][-]{subsubsection.12.52.2.47}{\376\377\0001\0002\000.\0005\0002\000.\0002\000.\0004\0007\000\040\000S\000X\0001\0002\0007\0006\000\137\000O\000P\000M\000O\000D\000E\000\137\000M\000O\000D\000U\000L\000A\000T\000I\000O\000N\000\137\000M\000A\000S\000K}{subsection.12.52.2}% 1266
\BOOKMARK [3][-]{subsubsection.12.52.2.48}{\376\377\0001\0002\000.\0005\0002\000.\0002\000.\0004\0008\000\040\000S\000X\0001\0002\0007\0006\000\137\000O\000P\000M\000O\000D\000E\000\137\000M\000O\000D\000U\000L\000A\000T\000I\000O\000N\000\137\000O\000O\000K}{subsection.12.52.2}% 1267
\BOOKMARK [3][-]{subsubsection.12.52.2.49}{\376\377\0001\0002\000.\0005\0002\000.\0002\000.\0004\0009\000\040\000S\000X\0001\0002\0007\0006\000\137\000O\000P\000M\000O\000D\000E\000\137\000S\000H\000A\000P\000I\000N\000G\000\137\000F\000S\000K\000\137\000B\000T\0000\0003}{subsection.12.52.2}% 1268
\BOOKMARK [3][-]{subsubsection.12.52.2.50}{\376\377\0001\0002\000.\0005\0002\000.\0002\000.\0005\0000\000\040\000S\000X\0001\0002\0007\0006\000\137\000O\000P\000M\000O\000D\000E\000\137\000S\000H\000A\000P\000I\000N\000G\000\137\000F\000S\000K\000\137\000B\000T\0000\0005}{subsection.12.52.2}% 1269
\BOOKMARK [3][-]{subsubsection.12.52.2.51}{\376\377\0001\0002\000.\0005\0002\000.\0002\000.\0005\0001\000\040\000S\000X\0001\0002\0007\0006\000\137\000O\000P\000M\000O\000D\000E\000\137\000S\000H\000A\000P\000I\000N\000G\000\137\000F\000S\000K\000\137\000B\000T\0001\0000}{subsection.12.52.2}% 1270
\BOOKMARK [3][-]{subsubsection.12.52.2.52}{\376\377\0001\0002\000.\0005\0002\000.\0002\000.\0005\0002\000\040\000S\000X\0001\0002\0007\0006\000\137\000O\000P\000M\000O\000D\000E\000\137\000S\000H\000A\000P\000I\000N\000G\000\137\000M\000A\000S\000K}{subsection.12.52.2}% 1271
\BOOKMARK [3][-]{subsubsection.12.52.2.53}{\376\377\0001\0002\000.\0005\0002\000.\0002\000.\0005\0003\000\040\000S\000X\0001\0002\0007\0006\000\137\000O\000P\000M\000O\000D\000E\000\137\000S\000H\000A\000P\000I\000N\000G\000\137\000N\000O\000N\000E}{subsection.12.52.2}% 1272
\BOOKMARK [3][-]{subsubsection.12.52.2.54}{\376\377\0001\0002\000.\0005\0002\000.\0002\000.\0005\0004\000\040\000S\000X\0001\0002\0007\0006\000\137\000O\000P\000M\000O\000D\000E\000\137\000S\000H\000A\000P\000I\000N\000G\000\137\000O\000O\000K\000\137\000F\000I\000L\000T\000E\000R}{subsection.12.52.2}% 1273
\BOOKMARK [3][-]{subsubsection.12.52.2.55}{\376\377\0001\0002\000.\0005\0002\000.\0002\000.\0005\0005\000\040\000S\000X\0001\0002\0007\0006\000\137\000P\000A\000\137\000D\000A\000C\000\137\000D\000I\000S\000A\000B\000L\000E\000\137\0001\0007\000D\000B\000M}{subsection.12.52.2}% 1274
\BOOKMARK [3][-]{subsubsection.12.52.2.56}{\376\377\0001\0002\000.\0005\0002\000.\0002\000.\0005\0006\000\040\000S\000X\0001\0002\0007\0006\000\137\000P\000A\000\137\000D\000A\000C\000\137\000E\000N\000A\000B\000L\000E\000\137\0002\0000\000D\000B\000M}{subsection.12.52.2}% 1275
\BOOKMARK [3][-]{subsubsection.12.52.2.57}{\376\377\0001\0002\000.\0005\0002\000.\0002\000.\0005\0007\000\040\000S\000X\0001\0002\0007\0006\000\137\000P\000A\000C\000K\000E\000T\000\137\000A\000D\000D\000R\000\137\000F\000I\000L\000T\000E\000R\000\137\000N\000O\000D\000E}{subsection.12.52.2}% 1276
\BOOKMARK [3][-]{subsubsection.12.52.2.58}{\376\377\0001\0002\000.\0005\0002\000.\0002\000.\0005\0008\000\040\000S\000X\0001\0002\0007\0006\000\137\000P\000A\000C\000K\000E\000T\000\137\000A\000D\000D\000R\000\137\000F\000I\000L\000T\000E\000R\000\137\000N\000O\000D\000E\000\137\000B\000C}{subsection.12.52.2}% 1277
\BOOKMARK [3][-]{subsubsection.12.52.2.59}{\376\377\0001\0002\000.\0005\0002\000.\0002\000.\0005\0009\000\040\000S\000X\0001\0002\0007\0006\000\137\000P\000A\000C\000K\000E\000T\000\137\000A\000D\000D\000R\000\137\000F\000I\000L\000T\000E\000R\000\137\000O\000F\000F}{subsection.12.52.2}% 1278
\BOOKMARK [3][-]{subsubsection.12.52.2.60}{\376\377\0001\0002\000.\0005\0002\000.\0002\000.\0006\0000\000\040\000S\000X\0001\0002\0007\0006\000\137\000P\000A\000C\000K\000E\000T\000\137\000C\000R\000C\000\137\000O\000F\000F}{subsection.12.52.2}% 1279
\BOOKMARK [3][-]{subsubsection.12.52.2.61}{\376\377\0001\0002\000.\0005\0002\000.\0002\000.\0006\0001\000\040\000S\000X\0001\0002\0007\0006\000\137\000P\000A\000C\000K\000E\000T\000\137\000C\000R\000C\000\137\000O\000N}{subsection.12.52.2}% 1280
\BOOKMARK [3][-]{subsubsection.12.52.2.62}{\376\377\0001\0002\000.\0005\0002\000.\0002\000.\0006\0002\000\040\000S\000X\0001\0002\0007\0006\000\137\000P\000A\000C\000K\000E\000T\000\137\000C\000R\000C\000\137\000W\000H\000I\000T\000E\000N\000I\000N\000G\000\137\000C\000C\000I\000T\000T}{subsection.12.52.2}% 1281
\BOOKMARK [3][-]{subsubsection.12.52.2.63}{\376\377\0001\0002\000.\0005\0002\000.\0002\000.\0006\0003\000\040\000S\000X\0001\0002\0007\0006\000\137\000P\000A\000C\000K\000E\000T\000\137\000C\000R\000C\000\137\000W\000H\000I\000T\000E\000N\000I\000N\000G\000\137\000I\000B\000M}{subsection.12.52.2}% 1282
\BOOKMARK [3][-]{subsubsection.12.52.2.64}{\376\377\0001\0002\000.\0005\0002\000.\0002\000.\0006\0004\000\040\000S\000X\0001\0002\0007\0006\000\137\000P\000A\000C\000K\000E\000T\000\137\000D\000A\000T\000A\000\137\000M\000O\000D\000E\000\137\000C\000O\000N\000T\000I\000N\000U\000O\000U\000S}{subsection.12.52.2}% 1283
\BOOKMARK [3][-]{subsubsection.12.52.2.65}{\376\377\0001\0002\000.\0005\0002\000.\0002\000.\0006\0005\000\040\000S\000X\0001\0002\0007\0006\000\137\000P\000A\000C\000K\000E\000T\000\137\000D\000A\000T\000A\000\137\000M\000O\000D\000E\000\137\000P\000A\000C\000K\000E\000T}{subsection.12.52.2}% 1284
\BOOKMARK [3][-]{subsubsection.12.52.2.66}{\376\377\0001\0002\000.\0005\0002\000.\0002\000.\0006\0006\000\040\000S\000X\0001\0002\0007\0006\000\137\000P\000A\000C\000K\000E\000T\000\137\000D\000C\000\137\000F\000R\000E\000E\000\137\000N\000O\000N\000E}{subsection.12.52.2}% 1285
\BOOKMARK [3][-]{subsubsection.12.52.2.67}{\376\377\0001\0002\000.\0005\0002\000.\0002\000.\0006\0007\000\040\000S\000X\0001\0002\0007\0006\000\137\000P\000A\000C\000K\000E\000T\000\137\000D\000C\000\137\000F\000R\000E\000E\000\137\000W\000H\000I\000T\000E\000N\000I\000N\000G}{subsection.12.52.2}% 1286
\BOOKMARK [3][-]{subsubsection.12.52.2.68}{\376\377\0001\0002\000.\0005\0002\000.\0002\000.\0006\0008\000\040\000S\000X\0001\0002\0007\0006\000\137\000P\000A\000C\000K\000E\000T\000\137\000F\000O\000R\000M\000A\000T\000\137\000F\000I\000X\000E\000D}{subsection.12.52.2}% 1287
\BOOKMARK [3][-]{subsubsection.12.52.2.69}{\376\377\0001\0002\000.\0005\0002\000.\0002\000.\0006\0009\000\040\000S\000X\0001\0002\0007\0006\000\137\000P\000A\000C\000K\000E\000T\000\137\000F\000O\000R\000M\000A\000T\000\137\000V\000A\000R\000I\000A\000B\000L\000E}{subsection.12.52.2}% 1288
\BOOKMARK [3][-]{subsubsection.12.52.2.70}{\376\377\0001\0002\000.\0005\0002\000.\0002\000.\0007\0000\000\040\000S\000X\0001\0002\0007\0006\000\137\000R\000E\000G\000\137\000A\000F\000C\000\137\000B\000W}{subsection.12.52.2}% 1289
\BOOKMARK [3][-]{subsubsection.12.52.2.71}{\376\377\0001\0002\000.\0005\0002\000.\0002\000.\0007\0001\000\040\000S\000X\0001\0002\0007\0006\000\137\000R\000E\000G\000\137\000B\000I\000T\000R\000A\000T\000E\000\137\000L\000S\000B}{subsection.12.52.2}% 1290
\BOOKMARK [3][-]{subsubsection.12.52.2.72}{\376\377\0001\0002\000.\0005\0002\000.\0002\000.\0007\0002\000\040\000S\000X\0001\0002\0007\0006\000\137\000R\000E\000G\000\137\000B\000I\000T\000R\000A\000T\000E\000\137\000M\000S\000B}{subsection.12.52.2}% 1291
\BOOKMARK [3][-]{subsubsection.12.52.2.73}{\376\377\0001\0002\000.\0005\0002\000.\0002\000.\0007\0003\000\040\000S\000X\0001\0002\0007\0006\000\137\000R\000E\000G\000\137\000B\000R\000O\000A\000D\000C\000A\000S\000T\000\137\000A\000D\000D\000R\000E\000S\000S}{subsection.12.52.2}% 1292
\BOOKMARK [3][-]{subsubsection.12.52.2.74}{\376\377\0001\0002\000.\0005\0002\000.\0002\000.\0007\0004\000\040\000S\000X\0001\0002\0007\0006\000\137\000R\000E\000G\000\137\000D\000E\000T\000E\000C\000T\000I\000O\000N\000\137\000O\000P\000T\000I\000M\000I\000Z\000E}{subsection.12.52.2}% 1293
\BOOKMARK [3][-]{subsubsection.12.52.2.75}{\376\377\0001\0002\000.\0005\0002\000.\0002\000.\0007\0005\000\040\000S\000X\0001\0002\0007\0006\000\137\000R\000E\000G\000\137\000D\000E\000T\000E\000C\000T\000I\000O\000N\000\137\000T\000H\000R\000E\000S\000H\000O\000L\000D}{subsection.12.52.2}% 1294
\BOOKMARK [3][-]{subsubsection.12.52.2.76}{\376\377\0001\0002\000.\0005\0002\000.\0002\000.\0007\0006\000\040\000S\000X\0001\0002\0007\0006\000\137\000R\000E\000G\000\137\000D\000I\000O\000\137\000M\000A\000P\000P\000I\000N\000G\000\137\0001}{subsection.12.52.2}% 1295
\BOOKMARK [3][-]{subsubsection.12.52.2.77}{\376\377\0001\0002\000.\0005\0002\000.\0002\000.\0007\0007\000\040\000S\000X\0001\0002\0007\0006\000\137\000R\000E\000G\000\137\000D\000I\000O\000\137\000M\000A\000P\000P\000I\000N\000G\000\137\0002}{subsection.12.52.2}% 1296
\BOOKMARK [3][-]{subsubsection.12.52.2.78}{\376\377\0001\0002\000.\0005\0002\000.\0002\000.\0007\0008\000\040\000S\000X\0001\0002\0007\0006\000\137\000R\000E\000G\000\137\000F\000D\000E\000V\000\137\000L\000S\000B}{subsection.12.52.2}% 1297
\BOOKMARK [3][-]{subsubsection.12.52.2.79}{\376\377\0001\0002\000.\0005\0002\000.\0002\000.\0007\0009\000\040\000S\000X\0001\0002\0007\0006\000\137\000R\000E\000G\000\137\000F\000D\000E\000V\000\137\000M\000S\000B}{subsection.12.52.2}% 1298
\BOOKMARK [3][-]{subsubsection.12.52.2.80}{\376\377\0001\0002\000.\0005\0002\000.\0002\000.\0008\0000\000\040\000S\000X\0001\0002\0007\0006\000\137\000R\000E\000G\000\137\000F\000I\000F\000O}{subsection.12.52.2}% 1299
\BOOKMARK [3][-]{subsubsection.12.52.2.81}{\376\377\0001\0002\000.\0005\0002\000.\0002\000.\0008\0001\000\040\000S\000X\0001\0002\0007\0006\000\137\000R\000E\000G\000\137\000F\000I\000F\000O\000\137\000A\000D\000D\000R\000\137\000P\000T\000R}{subsection.12.52.2}% 1300
\BOOKMARK [3][-]{subsubsection.12.52.2.82}{\376\377\0001\0002\000.\0005\0002\000.\0002\000.\0008\0002\000\040\000S\000X\0001\0002\0007\0006\000\137\000R\000E\000G\000\137\000F\000I\000F\000O\000\137\000R\000X\000\137\000B\000A\000S\000E\000\137\000A\000D\000D\000R}{subsection.12.52.2}% 1301
\BOOKMARK [3][-]{subsubsection.12.52.2.83}{\376\377\0001\0002\000.\0005\0002\000.\0002\000.\0008\0003\000\040\000S\000X\0001\0002\0007\0006\000\137\000R\000E\000G\000\137\000F\000I\000F\000O\000\137\000R\000X\000\137\000C\000U\000R\000R\000E\000N\000T\000\137\000A\000D\000D\000R}{subsection.12.52.2}% 1302
\BOOKMARK [3][-]{subsubsection.12.52.2.84}{\376\377\0001\0002\000.\0005\0002\000.\0002\000.\0008\0004\000\040\000S\000X\0001\0002\0007\0006\000\137\000R\000E\000G\000\137\000F\000I\000F\000O\000\137\000T\000H\000R\000E\000S\000H}{subsection.12.52.2}% 1303
\BOOKMARK [3][-]{subsubsection.12.52.2.85}{\376\377\0001\0002\000.\0005\0002\000.\0002\000.\0008\0005\000\040\000S\000X\0001\0002\0007\0006\000\137\000R\000E\000G\000\137\000F\000I\000F\000O\000\137\000T\000X\000\137\000B\000A\000S\000E\000\137\000A\000D\000D\000R}{subsection.12.52.2}% 1304
\BOOKMARK [3][-]{subsubsection.12.52.2.86}{\376\377\0001\0002\000.\0005\0002\000.\0002\000.\0008\0006\000\040\000S\000X\0001\0002\0007\0006\000\137\000R\000E\000G\000\137\000F\000R\000F\000\137\000L\000S\000B}{subsection.12.52.2}% 1305
\BOOKMARK [3][-]{subsubsection.12.52.2.87}{\376\377\0001\0002\000.\0005\0002\000.\0002\000.\0008\0007\000\040\000S\000X\0001\0002\0007\0006\000\137\000R\000E\000G\000\137\000F\000R\000F\000\137\000M\000I\000D}{subsection.12.52.2}% 1306
\BOOKMARK [3][-]{subsubsection.12.52.2.88}{\376\377\0001\0002\000.\0005\0002\000.\0002\000.\0008\0008\000\040\000S\000X\0001\0002\0007\0006\000\137\000R\000E\000G\000\137\000F\000R\000F\000\137\000M\000S\000B}{subsection.12.52.2}% 1307
\BOOKMARK [3][-]{subsubsection.12.52.2.89}{\376\377\0001\0002\000.\0005\0002\000.\0002\000.\0008\0009\000\040\000S\000X\0001\0002\0007\0006\000\137\000R\000E\000G\000\137\000I\000N\000V\000E\000R\000T\000\137\000I\000Q}{subsection.12.52.2}% 1308
\BOOKMARK [3][-]{subsubsection.12.52.2.90}{\376\377\0001\0002\000.\0005\0002\000.\0002\000.\0009\0000\000\040\000S\000X\0001\0002\0007\0006\000\137\000R\000E\000G\000\137\000I\000N\000V\000E\000R\000T\000\137\000I\000Q\0002}{subsection.12.52.2}% 1309
\BOOKMARK [3][-]{subsubsection.12.52.2.91}{\376\377\0001\0002\000.\0005\0002\000.\0002\000.\0009\0001\000\040\000S\000X\0001\0002\0007\0006\000\137\000R\000E\000G\000\137\000I\000R\000Q\000\137\000F\000L\000A\000G\000S}{subsection.12.52.2}% 1310
\BOOKMARK [3][-]{subsubsection.12.52.2.92}{\376\377\0001\0002\000.\0005\0002\000.\0002\000.\0009\0002\000\040\000S\000X\0001\0002\0007\0006\000\137\000R\000E\000G\000\137\000I\000R\000Q\000\137\000F\000L\000A\000G\000S\000\137\0001}{subsection.12.52.2}% 1311
\BOOKMARK [3][-]{subsubsection.12.52.2.93}{\376\377\0001\0002\000.\0005\0002\000.\0002\000.\0009\0003\000\040\000S\000X\0001\0002\0007\0006\000\137\000R\000E\000G\000\137\000I\000R\000Q\000\137\000F\000L\000A\000G\000S\000\137\0002}{subsection.12.52.2}% 1312
\BOOKMARK [3][-]{subsubsection.12.52.2.94}{\376\377\0001\0002\000.\0005\0002\000.\0002\000.\0009\0004\000\040\000S\000X\0001\0002\0007\0006\000\137\000R\000E\000G\000\137\000I\000R\000Q\000\137\000F\000L\000A\000G\000S\000\137\000M\000A\000S\000K}{subsection.12.52.2}% 1313
\BOOKMARK [3][-]{subsubsection.12.52.2.95}{\376\377\0001\0002\000.\0005\0002\000.\0002\000.\0009\0005\000\040\000S\000X\0001\0002\0007\0006\000\137\000R\000E\000G\000\137\000L\000N\000A}{subsection.12.52.2}% 1314
\BOOKMARK [3][-]{subsubsection.12.52.2.96}{\376\377\0001\0002\000.\0005\0002\000.\0002\000.\0009\0006\000\040\000S\000X\0001\0002\0007\0006\000\137\000R\000E\000G\000\137\000M\000O\000D\000E\000M\000\137\000C\000O\000N\000F\000I\000G\000\137\0001}{subsection.12.52.2}% 1315
\BOOKMARK [3][-]{subsubsection.12.52.2.97}{\376\377\0001\0002\000.\0005\0002\000.\0002\000.\0009\0007\000\040\000S\000X\0001\0002\0007\0006\000\137\000R\000E\000G\000\137\000M\000O\000D\000E\000M\000\137\000C\000O\000N\000F\000I\000G\000\137\0002}{subsection.12.52.2}% 1316
\BOOKMARK [3][-]{subsubsection.12.52.2.98}{\376\377\0001\0002\000.\0005\0002\000.\0002\000.\0009\0008\000\040\000S\000X\0001\0002\0007\0006\000\137\000R\000E\000G\000\137\000M\000O\000D\000E\000M\000\137\000C\000O\000N\000F\000I\000G\000\137\0003}{subsection.12.52.2}% 1317
\BOOKMARK [3][-]{subsubsection.12.52.2.99}{\376\377\0001\0002\000.\0005\0002\000.\0002\000.\0009\0009\000\040\000S\000X\0001\0002\0007\0006\000\137\000R\000E\000G\000\137\000N\000O\000D\000E\000\137\000A\000D\000D\000R\000E\000S\000S}{subsection.12.52.2}% 1318
\BOOKMARK [3][-]{subsubsection.12.52.2.100}{\376\377\0001\0002\000.\0005\0002\000.\0002\000.\0001\0000\0000\000\040\000S\000X\0001\0002\0007\0006\000\137\000R\000E\000G\000\137\000O\000O\000K\000\137\000A\000V\000G}{subsection.12.52.2}% 1319
\BOOKMARK [3][-]{subsubsection.12.52.2.101}{\376\377\0001\0002\000.\0005\0002\000.\0002\000.\0001\0000\0001\000\040\000S\000X\0001\0002\0007\0006\000\137\000R\000E\000G\000\137\000O\000O\000K\000\137\000F\000I\000X}{subsection.12.52.2}% 1320
\BOOKMARK [3][-]{subsubsection.12.52.2.102}{\376\377\0001\0002\000.\0005\0002\000.\0002\000.\0001\0000\0002\000\040\000S\000X\0001\0002\0007\0006\000\137\000R\000E\000G\000\137\000O\000O\000K\000\137\000P\000E\000A\000K}{subsection.12.52.2}% 1321
\BOOKMARK [3][-]{subsubsection.12.52.2.103}{\376\377\0001\0002\000.\0005\0002\000.\0002\000.\0001\0000\0003\000\040\000S\000X\0001\0002\0007\0006\000\137\000R\000E\000G\000\137\000O\000P\000\137\000M\000O\000D\000E}{subsection.12.52.2}% 1322
\BOOKMARK [3][-]{subsubsection.12.52.2.104}{\376\377\0001\0002\000.\0005\0002\000.\0002\000.\0001\0000\0004\000\040\000S\000X\0001\0002\0007\0006\000\137\000R\000E\000G\000\137\000P\000A\000\137\000C\000O\000N\000F\000I\000G}{subsection.12.52.2}% 1323
\BOOKMARK [3][-]{subsubsection.12.52.2.105}{\376\377\0001\0002\000.\0005\0002\000.\0002\000.\0001\0000\0005\000\040\000S\000X\0001\0002\0007\0006\000\137\000R\000E\000G\000\137\000P\000A\000\137\000D\000A\000C}{subsection.12.52.2}% 1324
\BOOKMARK [3][-]{subsubsection.12.52.2.106}{\376\377\0001\0002\000.\0005\0002\000.\0002\000.\0001\0000\0006\000\040\000S\000X\0001\0002\0007\0006\000\137\000R\000E\000G\000\137\000P\000A\000C\000K\000E\000T\000\137\000C\000O\000N\000F\000I\000G\000\137\0001}{subsection.12.52.2}% 1325
\BOOKMARK [3][-]{subsubsection.12.52.2.107}{\376\377\0001\0002\000.\0005\0002\000.\0002\000.\0001\0000\0007\000\040\000S\000X\0001\0002\0007\0006\000\137\000R\000E\000G\000\137\000P\000A\000C\000K\000E\000T\000\137\000C\000O\000N\000F\000I\000G\000\137\0002}{subsection.12.52.2}% 1326
\BOOKMARK [3][-]{subsubsection.12.52.2.108}{\376\377\0001\0002\000.\0005\0002\000.\0002\000.\0001\0000\0008\000\040\000S\000X\0001\0002\0007\0006\000\137\000R\000E\000G\000\137\000P\000A\000Y\000L\000O\000A\000D\000\137\000L\000E\000N\000G\000T\000H}{subsection.12.52.2}% 1327
\BOOKMARK [3][-]{subsubsection.12.52.2.109}{\376\377\0001\0002\000.\0005\0002\000.\0002\000.\0001\0000\0009\000\040\000S\000X\0001\0002\0007\0006\000\137\000R\000E\000G\000\137\000P\000A\000Y\000L\000O\000A\000D\000\137\000L\000E\000N\000G\000T\000H\000\137\000F\000S\000K}{subsection.12.52.2}% 1328
\BOOKMARK [3][-]{subsubsection.12.52.2.110}{\376\377\0001\0002\000.\0005\0002\000.\0002\000.\0001\0001\0000\000\040\000S\000X\0001\0002\0007\0006\000\137\000R\000E\000G\000\137\000P\000K\000T\000\137\000R\000S\000S\000I\000\137\000V\000A\000L\000U\000E}{subsection.12.52.2}% 1329
\BOOKMARK [3][-]{subsubsection.12.52.2.111}{\376\377\0001\0002\000.\0005\0002\000.\0002\000.\0001\0001\0001\000\040\000S\000X\0001\0002\0007\0006\000\137\000R\000E\000G\000\137\000P\000K\000T\000\137\000S\000N\000R\000\137\000V\000A\000L\000U\000E}{subsection.12.52.2}% 1330
\BOOKMARK [3][-]{subsubsection.12.52.2.112}{\376\377\0001\0002\000.\0005\0002\000.\0002\000.\0001\0001\0002\000\040\000S\000X\0001\0002\0007\0006\000\137\000R\000E\000G\000\137\000P\000R\000E\000A\000M\000B\000L\000E\000\137\000D\000E\000T\000E\000C\000T}{subsection.12.52.2}% 1331
\BOOKMARK [3][-]{subsubsection.12.52.2.113}{\376\377\0001\0002\000.\0005\0002\000.\0002\000.\0001\0001\0003\000\040\000S\000X\0001\0002\0007\0006\000\137\000R\000E\000G\000\137\000P\000R\000E\000A\000M\000B\000L\000E\000\137\000L\000S\000B}{subsection.12.52.2}% 1332
\BOOKMARK [3][-]{subsubsection.12.52.2.114}{\376\377\0001\0002\000.\0005\0002\000.\0002\000.\0001\0001\0004\000\040\000S\000X\0001\0002\0007\0006\000\137\000R\000E\000G\000\137\000P\000R\000E\000A\000M\000B\000L\000E\000\137\000L\000S\000B\000\137\000F\000S\000K}{subsection.12.52.2}% 1333
\BOOKMARK [3][-]{subsubsection.12.52.2.115}{\376\377\0001\0002\000.\0005\0002\000.\0002\000.\0001\0001\0005\000\040\000S\000X\0001\0002\0007\0006\000\137\000R\000E\000G\000\137\000P\000R\000E\000A\000M\000B\000L\000E\000\137\000M\000S\000B}{subsection.12.52.2}% 1334
\BOOKMARK [3][-]{subsubsection.12.52.2.116}{\376\377\0001\0002\000.\0005\0002\000.\0002\000.\0001\0001\0006\000\040\000S\000X\0001\0002\0007\0006\000\137\000R\000E\000G\000\137\000P\000R\000E\000A\000M\000B\000L\000E\000\137\000M\000S\000B\000\137\000F\000S\000K}{subsection.12.52.2}% 1335
\BOOKMARK [3][-]{subsubsection.12.52.2.117}{\376\377\0001\0002\000.\0005\0002\000.\0002\000.\0001\0001\0007\000\040\000S\000X\0001\0002\0007\0006\000\137\000R\000E\000G\000\137\000R\000S\000S\000I\000\137\000C\000O\000N\000F\000I\000G}{subsection.12.52.2}% 1336
\BOOKMARK [3][-]{subsubsection.12.52.2.118}{\376\377\0001\0002\000.\0005\0002\000.\0002\000.\0001\0001\0008\000\040\000S\000X\0001\0002\0007\0006\000\137\000R\000E\000G\000\137\000R\000S\000S\000I\000\137\000V\000A\000L\000U\000E\000\137\000F\000S\000K}{subsection.12.52.2}% 1337
\BOOKMARK [3][-]{subsubsection.12.52.2.119}{\376\377\0001\0002\000.\0005\0002\000.\0002\000.\0001\0001\0009\000\040\000S\000X\0001\0002\0007\0006\000\137\000R\000E\000G\000\137\000R\000X\000\137\000B\000W}{subsection.12.52.2}% 1338
\BOOKMARK [3][-]{subsubsection.12.52.2.120}{\376\377\0001\0002\000.\0005\0002\000.\0002\000.\0001\0002\0000\000\040\000S\000X\0001\0002\0007\0006\000\137\000R\000E\000G\000\137\000R\000X\000\137\000C\000O\000N\000F\000I\000G}{subsection.12.52.2}% 1339
\BOOKMARK [3][-]{subsubsection.12.52.2.121}{\376\377\0001\0002\000.\0005\0002\000.\0002\000.\0001\0002\0001\000\040\000S\000X\0001\0002\0007\0006\000\137\000R\000E\000G\000\137\000R\000X\000\137\000N\000B\000\137\000B\000Y\000T\000E\000S}{subsection.12.52.2}% 1340
\BOOKMARK [3][-]{subsubsection.12.52.2.122}{\376\377\0001\0002\000.\0005\0002\000.\0002\000.\0001\0002\0002\000\040\000S\000X\0001\0002\0007\0006\000\137\000R\000E\000G\000\137\000S\000Y\000M\000B\000\137\000T\000I\000M\000E\000O\000U\000T\000\137\000L\000S\000B}{subsection.12.52.2}% 1341
\BOOKMARK [3][-]{subsubsection.12.52.2.123}{\376\377\0001\0002\000.\0005\0002\000.\0002\000.\0001\0002\0003\000\040\000S\000X\0001\0002\0007\0006\000\137\000R\000E\000G\000\137\000S\000Y\000N\000C\000\137\000C\000O\000N\000F\000I\000G}{subsection.12.52.2}% 1342
\BOOKMARK [3][-]{subsubsection.12.52.2.124}{\376\377\0001\0002\000.\0005\0002\000.\0002\000.\0001\0002\0004\000\040\000S\000X\0001\0002\0007\0006\000\137\000R\000E\000G\000\137\000S\000Y\000N\000C\000\137\000V\000A\000L\000U\000E\000\137\0001}{subsection.12.52.2}% 1343
\BOOKMARK [3][-]{subsubsection.12.52.2.125}{\376\377\0001\0002\000.\0005\0002\000.\0002\000.\0001\0002\0005\000\040\000S\000X\0001\0002\0007\0006\000\137\000R\000E\000G\000\137\000S\000Y\000N\000C\000\137\000W\000O\000R\000D}{subsection.12.52.2}% 1344
\BOOKMARK [3][-]{subsubsection.12.52.2.126}{\376\377\0001\0002\000.\0005\0002\000.\0002\000.\0001\0002\0006\000\040\000S\000X\0001\0002\0007\0006\000\137\000R\000E\000G\000\137\000V\000E\000R\000S\000I\000O\000N}{subsection.12.52.2}% 1345
\BOOKMARK [3][-]{subsubsection.12.52.2.127}{\376\377\0001\0002\000.\0005\0002\000.\0002\000.\0001\0002\0007\000\040\000S\000X\0001\0002\0007\0006\000\137\000R\000X\000C\000O\000N\000F\000I\000G\000\137\000A\000F\000C\000\137\000A\000U\000T\000O\000\137\000O\000N}{subsection.12.52.2}% 1346
\BOOKMARK [3][-]{subsubsection.12.52.2.128}{\376\377\0001\0002\000.\0005\0002\000.\0002\000.\0001\0002\0008\000\040\000S\000X\0001\0002\0007\0006\000\137\000R\000X\000C\000O\000N\000F\000I\000G\000\137\000A\000G\000C\000\137\000A\000U\000T\000O\000\137\000O\000N}{subsection.12.52.2}% 1347
\BOOKMARK [3][-]{subsubsection.12.52.2.129}{\376\377\0001\0002\000.\0005\0002\000.\0002\000.\0001\0002\0009\000\040\000S\000X\0001\0002\0007\0006\000\137\000R\000X\000C\000O\000N\000F\000I\000G\000\137\000R\000E\000S\000T\000A\000R\000T\000\137\000R\000X\000\137\000N\000O\000\137\000P\000L\000L\000\137\000L\000O\000C\000K}{subsection.12.52.2}% 1348
\BOOKMARK [3][-]{subsubsection.12.52.2.130}{\376\377\0001\0002\000.\0005\0002\000.\0002\000.\0001\0003\0000\000\040\000S\000X\0001\0002\0007\0006\000\137\000R\000X\000C\000O\000N\000F\000I\000G\000\137\000T\000R\000I\000G\000G\000E\000R\000\137\000R\000S\000S\000I}{subsection.12.52.2}% 1349
\BOOKMARK [3][-]{subsubsection.12.52.2.131}{\376\377\0001\0002\000.\0005\0002\000.\0002\000.\0001\0003\0001\000\040\000S\000X\0001\0002\0007\0006\000\137\000S\000P\000I\000\137\000R\000E\000A\000D\000\137\000M\000A\000S\000K}{subsection.12.52.2}% 1350
\BOOKMARK [3][-]{subsubsection.12.52.2.132}{\376\377\0001\0002\000.\0005\0002\000.\0002\000.\0001\0003\0002\000\040\000S\000X\0001\0002\0007\0006\000\137\000S\000P\000I\000\137\000W\000R\000I\000T\000E\000\137\000M\000A\000S\000K}{subsection.12.52.2}% 1351
\BOOKMARK [3][-]{subsubsection.12.52.2.133}{\376\377\0001\0002\000.\0005\0002\000.\0002\000.\0001\0003\0003\000\040\000S\000X\0001\0002\0007\0006\000\137\000S\000Y\000N\000C\000\137\000A\000U\000T\000O\000\137\000R\000E\000S\000T\000A\000R\000T\000\137\000N\000O\000\137\000P\000L\000L}{subsection.12.52.2}% 1352
\BOOKMARK [3][-]{subsubsection.12.52.2.134}{\376\377\0001\0002\000.\0005\0002\000.\0002\000.\0001\0003\0004\000\040\000S\000X\0001\0002\0007\0006\000\137\000S\000Y\000N\000C\000\137\000A\000U\000T\000O\000\137\000R\000E\000S\000T\000A\000R\000T\000\137\000O\000F\000F}{subsection.12.52.2}% 1353
\BOOKMARK [3][-]{subsubsection.12.52.2.135}{\376\377\0001\0002\000.\0005\0002\000.\0002\000.\0001\0003\0005\000\040\000S\000X\0001\0002\0007\0006\000\137\000S\000Y\000N\000C\000\137\000A\000U\000T\000O\000\137\000R\000E\000S\000T\000A\000R\000T\000\137\000P\000L\000L}{subsection.12.52.2}% 1354
\BOOKMARK [3][-]{subsubsection.12.52.2.136}{\376\377\0001\0002\000.\0005\0002\000.\0002\000.\0001\0003\0006\000\040\000S\000X\0001\0002\0007\0006\000\137\000S\000Y\000N\000C\000\137\000F\000I\000F\000O\000F\000I\000L\000L\000\137\000A\000U\000T\000O}{subsection.12.52.2}% 1355
\BOOKMARK [3][-]{subsubsection.12.52.2.137}{\376\377\0001\0002\000.\0005\0002\000.\0002\000.\0001\0003\0007\000\040\000S\000X\0001\0002\0007\0006\000\137\000S\000Y\000N\000C\000\137\000F\000I\000F\000O\000F\000I\000L\000L\000\137\000M\000A\000N\000U\000A\000L}{subsection.12.52.2}% 1356
\BOOKMARK [3][-]{subsubsection.12.52.2.138}{\376\377\0001\0002\000.\0005\0002\000.\0002\000.\0001\0003\0008\000\040\000S\000X\0001\0002\0007\0006\000\137\000S\000Y\000N\000C\000\137\000O\000F\000F}{subsection.12.52.2}% 1357
\BOOKMARK [3][-]{subsubsection.12.52.2.139}{\376\377\0001\0002\000.\0005\0002\000.\0002\000.\0001\0003\0009\000\040\000S\000X\0001\0002\0007\0006\000\137\000S\000Y\000N\000C\000\137\000O\000N}{subsection.12.52.2}% 1358
\BOOKMARK [3][-]{subsubsection.12.52.2.140}{\376\377\0001\0002\000.\0005\0002\000.\0002\000.\0001\0004\0000\000\040\000S\000X\0001\0002\0007\0006\000\137\000S\000Y\000N\000C\000\137\000P\000R\000E\000A\000M\000B\000L\000E\000\137\000P\000O\000L\000A\000R\000I\000T\000Y\000\137\0005\0005}{subsection.12.52.2}% 1359
\BOOKMARK [3][-]{subsubsection.12.52.2.141}{\376\377\0001\0002\000.\0005\0002\000.\0002\000.\0001\0004\0001\000\040\000S\000X\0001\0002\0007\0006\000\137\000S\000Y\000N\000C\000\137\000P\000R\000E\000A\000M\000B\000L\000E\000\137\000P\000O\000L\000A\000R\000I\000T\000Y\000\137\000A\000A}{subsection.12.52.2}% 1360
\BOOKMARK [3][-]{subsubsection.12.52.2.142}{\376\377\0001\0002\000.\0005\0002\000.\0002\000.\0001\0004\0002\000\040\000S\000X\0001\0002\0007\0006\000\137\000V\000E\000R\000S\000I\000O\000N\000\137\000I\000D}{subsection.12.52.2}% 1361
\BOOKMARK [1][-]{section.12.53}{\376\377\0001\0002\000.\0005\0003\000\040\000r\000a\000d\000i\000o\000\137\000s\000x\0001\0002\0007\0006\000\137\000r\000e\000g\000s\000.\000h}{chapter.12}% 1362
\BOOKMARK [1][-]{section.12.54}{\376\377\0001\0002\000.\0005\0004\000\040\000D\000o\000k\000u\000m\000e\000n\000t\000a\000c\000j\000a\000\040\000p\000l\000i\000k\000u\000\040\000C\000o\000r\000e\000/\000A\000p\000p\000/\000r\000a\000d\000i\000o\000\137\000l\000i\000b\000/\000m\000o\000d\000u\000l\000a\000t\000i\000o\000n\000s\000/\000f\000s\000k\000/\000r\000a\000d\000i\000o\000\137\000f\000s\000k\000.\000c}{chapter.12}% 1363
\BOOKMARK [2][-]{subsection.12.54.1}{\376\377\0001\0002\000.\0005\0004\000.\0001\000\040\000O\000p\000i\000s\000\040\000s\000z\000c\000z\000e\000g\000\363\001\102\000o\000w\000y}{section.12.54}% 1364
\BOOKMARK [2][-]{subsection.12.54.2}{\376\377\0001\0002\000.\0005\0004\000.\0002\000\040\000D\000o\000k\000u\000m\000e\000n\000t\000a\000c\000j\000a\000\040\000d\000e\000f\000i\000n\000i\000c\000j\000i}{section.12.54}% 1365
\BOOKMARK [3][-]{subsubsection.12.54.2.1}{\376\377\0001\0002\000.\0005\0004\000.\0002\000.\0001\000\040\000R\000A\000D\000I\000O\000\137\000F\000S\000K\000\137\000B\000R\000O\000A\000D\000C\000A\000S\000T\000\137\000A\000D\000D\000R\000E\000S\000S}{subsection.12.54.2}% 1366
\BOOKMARK [3][-]{subsubsection.12.54.2.2}{\376\377\0001\0002\000.\0005\0004\000.\0002\000.\0002\000\040\000R\000A\000D\000I\000O\000\137\000F\000S\000K\000\137\000F\000I\000F\000O\000\137\000M\000A\000X\000\137\000B\000Y\000T\000E\000S}{subsection.12.54.2}% 1367
\BOOKMARK [3][-]{subsubsection.12.54.2.3}{\376\377\0001\0002\000.\0005\0004\000.\0002\000.\0003\000\040\000R\000A\000D\000I\000O\000\137\000F\000S\000K\000\137\000F\000I\000F\000O\000\137\000T\000H\000R\000E\000S\000H\000\137\000L\000E\000V\000E\000L}{subsection.12.54.2}% 1368
\BOOKMARK [3][-]{subsubsection.12.54.2.4}{\376\377\0001\0002\000.\0005\0004\000.\0002\000.\0004\000\040\000R\000A\000D\000I\000O\000\137\000F\000S\000K\000\137\000N\000O\000D\000E\000\137\000A\000D\000D\000R\000E\000S\000S\000\137\000D\000E\000F\000A\000U\000L\000T}{subsection.12.54.2}% 1369
\BOOKMARK [3][-]{subsubsection.12.54.2.5}{\376\377\0001\0002\000.\0005\0004\000.\0002\000.\0005\000\040\000R\000A\000D\000I\000O\000\137\000F\000S\000K\000\137\000R\000E\000S\000E\000T\000\137\000H\000I\000G\000H\000\137\000D\000E\000L\000A\000Y\000\137\000M\000S}{subsection.12.54.2}% 1370
\BOOKMARK [3][-]{subsubsection.12.54.2.6}{\376\377\0001\0002\000.\0005\0004\000.\0002\000.\0006\000\040\000R\000A\000D\000I\000O\000\137\000F\000S\000K\000\137\000R\000E\000S\000E\000T\000\137\000L\000O\000W\000\137\000D\000E\000L\000A\000Y\000\137\000M\000S}{subsection.12.54.2}% 1371
\BOOKMARK [3][-]{subsubsection.12.54.2.7}{\376\377\0001\0002\000.\0005\0004\000.\0002\000.\0007\000\040\000R\000A\000D\000I\000O\000\137\000F\000S\000K\000\137\000T\000X\000\137\000G\000U\000A\000R\000D\000\137\000M\000S}{subsection.12.54.2}% 1372
\BOOKMARK [2][-]{subsection.12.54.3}{\376\377\0001\0002\000.\0005\0004\000.\0003\000\040\000D\000o\000k\000u\000m\000e\000n\000t\000a\000c\000j\000a\000\040\000f\000u\000n\000k\000c\000j\000i}{section.12.54}% 1373
\BOOKMARK [3][-]{subsubsection.12.54.3.1}{\376\377\0001\0002\000.\0005\0004\000.\0003\000.\0001\000\040\000r\000a\000d\000i\000o\000\137\000a\000p\000p\000l\000y\000\137\000f\000s\000k\000\137\000c\000o\000n\000f\000i\000g\000\050\000\051}{subsection.12.54.3}% 1374
\BOOKMARK [3][-]{subsubsection.12.54.3.2}{\376\377\0001\0002\000.\0005\0004\000.\0003\000.\0002\000\040\000r\000a\000d\000i\000o\000\137\000c\000f\000g\000\137\000v\000a\000l\000i\000d\000\050\000\051}{subsection.12.54.3}% 1375
\BOOKMARK [3][-]{subsubsection.12.54.3.3}{\376\377\0001\0002\000.\0005\0004\000.\0003\000.\0003\000\040\000r\000a\000d\000i\000o\000\137\000f\000s\000k\000\137\000d\000e\000f\000a\000u\000l\000t\000\137\000h\000w\000\137\000c\000f\000g\000\050\000\051}{subsection.12.54.3}% 1376
\BOOKMARK [3][-]{subsubsection.12.54.3.4}{\376\377\0001\0002\000.\0005\0004\000.\0003\000.\0004\000\040\000r\000a\000d\000i\000o\000\137\000f\000s\000k\000\137\000d\000e\000f\000a\000u\000l\000t\000\137\000l\000o\000r\000a\000\137\000c\000f\000g\000\050\000\051}{subsection.12.54.3}% 1377
\BOOKMARK [3][-]{subsubsection.12.54.3.5}{\376\377\0001\0002\000.\0005\0004\000.\0003\000.\0005\000\040\000r\000a\000d\000i\000o\000\137\000f\000s\000k\000\137\000d\000e\000i\000n\000i\000t\000\050\000\051}{subsection.12.54.3}% 1378
\BOOKMARK [3][-]{subsubsection.12.54.3.6}{\376\377\0001\0002\000.\0005\0004\000.\0003\000.\0006\000\040\000r\000a\000d\000i\000o\000\137\000f\000s\000k\000\137\000g\000e\000t\000\137\000l\000a\000s\000t\000\137\000p\000a\000c\000k\000e\000t\000\050\000\051}{subsection.12.54.3}% 1379
\BOOKMARK [3][-]{subsubsection.12.54.3.7}{\376\377\0001\0002\000.\0005\0004\000.\0003\000.\0007\000\040\000r\000a\000d\000i\000o\000\137\000f\000s\000k\000\137\000g\000e\000t\000\137\000s\000t\000a\000t\000e\000\050\000\051}{subsection.12.54.3}% 1380
\BOOKMARK [3][-]{subsubsection.12.54.3.8}{\376\377\0001\0002\000.\0005\0004\000.\0003\000.\0008\000\040\000r\000a\000d\000i\000o\000\137\000f\000s\000k\000\137\000i\000n\000i\000t\000\050\000\051}{subsection.12.54.3}% 1381
\BOOKMARK [3][-]{subsubsection.12.54.3.9}{\376\377\0001\0002\000.\0005\0004\000.\0003\000.\0009\000\040\000r\000a\000d\000i\000o\000\137\000f\000s\000k\000\137\000o\000n\000\137\000e\000x\000t\000i\000\050\000\051}{subsection.12.54.3}% 1382
\BOOKMARK [3][-]{subsubsection.12.54.3.10}{\376\377\0001\0002\000.\0005\0004\000.\0003\000.\0001\0000\000\040\000r\000a\000d\000i\000o\000\137\000f\000s\000k\000\137\000p\000r\000o\000c\000e\000s\000s\000\050\000\051}{subsection.12.54.3}% 1383
\BOOKMARK [3][-]{subsubsection.12.54.3.11}{\376\377\0001\0002\000.\0005\0004\000.\0003\000.\0001\0001\000\040\000r\000a\000d\000i\000o\000\137\000f\000s\000k\000\137\000r\000a\000w\000\137\000r\000e\000a\000d\000\137\000b\000u\000r\000s\000t\000\050\000\051}{subsection.12.54.3}% 1384
\BOOKMARK [3][-]{subsubsection.12.54.3.12}{\376\377\0001\0002\000.\0005\0004\000.\0003\000.\0001\0002\000\040\000r\000a\000d\000i\000o\000\137\000f\000s\000k\000\137\000r\000a\000w\000\137\000r\000e\000a\000d\000\137\000r\000e\000g\000\050\000\051}{subsection.12.54.3}% 1385
\BOOKMARK [3][-]{subsubsection.12.54.3.13}{\376\377\0001\0002\000.\0005\0004\000.\0003\000.\0001\0003\000\040\000r\000a\000d\000i\000o\000\137\000f\000s\000k\000\137\000r\000a\000w\000\137\000w\000r\000i\000t\000e\000\137\000b\000u\000r\000s\000t\000\050\000\051}{subsection.12.54.3}% 1386
\BOOKMARK [3][-]{subsubsection.12.54.3.14}{\376\377\0001\0002\000.\0005\0004\000.\0003\000.\0001\0004\000\040\000r\000a\000d\000i\000o\000\137\000f\000s\000k\000\137\000r\000a\000w\000\137\000w\000r\000i\000t\000e\000\137\000r\000e\000g\000\050\000\051}{subsection.12.54.3}% 1387
\BOOKMARK [3][-]{subsubsection.12.54.3.15}{\376\377\0001\0002\000.\0005\0004\000.\0003\000.\0001\0005\000\040\000r\000a\000d\000i\000o\000\137\000f\000s\000k\000\137\000s\000e\000n\000d\000\137\000a\000s\000y\000n\000c\000\050\000\051}{subsection.12.54.3}% 1388
\BOOKMARK [3][-]{subsubsection.12.54.3.16}{\376\377\0001\0002\000.\0005\0004\000.\0003\000.\0001\0006\000\040\000r\000a\000d\000i\000o\000\137\000f\000s\000k\000\137\000s\000e\000t\000\137\000r\000u\000n\000t\000i\000m\000e\000\137\000c\000f\000g\000\050\000\051}{subsection.12.54.3}% 1389
\BOOKMARK [3][-]{subsubsection.12.54.3.17}{\376\377\0001\0002\000.\0005\0004\000.\0003\000.\0001\0007\000\040\000r\000a\000d\000i\000o\000\137\000f\000s\000k\000\137\000s\000l\000e\000e\000p\000\050\000\051}{subsection.12.54.3}% 1390
\BOOKMARK [3][-]{subsubsection.12.54.3.18}{\376\377\0001\0002\000.\0005\0004\000.\0003\000.\0001\0008\000\040\000r\000a\000d\000i\000o\000\137\000f\000s\000k\000\137\000s\000t\000a\000n\000d\000b\000y\000\050\000\051}{subsection.12.54.3}% 1391
\BOOKMARK [3][-]{subsubsection.12.54.3.19}{\376\377\0001\0002\000.\0005\0004\000.\0003\000.\0001\0009\000\040\000r\000a\000d\000i\000o\000\137\000f\000s\000k\000\137\000s\000t\000a\000r\000t\000\137\000r\000x\000\137\000c\000o\000n\000t\000i\000n\000u\000o\000u\000s\000\050\000\051}{subsection.12.54.3}% 1392
\BOOKMARK [3][-]{subsubsection.12.54.3.20}{\376\377\0001\0002\000.\0005\0004\000.\0003\000.\0002\0000\000\040\000r\000a\000d\000i\000o\000\137\000f\000s\000k\000\137\000s\000t\000a\000r\000t\000\137\000r\000x\000\137\000s\000i\000n\000g\000l\000e\000\050\000\051}{subsection.12.54.3}% 1393
\BOOKMARK [3][-]{subsubsection.12.54.3.21}{\376\377\0001\0002\000.\0005\0004\000.\0003\000.\0002\0001\000\040\000r\000a\000d\000i\000o\000\137\000f\000s\000k\000\137\000t\000a\000k\000e\000\137\000e\000v\000e\000n\000t\000s\000\050\000\051}{subsection.12.54.3}% 1394
\BOOKMARK [3][-]{subsubsection.12.54.3.22}{\376\377\0001\0002\000.\0005\0004\000.\0003\000.\0002\0002\000\040\000r\000a\000d\000i\000o\000\137\000g\000e\000t\000\137\000f\000r\000e\000q\000u\000e\000n\000c\000y\000\137\000d\000e\000v\000i\000a\000t\000i\000o\000n\000\050\000\051}{subsection.12.54.3}% 1395
\BOOKMARK [3][-]{subsubsection.12.54.3.23}{\376\377\0001\0002\000.\0005\0004\000.\0003\000.\0002\0003\000\040\000r\000a\000d\000i\000o\000\137\000g\000e\000t\000\137\000p\000a\000c\000k\000e\000t\000\137\000c\000o\000n\000f\000i\000g\000\137\0001\000\050\000\051}{subsection.12.54.3}% 1396
\BOOKMARK [3][-]{subsubsection.12.54.3.24}{\376\377\0001\0002\000.\0005\0004\000.\0003\000.\0002\0004\000\040\000r\000a\000d\000i\000o\000\137\000g\000e\000t\000\137\000r\000x\000\137\000b\000w\000\137\000r\000e\000g\000\137\000v\000a\000l\000u\000e\000\050\000\051}{subsection.12.54.3}% 1397
\BOOKMARK [3][-]{subsubsection.12.54.3.25}{\376\377\0001\0002\000.\0005\0004\000.\0003\000.\0002\0005\000\040\000r\000a\000d\000i\000o\000\137\000g\000e\000t\000\137\000s\000h\000a\000p\000i\000n\000g\000\137\000b\000i\000t\000s\000\050\000\051}{subsection.12.54.3}% 1398
\BOOKMARK [3][-]{subsubsection.12.54.3.26}{\376\377\0001\0002\000.\0005\0004\000.\0003\000.\0002\0006\000\040\000r\000a\000d\000i\000o\000\137\000h\000a\000n\000d\000l\000e\000\137\000e\000x\000t\000i\000\137\000p\000i\000n\000\050\000\051}{subsection.12.54.3}% 1399
\BOOKMARK [3][-]{subsubsection.12.54.3.27}{\376\377\0001\0002\000.\0005\0004\000.\0003\000.\0002\0007\000\040\000r\000a\000d\000i\000o\000\137\000h\000w\000\137\000r\000e\000s\000e\000t\000\050\000\051}{subsection.12.54.3}% 1400
\BOOKMARK [3][-]{subsubsection.12.54.3.28}{\376\377\0001\0002\000.\0005\0004\000.\0003\000.\0002\0008\000\040\000r\000a\000d\000i\000o\000\137\000i\000r\000q\000\137\000r\000e\000s\000t\000o\000r\000e\000\050\000\051}{subsection.12.54.3}% 1401
\BOOKMARK [3][-]{subsubsection.12.54.3.29}{\376\377\0001\0002\000.\0005\0004\000.\0003\000.\0002\0009\000\040\000r\000a\000d\000i\000o\000\137\000i\000r\000q\000\137\000s\000a\000v\000e\000\050\000\051}{subsection.12.54.3}% 1402
\BOOKMARK [3][-]{subsubsection.12.54.3.30}{\376\377\0001\0002\000.\0005\0004\000.\0003\000.\0003\0000\000\040\000r\000a\000d\000i\000o\000\137\000r\000e\000a\000d\000\137\000r\000x\000\137\000p\000a\000c\000k\000e\000t\000\050\000\051}{subsection.12.54.3}% 1403
\BOOKMARK [3][-]{subsubsection.12.54.3.31}{\376\377\0001\0002\000.\0005\0004\000.\0003\000.\0003\0001\000\040\000r\000a\000d\000i\000o\000\137\000r\000e\000s\000u\000m\000e\000\137\000a\000f\000t\000e\000r\000\137\000t\000x\000\050\000\051}{subsection.12.54.3}% 1404
\BOOKMARK [3][-]{subsubsection.12.54.3.32}{\376\377\0001\0002\000.\0005\0004\000.\0003\000.\0003\0002\000\040\000r\000a\000d\000i\000o\000\137\000r\000x\000\137\000s\000i\000n\000g\000l\000e\000\137\000t\000i\000m\000e\000o\000u\000t\000\137\000m\000s\000\050\000\051}{subsection.12.54.3}% 1405
\BOOKMARK [3][-]{subsubsection.12.54.3.33}{\376\377\0001\0002\000.\0005\0004\000.\0003\000.\0003\0003\000\040\000r\000a\000d\000i\000o\000\137\000s\000e\000t\000\137\000e\000v\000e\000n\000t\000\137\000f\000l\000a\000g\000s\000\050\000\051}{subsection.12.54.3}% 1406
\BOOKMARK [3][-]{subsubsection.12.54.3.34}{\376\377\0001\0002\000.\0005\0004\000.\0003\000.\0003\0004\000\040\000r\000a\000d\000i\000o\000\137\000s\000e\000t\000\137\000o\000p\000\137\000m\000o\000d\000e\000\137\000r\000e\000a\000d\000y\000\050\000\051}{subsection.12.54.3}% 1407
\BOOKMARK [3][-]{subsubsection.12.54.3.35}{\376\377\0001\0002\000.\0005\0004\000.\0003\000.\0003\0005\000\040\000r\000a\000d\000i\000o\000\137\000s\000e\000t\000\137\000s\000t\000a\000t\000e\000\050\000\051}{subsection.12.54.3}% 1408
\BOOKMARK [3][-]{subsubsection.12.54.3.36}{\376\377\0001\0002\000.\0005\0004\000.\0003\000.\0003\0006\000\040\000r\000a\000d\000i\000o\000\137\000t\000x\000\137\000t\000i\000m\000e\000o\000u\000t\000\137\000m\000s\000\050\000\051}{subsection.12.54.3}% 1409
\BOOKMARK [3][-]{subsubsection.12.54.3.37}{\376\377\0001\0002\000.\0005\0004\000.\0003\000.\0003\0007\000\040\000r\000a\000d\000i\000o\000\137\000w\000r\000i\000t\000e\000\137\000s\000y\000n\000c\000\137\000w\000o\000r\000d\000\050\000\051}{subsection.12.54.3}% 1410
\BOOKMARK [2][-]{subsection.12.54.4}{\376\377\0001\0002\000.\0005\0004\000.\0004\000\040\000D\000o\000k\000u\000m\000e\000n\000t\000a\000c\000j\000a\000\040\000z\000m\000i\000e\000n\000n\000y\000c\000h}{section.12.54}% 1411
\BOOKMARK [3][-]{subsubsection.12.54.4.1}{\376\377\0001\0002\000.\0005\0004\000.\0004\000.\0001\000\040\000s\000\137\000r\000a\000d\000i\000o}{subsection.12.54.4}% 1412
\BOOKMARK [3][-]{subsubsection.12.54.4.2}{\376\377\0001\0002\000.\0005\0004\000.\0004\000.\0002\000\040\000s\000\137\000r\000u\000n\000t\000i\000m\000e\000\137\000c\000f\000g}{subsection.12.54.4}% 1413
\BOOKMARK [3][-]{subsubsection.12.54.4.3}{\376\377\0001\0002\000.\0005\0004\000.\0004\000.\0003\000\040\000s\000\137\000r\000u\000n\000t\000i\000m\000e\000\137\000c\000f\000g\000\137\000r\000e\000a\000d\000y}{subsection.12.54.4}% 1414
\BOOKMARK [1][-]{section.12.55}{\376\377\0001\0002\000.\0005\0005\000\040\000r\000a\000d\000i\000o\000\137\000f\000s\000k\000.\000c}{chapter.12}% 1415
\BOOKMARK [1][-]{section.12.56}{\376\377\0001\0002\000.\0005\0006\000\040\000D\000o\000k\000u\000m\000e\000n\000t\000a\000c\000j\000a\000\040\000p\000l\000i\000k\000u\000\040\000C\000o\000r\000e\000/\000A\000p\000p\000/\000r\000a\000d\000i\000o\000\137\000l\000i\000b\000/\000m\000o\000d\000u\000l\000a\000t\000i\000o\000n\000s\000/\000f\000s\000k\000/\000r\000a\000d\000i\000o\000\137\000f\000s\000k\000.\000h}{chapter.12}% 1416
\BOOKMARK [2][-]{subsection.12.56.1}{\376\377\0001\0002\000.\0005\0006\000.\0001\000\040\000O\000p\000i\000s\000\040\000s\000z\000c\000z\000e\000g\000\363\001\102\000o\000w\000y}{section.12.56}% 1417
\BOOKMARK [2][-]{subsection.12.56.2}{\376\377\0001\0002\000.\0005\0006\000.\0002\000\040\000D\000o\000k\000u\000m\000e\000n\000t\000a\000c\000j\000a\000\040\000f\000u\000n\000k\000c\000j\000i}{section.12.56}% 1418
\BOOKMARK [3][-]{subsubsection.12.56.2.1}{\376\377\0001\0002\000.\0005\0006\000.\0002\000.\0001\000\040\000r\000a\000d\000i\000o\000\137\000f\000s\000k\000\137\000d\000e\000f\000a\000u\000l\000t\000\137\000h\000w\000\137\000c\000f\000g\000\050\000\051}{subsection.12.56.2}% 1419
\BOOKMARK [3][-]{subsubsection.12.56.2.2}{\376\377\0001\0002\000.\0005\0006\000.\0002\000.\0002\000\040\000r\000a\000d\000i\000o\000\137\000f\000s\000k\000\137\000d\000e\000f\000a\000u\000l\000t\000\137\000l\000o\000r\000a\000\137\000c\000f\000g\000\050\000\051}{subsection.12.56.2}% 1420
\BOOKMARK [3][-]{subsubsection.12.56.2.3}{\376\377\0001\0002\000.\0005\0006\000.\0002\000.\0003\000\040\000r\000a\000d\000i\000o\000\137\000f\000s\000k\000\137\000d\000e\000i\000n\000i\000t\000\050\000\051}{subsection.12.56.2}% 1421
\BOOKMARK [3][-]{subsubsection.12.56.2.4}{\376\377\0001\0002\000.\0005\0006\000.\0002\000.\0004\000\040\000r\000a\000d\000i\000o\000\137\000f\000s\000k\000\137\000g\000e\000t\000\137\000l\000a\000s\000t\000\137\000p\000a\000c\000k\000e\000t\000\050\000\051}{subsection.12.56.2}% 1422
\BOOKMARK [3][-]{subsubsection.12.56.2.5}{\376\377\0001\0002\000.\0005\0006\000.\0002\000.\0005\000\040\000r\000a\000d\000i\000o\000\137\000f\000s\000k\000\137\000g\000e\000t\000\137\000s\000t\000a\000t\000e\000\050\000\051}{subsection.12.56.2}% 1423
\BOOKMARK [3][-]{subsubsection.12.56.2.6}{\376\377\0001\0002\000.\0005\0006\000.\0002\000.\0006\000\040\000r\000a\000d\000i\000o\000\137\000f\000s\000k\000\137\000i\000n\000i\000t\000\050\000\051}{subsection.12.56.2}% 1424
\BOOKMARK [3][-]{subsubsection.12.56.2.7}{\376\377\0001\0002\000.\0005\0006\000.\0002\000.\0007\000\040\000r\000a\000d\000i\000o\000\137\000f\000s\000k\000\137\000o\000n\000\137\000e\000x\000t\000i\000\050\000\051}{subsection.12.56.2}% 1425
\BOOKMARK [3][-]{subsubsection.12.56.2.8}{\376\377\0001\0002\000.\0005\0006\000.\0002\000.\0008\000\040\000r\000a\000d\000i\000o\000\137\000f\000s\000k\000\137\000p\000r\000o\000c\000e\000s\000s\000\050\000\051}{subsection.12.56.2}% 1426
\BOOKMARK [3][-]{subsubsection.12.56.2.9}{\376\377\0001\0002\000.\0005\0006\000.\0002\000.\0009\000\040\000r\000a\000d\000i\000o\000\137\000f\000s\000k\000\137\000r\000a\000w\000\137\000r\000e\000a\000d\000\137\000b\000u\000r\000s\000t\000\050\000\051}{subsection.12.56.2}% 1427
\BOOKMARK [3][-]{subsubsection.12.56.2.10}{\376\377\0001\0002\000.\0005\0006\000.\0002\000.\0001\0000\000\040\000r\000a\000d\000i\000o\000\137\000f\000s\000k\000\137\000r\000a\000w\000\137\000r\000e\000a\000d\000\137\000r\000e\000g\000\050\000\051}{subsection.12.56.2}% 1428
\BOOKMARK [3][-]{subsubsection.12.56.2.11}{\376\377\0001\0002\000.\0005\0006\000.\0002\000.\0001\0001\000\040\000r\000a\000d\000i\000o\000\137\000f\000s\000k\000\137\000r\000a\000w\000\137\000w\000r\000i\000t\000e\000\137\000b\000u\000r\000s\000t\000\050\000\051}{subsection.12.56.2}% 1429
\BOOKMARK [3][-]{subsubsection.12.56.2.12}{\376\377\0001\0002\000.\0005\0006\000.\0002\000.\0001\0002\000\040\000r\000a\000d\000i\000o\000\137\000f\000s\000k\000\137\000r\000a\000w\000\137\000w\000r\000i\000t\000e\000\137\000r\000e\000g\000\050\000\051}{subsection.12.56.2}% 1430
\BOOKMARK [3][-]{subsubsection.12.56.2.13}{\376\377\0001\0002\000.\0005\0006\000.\0002\000.\0001\0003\000\040\000r\000a\000d\000i\000o\000\137\000f\000s\000k\000\137\000s\000e\000n\000d\000\137\000a\000s\000y\000n\000c\000\050\000\051}{subsection.12.56.2}% 1431
\BOOKMARK [3][-]{subsubsection.12.56.2.14}{\376\377\0001\0002\000.\0005\0006\000.\0002\000.\0001\0004\000\040\000r\000a\000d\000i\000o\000\137\000f\000s\000k\000\137\000s\000e\000t\000\137\000r\000u\000n\000t\000i\000m\000e\000\137\000c\000f\000g\000\050\000\051}{subsection.12.56.2}% 1432
\BOOKMARK [3][-]{subsubsection.12.56.2.15}{\376\377\0001\0002\000.\0005\0006\000.\0002\000.\0001\0005\000\040\000r\000a\000d\000i\000o\000\137\000f\000s\000k\000\137\000s\000l\000e\000e\000p\000\050\000\051}{subsection.12.56.2}% 1433
\BOOKMARK [3][-]{subsubsection.12.56.2.16}{\376\377\0001\0002\000.\0005\0006\000.\0002\000.\0001\0006\000\040\000r\000a\000d\000i\000o\000\137\000f\000s\000k\000\137\000s\000t\000a\000n\000d\000b\000y\000\050\000\051}{subsection.12.56.2}% 1434
\BOOKMARK [3][-]{subsubsection.12.56.2.17}{\376\377\0001\0002\000.\0005\0006\000.\0002\000.\0001\0007\000\040\000r\000a\000d\000i\000o\000\137\000f\000s\000k\000\137\000s\000t\000a\000r\000t\000\137\000r\000x\000\137\000c\000o\000n\000t\000i\000n\000u\000o\000u\000s\000\050\000\051}{subsection.12.56.2}% 1435
\BOOKMARK [3][-]{subsubsection.12.56.2.18}{\376\377\0001\0002\000.\0005\0006\000.\0002\000.\0001\0008\000\040\000r\000a\000d\000i\000o\000\137\000f\000s\000k\000\137\000s\000t\000a\000r\000t\000\137\000r\000x\000\137\000s\000i\000n\000g\000l\000e\000\050\000\051}{subsection.12.56.2}% 1436
\BOOKMARK [3][-]{subsubsection.12.56.2.19}{\376\377\0001\0002\000.\0005\0006\000.\0002\000.\0001\0009\000\040\000r\000a\000d\000i\000o\000\137\000f\000s\000k\000\137\000t\000a\000k\000e\000\137\000e\000v\000e\000n\000t\000s\000\050\000\051}{subsection.12.56.2}% 1437
\BOOKMARK [1][-]{section.12.57}{\376\377\0001\0002\000.\0005\0007\000\040\000r\000a\000d\000i\000o\000\137\000f\000s\000k\000.\000h}{chapter.12}% 1438
\BOOKMARK [1][-]{section.12.58}{\376\377\0001\0002\000.\0005\0008\000\040\000D\000o\000k\000u\000m\000e\000n\000t\000a\000c\000j\000a\000\040\000p\000l\000i\000k\000u\000\040\000C\000o\000r\000e\000/\000A\000p\000p\000/\000r\000a\000d\000i\000o\000\137\000l\000i\000b\000/\000m\000o\000d\000u\000l\000a\000t\000i\000o\000n\000s\000/\000l\000o\000r\000a\000/\000r\000a\000d\000i\000o\000\137\000l\000o\000r\000a\000.\000c}{chapter.12}% 1439
\BOOKMARK [2][-]{subsection.12.58.1}{\376\377\0001\0002\000.\0005\0008\000.\0001\000\040\000O\000p\000i\000s\000\040\000s\000z\000c\000z\000e\000g\000\363\001\102\000o\000w\000y}{section.12.58}% 1440
\BOOKMARK [2][-]{subsection.12.58.2}{\376\377\0001\0002\000.\0005\0008\000.\0002\000\040\000D\000o\000k\000u\000m\000e\000n\000t\000a\000c\000j\000a\000\040\000d\000e\000f\000i\000n\000i\000c\000j\000i}{section.12.58}% 1441
\BOOKMARK [3][-]{subsubsection.12.58.2.1}{\376\377\0001\0002\000.\0005\0008\000.\0002\000.\0001\000\040\000R\000A\000D\000I\000O\000\137\000D\000E\000F\000A\000U\000L\000T\000\137\000R\000X\000\137\000T\000I\000M\000E\000O\000U\000T\000\137\000S\000Y\000M\000B\000O\000L\000S}{subsection.12.58.2}% 1442
\BOOKMARK [3][-]{subsubsection.12.58.2.2}{\376\377\0001\0002\000.\0005\0008\000.\0002\000.\0002\000\040\000R\000A\000D\000I\000O\000\137\000R\000E\000S\000E\000T\000\137\000H\000I\000G\000H\000\137\000D\000E\000L\000A\000Y\000\137\000M\000S}{subsection.12.58.2}% 1443
\BOOKMARK [3][-]{subsubsection.12.58.2.3}{\376\377\0001\0002\000.\0005\0008\000.\0002\000.\0003\000\040\000R\000A\000D\000I\000O\000\137\000R\000E\000S\000E\000T\000\137\000L\000O\000W\000\137\000D\000E\000L\000A\000Y\000\137\000M\000S}{subsection.12.58.2}% 1444
\BOOKMARK [3][-]{subsubsection.12.58.2.4}{\376\377\0001\0002\000.\0005\0008\000.\0002\000.\0004\000\040\000R\000A\000D\000I\000O\000\137\000S\000X\0001\0002\0007\0006\000\137\000F\000I\000F\000O\000\137\000R\000X\000\137\000B\000A\000S\000E\000\137\000A\000D\000D\000R}{subsection.12.58.2}% 1445
\BOOKMARK [3][-]{subsubsection.12.58.2.5}{\376\377\0001\0002\000.\0005\0008\000.\0002\000.\0005\000\040\000R\000A\000D\000I\000O\000\137\000S\000X\0001\0002\0007\0006\000\137\000F\000I\000F\000O\000\137\000T\000X\000\137\000B\000A\000S\000E\000\137\000A\000D\000D\000R}{subsection.12.58.2}% 1446
\BOOKMARK [2][-]{subsection.12.58.3}{\376\377\0001\0002\000.\0005\0008\000.\0003\000\040\000D\000o\000k\000u\000m\000e\000n\000t\000a\000c\000j\000a\000\040\000f\000u\000n\000k\000c\000j\000i}{section.12.58}% 1447
\BOOKMARK [3][-]{subsubsection.12.58.3.1}{\376\377\0001\0002\000.\0005\0008\000.\0003\000.\0001\000\040\000r\000a\000d\000i\000o\000\137\000a\000p\000p\000l\000y\000\137\000l\000o\000r\000a\000\137\000c\000o\000n\000f\000i\000g\000\050\000\051}{subsection.12.58.3}% 1448
\BOOKMARK [3][-]{subsubsection.12.58.3.2}{\376\377\0001\0002\000.\0005\0008\000.\0003\000.\0002\000\040\000r\000a\000d\000i\000o\000\137\000c\000f\000g\000\137\000v\000a\000l\000i\000d\000\050\000\051}{subsection.12.58.3}% 1449
\BOOKMARK [3][-]{subsubsection.12.58.3.3}{\376\377\0001\0002\000.\0005\0008\000.\0003\000.\0003\000\040\000r\000a\000d\000i\000o\000\137\000c\000o\000n\000f\000i\000g\000\137\000d\000i\000o\000\137\000f\000o\000r\000\137\000r\000x\000\050\000\051}{subsection.12.58.3}% 1450
\BOOKMARK [3][-]{subsubsection.12.58.3.4}{\376\377\0001\0002\000.\0005\0008\000.\0003\000.\0004\000\040\000r\000a\000d\000i\000o\000\137\000c\000o\000n\000f\000i\000g\000\137\000d\000i\000o\000\137\000f\000o\000r\000\137\000t\000x\000\050\000\051}{subsection.12.58.3}% 1451
\BOOKMARK [3][-]{subsubsection.12.58.3.5}{\376\377\0001\0002\000.\0005\0008\000.\0003\000.\0005\000\040\000r\000a\000d\000i\000o\000\137\000h\000a\000n\000d\000l\000e\000\137\000e\000x\000t\000i\000\137\000p\000i\000n\000\050\000\051}{subsection.12.58.3}% 1452
\BOOKMARK [3][-]{subsubsection.12.58.3.6}{\376\377\0001\0002\000.\0005\0008\000.\0003\000.\0006\000\040\000r\000a\000d\000i\000o\000\137\000h\000w\000\137\000r\000e\000s\000e\000t\000\050\000\051}{subsection.12.58.3}% 1453
\BOOKMARK [3][-]{subsubsection.12.58.3.7}{\376\377\0001\0002\000.\0005\0008\000.\0003\000.\0007\000\040\000r\000a\000d\000i\000o\000\137\000i\000r\000q\000\137\000r\000e\000s\000t\000o\000r\000e\000\050\000\051}{subsection.12.58.3}% 1454
\BOOKMARK [3][-]{subsubsection.12.58.3.8}{\376\377\0001\0002\000.\0005\0008\000.\0003\000.\0008\000\040\000r\000a\000d\000i\000o\000\137\000i\000r\000q\000\137\000s\000a\000v\000e\000\050\000\051}{subsection.12.58.3}% 1455
\BOOKMARK [3][-]{subsubsection.12.58.3.9}{\376\377\0001\0002\000.\0005\0008\000.\0003\000.\0009\000\040\000r\000a\000d\000i\000o\000\137\000l\000o\000r\000a\000\137\000d\000e\000f\000a\000u\000l\000t\000\137\000h\000w\000\137\000c\000f\000g\000\050\000\051}{subsection.12.58.3}% 1456
\BOOKMARK [3][-]{subsubsection.12.58.3.10}{\376\377\0001\0002\000.\0005\0008\000.\0003\000.\0001\0000\000\040\000r\000a\000d\000i\000o\000\137\000l\000o\000r\000a\000\137\000d\000e\000f\000a\000u\000l\000t\000\137\000l\000o\000r\000a\000\137\000c\000f\000g\000\050\000\051}{subsection.12.58.3}% 1457
\BOOKMARK [3][-]{subsubsection.12.58.3.11}{\376\377\0001\0002\000.\0005\0008\000.\0003\000.\0001\0001\000\040\000r\000a\000d\000i\000o\000\137\000l\000o\000r\000a\000\137\000d\000e\000i\000n\000i\000t\000\050\000\051}{subsection.12.58.3}% 1458
\BOOKMARK [3][-]{subsubsection.12.58.3.12}{\376\377\0001\0002\000.\0005\0008\000.\0003\000.\0001\0002\000\040\000r\000a\000d\000i\000o\000\137\000l\000o\000r\000a\000\137\000g\000e\000t\000\137\000l\000a\000s\000t\000\137\000p\000a\000c\000k\000e\000t\000\050\000\051}{subsection.12.58.3}% 1459
\BOOKMARK [3][-]{subsubsection.12.58.3.13}{\376\377\0001\0002\000.\0005\0008\000.\0003\000.\0001\0003\000\040\000r\000a\000d\000i\000o\000\137\000l\000o\000r\000a\000\137\000g\000e\000t\000\137\000s\000t\000a\000t\000e\000\050\000\051}{subsection.12.58.3}% 1460
\BOOKMARK [3][-]{subsubsection.12.58.3.14}{\376\377\0001\0002\000.\0005\0008\000.\0003\000.\0001\0004\000\040\000r\000a\000d\000i\000o\000\137\000l\000o\000r\000a\000\137\000i\000n\000i\000t\000\050\000\051}{subsection.12.58.3}% 1461
\BOOKMARK [3][-]{subsubsection.12.58.3.15}{\376\377\0001\0002\000.\0005\0008\000.\0003\000.\0001\0005\000\040\000r\000a\000d\000i\000o\000\137\000l\000o\000r\000a\000\137\000o\000n\000\137\000e\000x\000t\000i\000\050\000\051}{subsection.12.58.3}% 1462
\BOOKMARK [3][-]{subsubsection.12.58.3.16}{\376\377\0001\0002\000.\0005\0008\000.\0003\000.\0001\0006\000\040\000r\000a\000d\000i\000o\000\137\000l\000o\000r\000a\000\137\000p\000r\000o\000c\000e\000s\000s\000\050\000\051}{subsection.12.58.3}% 1463
\BOOKMARK [3][-]{subsubsection.12.58.3.17}{\376\377\0001\0002\000.\0005\0008\000.\0003\000.\0001\0007\000\040\000r\000a\000d\000i\000o\000\137\000l\000o\000r\000a\000\137\000r\000a\000w\000\137\000r\000e\000a\000d\000\137\000b\000u\000r\000s\000t\000\050\000\051}{subsection.12.58.3}% 1464
\BOOKMARK [3][-]{subsubsection.12.58.3.18}{\376\377\0001\0002\000.\0005\0008\000.\0003\000.\0001\0008\000\040\000r\000a\000d\000i\000o\000\137\000l\000o\000r\000a\000\137\000r\000a\000w\000\137\000r\000e\000a\000d\000\137\000r\000e\000g\000\050\000\051}{subsection.12.58.3}% 1465
\BOOKMARK [3][-]{subsubsection.12.58.3.19}{\376\377\0001\0002\000.\0005\0008\000.\0003\000.\0001\0009\000\040\000r\000a\000d\000i\000o\000\137\000l\000o\000r\000a\000\137\000r\000a\000w\000\137\000w\000r\000i\000t\000e\000\137\000b\000u\000r\000s\000t\000\050\000\051}{subsection.12.58.3}% 1466
\BOOKMARK [3][-]{subsubsection.12.58.3.20}{\376\377\0001\0002\000.\0005\0008\000.\0003\000.\0002\0000\000\040\000r\000a\000d\000i\000o\000\137\000l\000o\000r\000a\000\137\000r\000a\000w\000\137\000w\000r\000i\000t\000e\000\137\000r\000e\000g\000\050\000\051}{subsection.12.58.3}% 1467
\BOOKMARK [3][-]{subsubsection.12.58.3.21}{\376\377\0001\0002\000.\0005\0008\000.\0003\000.\0002\0001\000\040\000r\000a\000d\000i\000o\000\137\000l\000o\000r\000a\000\137\000s\000e\000n\000d\000\137\000a\000s\000y\000n\000c\000\050\000\051}{subsection.12.58.3}% 1468
\BOOKMARK [3][-]{subsubsection.12.58.3.22}{\376\377\0001\0002\000.\0005\0008\000.\0003\000.\0002\0002\000\040\000r\000a\000d\000i\000o\000\137\000l\000o\000r\000a\000\137\000s\000l\000e\000e\000p\000\050\000\051}{subsection.12.58.3}% 1469
\BOOKMARK [3][-]{subsubsection.12.58.3.23}{\376\377\0001\0002\000.\0005\0008\000.\0003\000.\0002\0003\000\040\000r\000a\000d\000i\000o\000\137\000l\000o\000r\000a\000\137\000s\000t\000a\000n\000d\000b\000y\000\050\000\051}{subsection.12.58.3}% 1470
\BOOKMARK [3][-]{subsubsection.12.58.3.24}{\376\377\0001\0002\000.\0005\0008\000.\0003\000.\0002\0004\000\040\000r\000a\000d\000i\000o\000\137\000l\000o\000r\000a\000\137\000s\000t\000a\000r\000t\000\137\000r\000x\000\137\000c\000o\000n\000t\000i\000n\000u\000o\000u\000s\000\050\000\051}{subsection.12.58.3}% 1471
\BOOKMARK [3][-]{subsubsection.12.58.3.25}{\376\377\0001\0002\000.\0005\0008\000.\0003\000.\0002\0005\000\040\000r\000a\000d\000i\000o\000\137\000l\000o\000r\000a\000\137\000s\000t\000a\000r\000t\000\137\000r\000x\000\137\000s\000i\000n\000g\000l\000e\000\050\000\051}{subsection.12.58.3}% 1472
\BOOKMARK [3][-]{subsubsection.12.58.3.26}{\376\377\0001\0002\000.\0005\0008\000.\0003\000.\0002\0006\000\040\000r\000a\000d\000i\000o\000\137\000l\000o\000r\000a\000\137\000t\000a\000k\000e\000\137\000e\000v\000e\000n\000t\000s\000\050\000\051}{subsection.12.58.3}% 1473
\BOOKMARK [3][-]{subsubsection.12.58.3.27}{\376\377\0001\0002\000.\0005\0008\000.\0003\000.\0002\0007\000\040\000r\000a\000d\000i\000o\000\137\000l\000o\000w\000\137\000d\000a\000t\000a\000\137\000r\000a\000t\000e\000\137\000o\000p\000t\000i\000m\000i\000z\000e\000\137\000r\000e\000q\000u\000i\000r\000e\000d\000\050\000\051}{subsection.12.58.3}% 1474
\BOOKMARK [3][-]{subsubsection.12.58.3.28}{\376\377\0001\0002\000.\0005\0008\000.\0003\000.\0002\0008\000\040\000r\000a\000d\000i\000o\000\137\000r\000e\000a\000d\000\137\000i\000r\000q\000\137\000f\000l\000a\000g\000s\000\137\000r\000e\000t\000r\000y\000\050\000\051}{subsection.12.58.3}% 1475
\BOOKMARK [3][-]{subsubsection.12.58.3.29}{\376\377\0001\0002\000.\0005\0008\000.\0003\000.\0002\0009\000\040\000r\000a\000d\000i\000o\000\137\000r\000e\000a\000d\000\137\000r\000x\000\137\000p\000a\000c\000k\000e\000t\000\050\000\051}{subsection.12.58.3}% 1476
\BOOKMARK [3][-]{subsubsection.12.58.3.30}{\376\377\0001\0002\000.\0005\0008\000.\0003\000.\0003\0000\000\040\000r\000a\000d\000i\000o\000\137\000r\000e\000s\000u\000m\000e\000\137\000a\000f\000t\000e\000r\000\137\000t\000x\000\050\000\051}{subsection.12.58.3}% 1477
\BOOKMARK [3][-]{subsubsection.12.58.3.31}{\376\377\0001\0002\000.\0005\0008\000.\0003\000.\0003\0001\000\040\000r\000a\000d\000i\000o\000\137\000s\000e\000t\000\137\000e\000v\000e\000n\000t\000\137\000f\000l\000a\000g\000s\000\050\000\051}{subsection.12.58.3}% 1478
\BOOKMARK [3][-]{subsubsection.12.58.3.32}{\376\377\0001\0002\000.\0005\0008\000.\0003\000.\0003\0002\000\040\000r\000a\000d\000i\000o\000\137\000s\000e\000t\000\137\000s\000t\000a\000t\000e\000\050\000\051}{subsection.12.58.3}% 1479
\BOOKMARK [3][-]{subsubsection.12.58.3.33}{\376\377\0001\0002\000.\0005\0008\000.\0003\000.\0003\0003\000\040\000r\000a\000d\000i\000o\000\137\000w\000a\000i\000t\000\137\000f\000o\000r\000\137\000t\000x\000\137\000e\000n\000t\000e\000r\000\137\000o\000r\000\137\000d\000o\000n\000e\000\050\000\051}{subsection.12.58.3}% 1480
\BOOKMARK [2][-]{subsection.12.58.4}{\376\377\0001\0002\000.\0005\0008\000.\0004\000\040\000D\000o\000k\000u\000m\000e\000n\000t\000a\000c\000j\000a\000\040\000z\000m\000i\000e\000n\000n\000y\000c\000h}{section.12.58}% 1481
\BOOKMARK [3][-]{subsubsection.12.58.4.1}{\376\377\0001\0002\000.\0005\0008\000.\0004\000.\0001\000\040\000s\000\137\000r\000a\000d\000i\000o}{subsection.12.58.4}% 1482
\BOOKMARK [1][-]{section.12.59}{\376\377\0001\0002\000.\0005\0009\000\040\000r\000a\000d\000i\000o\000\137\000l\000o\000r\000a\000.\000c}{chapter.12}% 1483
\BOOKMARK [1][-]{section.12.60}{\376\377\0001\0002\000.\0006\0000\000\040\000D\000o\000k\000u\000m\000e\000n\000t\000a\000c\000j\000a\000\040\000p\000l\000i\000k\000u\000\040\000C\000o\000r\000e\000/\000A\000p\000p\000/\000r\000a\000d\000i\000o\000\137\000l\000i\000b\000/\000m\000o\000d\000u\000l\000a\000t\000i\000o\000n\000s\000/\000l\000o\000r\000a\000/\000r\000a\000d\000i\000o\000\137\000l\000o\000r\000a\000.\000h}{chapter.12}% 1484
\BOOKMARK [2][-]{subsection.12.60.1}{\376\377\0001\0002\000.\0006\0000\000.\0001\000\040\000O\000p\000i\000s\000\040\000s\000z\000c\000z\000e\000g\000\363\001\102\000o\000w\000y}{section.12.60}% 1485
\BOOKMARK [2][-]{subsection.12.60.2}{\376\377\0001\0002\000.\0006\0000\000.\0002\000\040\000D\000o\000k\000u\000m\000e\000n\000t\000a\000c\000j\000a\000\040\000f\000u\000n\000k\000c\000j\000i}{section.12.60}% 1486
\BOOKMARK [3][-]{subsubsection.12.60.2.1}{\376\377\0001\0002\000.\0006\0000\000.\0002\000.\0001\000\040\000r\000a\000d\000i\000o\000\137\000l\000o\000r\000a\000\137\000d\000e\000f\000a\000u\000l\000t\000\137\000h\000w\000\137\000c\000f\000g\000\050\000\051}{subsection.12.60.2}% 1487
\BOOKMARK [3][-]{subsubsection.12.60.2.2}{\376\377\0001\0002\000.\0006\0000\000.\0002\000.\0002\000\040\000r\000a\000d\000i\000o\000\137\000l\000o\000r\000a\000\137\000d\000e\000f\000a\000u\000l\000t\000\137\000l\000o\000r\000a\000\137\000c\000f\000g\000\050\000\051}{subsection.12.60.2}% 1488
\BOOKMARK [3][-]{subsubsection.12.60.2.3}{\376\377\0001\0002\000.\0006\0000\000.\0002\000.\0003\000\040\000r\000a\000d\000i\000o\000\137\000l\000o\000r\000a\000\137\000d\000e\000i\000n\000i\000t\000\050\000\051}{subsection.12.60.2}% 1489
\BOOKMARK [3][-]{subsubsection.12.60.2.4}{\376\377\0001\0002\000.\0006\0000\000.\0002\000.\0004\000\040\000r\000a\000d\000i\000o\000\137\000l\000o\000r\000a\000\137\000g\000e\000t\000\137\000l\000a\000s\000t\000\137\000p\000a\000c\000k\000e\000t\000\050\000\051}{subsection.12.60.2}% 1490
\BOOKMARK [3][-]{subsubsection.12.60.2.5}{\376\377\0001\0002\000.\0006\0000\000.\0002\000.\0005\000\040\000r\000a\000d\000i\000o\000\137\000l\000o\000r\000a\000\137\000g\000e\000t\000\137\000s\000t\000a\000t\000e\000\050\000\051}{subsection.12.60.2}% 1491
\BOOKMARK [3][-]{subsubsection.12.60.2.6}{\376\377\0001\0002\000.\0006\0000\000.\0002\000.\0006\000\040\000r\000a\000d\000i\000o\000\137\000l\000o\000r\000a\000\137\000i\000n\000i\000t\000\050\000\051}{subsection.12.60.2}% 1492
\BOOKMARK [3][-]{subsubsection.12.60.2.7}{\376\377\0001\0002\000.\0006\0000\000.\0002\000.\0007\000\040\000r\000a\000d\000i\000o\000\137\000l\000o\000r\000a\000\137\000o\000n\000\137\000e\000x\000t\000i\000\050\000\051}{subsection.12.60.2}% 1493
\BOOKMARK [3][-]{subsubsection.12.60.2.8}{\376\377\0001\0002\000.\0006\0000\000.\0002\000.\0008\000\040\000r\000a\000d\000i\000o\000\137\000l\000o\000r\000a\000\137\000p\000r\000o\000c\000e\000s\000s\000\050\000\051}{subsection.12.60.2}% 1494
\BOOKMARK [3][-]{subsubsection.12.60.2.9}{\376\377\0001\0002\000.\0006\0000\000.\0002\000.\0009\000\040\000r\000a\000d\000i\000o\000\137\000l\000o\000r\000a\000\137\000r\000a\000w\000\137\000r\000e\000a\000d\000\137\000b\000u\000r\000s\000t\000\050\000\051}{subsection.12.60.2}% 1495
\BOOKMARK [3][-]{subsubsection.12.60.2.10}{\376\377\0001\0002\000.\0006\0000\000.\0002\000.\0001\0000\000\040\000r\000a\000d\000i\000o\000\137\000l\000o\000r\000a\000\137\000r\000a\000w\000\137\000r\000e\000a\000d\000\137\000r\000e\000g\000\050\000\051}{subsection.12.60.2}% 1496
\BOOKMARK [3][-]{subsubsection.12.60.2.11}{\376\377\0001\0002\000.\0006\0000\000.\0002\000.\0001\0001\000\040\000r\000a\000d\000i\000o\000\137\000l\000o\000r\000a\000\137\000r\000a\000w\000\137\000w\000r\000i\000t\000e\000\137\000b\000u\000r\000s\000t\000\050\000\051}{subsection.12.60.2}% 1497
\BOOKMARK [3][-]{subsubsection.12.60.2.12}{\376\377\0001\0002\000.\0006\0000\000.\0002\000.\0001\0002\000\040\000r\000a\000d\000i\000o\000\137\000l\000o\000r\000a\000\137\000r\000a\000w\000\137\000w\000r\000i\000t\000e\000\137\000r\000e\000g\000\050\000\051}{subsection.12.60.2}% 1498
\BOOKMARK [3][-]{subsubsection.12.60.2.13}{\376\377\0001\0002\000.\0006\0000\000.\0002\000.\0001\0003\000\040\000r\000a\000d\000i\000o\000\137\000l\000o\000r\000a\000\137\000s\000e\000n\000d\000\137\000a\000s\000y\000n\000c\000\050\000\051}{subsection.12.60.2}% 1499
\BOOKMARK [3][-]{subsubsection.12.60.2.14}{\376\377\0001\0002\000.\0006\0000\000.\0002\000.\0001\0004\000\040\000r\000a\000d\000i\000o\000\137\000l\000o\000r\000a\000\137\000s\000l\000e\000e\000p\000\050\000\051}{subsection.12.60.2}% 1500
\BOOKMARK [3][-]{subsubsection.12.60.2.15}{\376\377\0001\0002\000.\0006\0000\000.\0002\000.\0001\0005\000\040\000r\000a\000d\000i\000o\000\137\000l\000o\000r\000a\000\137\000s\000t\000a\000n\000d\000b\000y\000\050\000\051}{subsection.12.60.2}% 1501
\BOOKMARK [3][-]{subsubsection.12.60.2.16}{\376\377\0001\0002\000.\0006\0000\000.\0002\000.\0001\0006\000\040\000r\000a\000d\000i\000o\000\137\000l\000o\000r\000a\000\137\000s\000t\000a\000r\000t\000\137\000r\000x\000\137\000c\000o\000n\000t\000i\000n\000u\000o\000u\000s\000\050\000\051}{subsection.12.60.2}% 1502
\BOOKMARK [3][-]{subsubsection.12.60.2.17}{\376\377\0001\0002\000.\0006\0000\000.\0002\000.\0001\0007\000\040\000r\000a\000d\000i\000o\000\137\000l\000o\000r\000a\000\137\000s\000t\000a\000r\000t\000\137\000r\000x\000\137\000s\000i\000n\000g\000l\000e\000\050\000\051}{subsection.12.60.2}% 1503
\BOOKMARK [3][-]{subsubsection.12.60.2.18}{\376\377\0001\0002\000.\0006\0000\000.\0002\000.\0001\0008\000\040\000r\000a\000d\000i\000o\000\137\000l\000o\000r\000a\000\137\000t\000a\000k\000e\000\137\000e\000v\000e\000n\000t\000s\000\050\000\051}{subsection.12.60.2}% 1504
\BOOKMARK [1][-]{section.12.61}{\376\377\0001\0002\000.\0006\0001\000\040\000r\000a\000d\000i\000o\000\137\000l\000o\000r\000a\000.\000h}{chapter.12}% 1505
\BOOKMARK [1][-]{section.12.62}{\376\377\0001\0002\000.\0006\0002\000\040\000D\000o\000k\000u\000m\000e\000n\000t\000a\000c\000j\000a\000\040\000p\000l\000i\000k\000u\000\040\000C\000o\000r\000e\000/\000A\000p\000p\000/\000r\000a\000d\000i\000o\000\137\000l\000i\000b\000/\000m\000o\000d\000u\000l\000a\000t\000i\000o\000n\000s\000/\000o\000o\000k\000/\000r\000a\000d\000i\000o\000\137\000o\000o\000k\000.\000c}{chapter.12}% 1506
\BOOKMARK [2][-]{subsection.12.62.1}{\376\377\0001\0002\000.\0006\0002\000.\0001\000\040\000O\000p\000i\000s\000\040\000s\000z\000c\000z\000e\000g\000\363\001\102\000o\000w\000y}{section.12.62}% 1507
\BOOKMARK [2][-]{subsection.12.62.2}{\376\377\0001\0002\000.\0006\0002\000.\0002\000\040\000D\000o\000k\000u\000m\000e\000n\000t\000a\000c\000j\000a\000\040\000d\000e\000f\000i\000n\000i\000c\000j\000i}{section.12.62}% 1508
\BOOKMARK [3][-]{subsubsection.12.62.2.1}{\376\377\0001\0002\000.\0006\0002\000.\0002\000.\0001\000\040\000R\000A\000D\000I\000O\000\137\000O\000O\000K\000\137\000F\000I\000F\000O\000\137\000M\000A\000X\000\137\000B\000Y\000T\000E\000S}{subsection.12.62.2}% 1509
\BOOKMARK [3][-]{subsubsection.12.62.2.2}{\376\377\0001\0002\000.\0006\0002\000.\0002\000.\0002\000\040\000R\000A\000D\000I\000O\000\137\000O\000O\000K\000\137\000F\000I\000F\000O\000\137\000T\000H\000R\000E\000S\000H\000\137\000L\000E\000V\000E\000L}{subsection.12.62.2}% 1510
\BOOKMARK [3][-]{subsubsection.12.62.2.3}{\376\377\0001\0002\000.\0006\0002\000.\0002\000.\0003\000\040\000R\000A\000D\000I\000O\000\137\000O\000O\000K\000\137\000R\000E\000S\000E\000T\000\137\000H\000I\000G\000H\000\137\000D\000E\000L\000A\000Y\000\137\000M\000S}{subsection.12.62.2}% 1511
\BOOKMARK [3][-]{subsubsection.12.62.2.4}{\376\377\0001\0002\000.\0006\0002\000.\0002\000.\0004\000\040\000R\000A\000D\000I\000O\000\137\000O\000O\000K\000\137\000R\000E\000S\000E\000T\000\137\000L\000O\000W\000\137\000D\000E\000L\000A\000Y\000\137\000M\000S}{subsection.12.62.2}% 1512
\BOOKMARK [3][-]{subsubsection.12.62.2.5}{\376\377\0001\0002\000.\0006\0002\000.\0002\000.\0005\000\040\000R\000A\000D\000I\000O\000\137\000O\000O\000K\000\137\000T\000X\000\137\000G\000U\000A\000R\000D\000\137\000M\000S}{subsection.12.62.2}% 1513
\BOOKMARK [2][-]{subsection.12.62.3}{\376\377\0001\0002\000.\0006\0002\000.\0003\000\040\000D\000o\000k\000u\000m\000e\000n\000t\000a\000c\000j\000a\000\040\000f\000u\000n\000k\000c\000j\000i}{section.12.62}% 1514
\BOOKMARK [3][-]{subsubsection.12.62.3.1}{\376\377\0001\0002\000.\0006\0002\000.\0003\000.\0001\000\040\000r\000a\000d\000i\000o\000\137\000a\000p\000p\000l\000y\000\137\000o\000o\000k\000\137\000c\000o\000n\000f\000i\000g\000\050\000\051}{subsection.12.62.3}% 1515
\BOOKMARK [3][-]{subsubsection.12.62.3.2}{\376\377\0001\0002\000.\0006\0002\000.\0003\000.\0002\000\040\000r\000a\000d\000i\000o\000\137\000a\000p\000p\000l\000y\000\137\000t\000h\000r\000e\000s\000h\000o\000l\000d\000\050\000\051}{subsection.12.62.3}% 1516
\BOOKMARK [3][-]{subsubsection.12.62.3.3}{\376\377\0001\0002\000.\0006\0002\000.\0003\000.\0003\000\040\000r\000a\000d\000i\000o\000\137\000c\000f\000g\000\137\000v\000a\000l\000i\000d\000\050\000\051}{subsection.12.62.3}% 1517
\BOOKMARK [3][-]{subsubsection.12.62.3.4}{\376\377\0001\0002\000.\0006\0002\000.\0003\000.\0004\000\040\000r\000a\000d\000i\000o\000\137\000g\000e\000t\000\137\000r\000x\000\137\000b\000w\000\137\000r\000e\000g\000\137\000v\000a\000l\000u\000e\000\050\000\051}{subsection.12.62.3}% 1518
\BOOKMARK [3][-]{subsubsection.12.62.3.5}{\376\377\0001\0002\000.\0006\0002\000.\0003\000.\0005\000\040\000r\000a\000d\000i\000o\000\137\000h\000a\000n\000d\000l\000e\000\137\000e\000x\000t\000i\000\137\000p\000i\000n\000\050\000\051}{subsection.12.62.3}% 1519
\BOOKMARK [3][-]{subsubsection.12.62.3.6}{\376\377\0001\0002\000.\0006\0002\000.\0003\000.\0006\000\040\000r\000a\000d\000i\000o\000\137\000h\000w\000\137\000r\000e\000s\000e\000t\000\050\000\051}{subsection.12.62.3}% 1520
\BOOKMARK [3][-]{subsubsection.12.62.3.7}{\376\377\0001\0002\000.\0006\0002\000.\0003\000.\0007\000\040\000r\000a\000d\000i\000o\000\137\000i\000r\000q\000\137\000r\000e\000s\000t\000o\000r\000e\000\050\000\051}{subsection.12.62.3}% 1521
\BOOKMARK [3][-]{subsubsection.12.62.3.8}{\376\377\0001\0002\000.\0006\0002\000.\0003\000.\0008\000\040\000r\000a\000d\000i\000o\000\137\000i\000r\000q\000\137\000s\000a\000v\000e\000\050\000\051}{subsection.12.62.3}% 1522
\BOOKMARK [3][-]{subsubsection.12.62.3.9}{\376\377\0001\0002\000.\0006\0002\000.\0003\000.\0009\000\040\000r\000a\000d\000i\000o\000\137\000o\000o\000k\000\137\000d\000e\000f\000a\000u\000l\000t\000\137\000h\000w\000\137\000c\000f\000g\000\050\000\051}{subsection.12.62.3}% 1523
\BOOKMARK [3][-]{subsubsection.12.62.3.10}{\376\377\0001\0002\000.\0006\0002\000.\0003\000.\0001\0000\000\040\000r\000a\000d\000i\000o\000\137\000o\000o\000k\000\137\000d\000e\000f\000a\000u\000l\000t\000\137\000l\000o\000r\000a\000\137\000c\000f\000g\000\050\000\051}{subsection.12.62.3}% 1524
\BOOKMARK [3][-]{subsubsection.12.62.3.11}{\376\377\0001\0002\000.\0006\0002\000.\0003\000.\0001\0001\000\040\000r\000a\000d\000i\000o\000\137\000o\000o\000k\000\137\000d\000e\000i\000n\000i\000t\000\050\000\051}{subsection.12.62.3}% 1525
\BOOKMARK [3][-]{subsubsection.12.62.3.12}{\376\377\0001\0002\000.\0006\0002\000.\0003\000.\0001\0002\000\040\000r\000a\000d\000i\000o\000\137\000o\000o\000k\000\137\000g\000e\000t\000\137\000l\000a\000s\000t\000\137\000p\000a\000c\000k\000e\000t\000\050\000\051}{subsection.12.62.3}% 1526
\BOOKMARK [3][-]{subsubsection.12.62.3.13}{\376\377\0001\0002\000.\0006\0002\000.\0003\000.\0001\0003\000\040\000r\000a\000d\000i\000o\000\137\000o\000o\000k\000\137\000g\000e\000t\000\137\000s\000t\000a\000t\000e\000\050\000\051}{subsection.12.62.3}% 1527
\BOOKMARK [3][-]{subsubsection.12.62.3.14}{\376\377\0001\0002\000.\0006\0002\000.\0003\000.\0001\0004\000\040\000r\000a\000d\000i\000o\000\137\000o\000o\000k\000\137\000i\000n\000i\000t\000\050\000\051}{subsection.12.62.3}% 1528
\BOOKMARK [3][-]{subsubsection.12.62.3.15}{\376\377\0001\0002\000.\0006\0002\000.\0003\000.\0001\0005\000\040\000r\000a\000d\000i\000o\000\137\000o\000o\000k\000\137\000o\000n\000\137\000e\000x\000t\000i\000\050\000\051}{subsection.12.62.3}% 1529
\BOOKMARK [3][-]{subsubsection.12.62.3.16}{\376\377\0001\0002\000.\0006\0002\000.\0003\000.\0001\0006\000\040\000r\000a\000d\000i\000o\000\137\000o\000o\000k\000\137\000p\000r\000o\000c\000e\000s\000s\000\050\000\051}{subsection.12.62.3}% 1530
\BOOKMARK [3][-]{subsubsection.12.62.3.17}{\376\377\0001\0002\000.\0006\0002\000.\0003\000.\0001\0007\000\040\000r\000a\000d\000i\000o\000\137\000o\000o\000k\000\137\000r\000a\000w\000\137\000r\000e\000a\000d\000\137\000b\000u\000r\000s\000t\000\050\000\051}{subsection.12.62.3}% 1531
\BOOKMARK [3][-]{subsubsection.12.62.3.18}{\376\377\0001\0002\000.\0006\0002\000.\0003\000.\0001\0008\000\040\000r\000a\000d\000i\000o\000\137\000o\000o\000k\000\137\000r\000a\000w\000\137\000r\000e\000a\000d\000\137\000r\000e\000g\000\050\000\051}{subsection.12.62.3}% 1532
\BOOKMARK [3][-]{subsubsection.12.62.3.19}{\376\377\0001\0002\000.\0006\0002\000.\0003\000.\0001\0009\000\040\000r\000a\000d\000i\000o\000\137\000o\000o\000k\000\137\000r\000a\000w\000\137\000w\000r\000i\000t\000e\000\137\000b\000u\000r\000s\000t\000\050\000\051}{subsection.12.62.3}% 1533
\BOOKMARK [3][-]{subsubsection.12.62.3.20}{\376\377\0001\0002\000.\0006\0002\000.\0003\000.\0002\0000\000\040\000r\000a\000d\000i\000o\000\137\000o\000o\000k\000\137\000r\000a\000w\000\137\000w\000r\000i\000t\000e\000\137\000r\000e\000g\000\050\000\051}{subsection.12.62.3}% 1534
\BOOKMARK [3][-]{subsubsection.12.62.3.21}{\376\377\0001\0002\000.\0006\0002\000.\0003\000.\0002\0001\000\040\000r\000a\000d\000i\000o\000\137\000o\000o\000k\000\137\000s\000e\000n\000d\000\137\000a\000s\000y\000n\000c\000\050\000\051}{subsection.12.62.3}% 1535
\BOOKMARK [3][-]{subsubsection.12.62.3.22}{\376\377\0001\0002\000.\0006\0002\000.\0003\000.\0002\0002\000\040\000r\000a\000d\000i\000o\000\137\000o\000o\000k\000\137\000s\000e\000t\000\137\000r\000u\000n\000t\000i\000m\000e\000\137\000c\000f\000g\000\050\000\051}{subsection.12.62.3}% 1536
\BOOKMARK [3][-]{subsubsection.12.62.3.23}{\376\377\0001\0002\000.\0006\0002\000.\0003\000.\0002\0003\000\040\000r\000a\000d\000i\000o\000\137\000o\000o\000k\000\137\000s\000l\000e\000e\000p\000\050\000\051}{subsection.12.62.3}% 1537
\BOOKMARK [3][-]{subsubsection.12.62.3.24}{\376\377\0001\0002\000.\0006\0002\000.\0003\000.\0002\0004\000\040\000r\000a\000d\000i\000o\000\137\000o\000o\000k\000\137\000s\000t\000a\000n\000d\000b\000y\000\050\000\051}{subsection.12.62.3}% 1538
\BOOKMARK [3][-]{subsubsection.12.62.3.25}{\376\377\0001\0002\000.\0006\0002\000.\0003\000.\0002\0005\000\040\000r\000a\000d\000i\000o\000\137\000o\000o\000k\000\137\000s\000t\000a\000r\000t\000\137\000r\000x\000\137\000c\000o\000n\000t\000i\000n\000u\000o\000u\000s\000\050\000\051}{subsection.12.62.3}% 1539
\BOOKMARK [3][-]{subsubsection.12.62.3.26}{\376\377\0001\0002\000.\0006\0002\000.\0003\000.\0002\0006\000\040\000r\000a\000d\000i\000o\000\137\000o\000o\000k\000\137\000s\000t\000a\000r\000t\000\137\000r\000x\000\137\000s\000i\000n\000g\000l\000e\000\050\000\051}{subsection.12.62.3}% 1540
\BOOKMARK [3][-]{subsubsection.12.62.3.27}{\376\377\0001\0002\000.\0006\0002\000.\0003\000.\0002\0007\000\040\000r\000a\000d\000i\000o\000\137\000o\000o\000k\000\137\000t\000a\000k\000e\000\137\000e\000v\000e\000n\000t\000s\000\050\000\051}{subsection.12.62.3}% 1541
\BOOKMARK [3][-]{subsubsection.12.62.3.28}{\376\377\0001\0002\000.\0006\0002\000.\0003\000.\0002\0008\000\040\000r\000a\000d\000i\000o\000\137\000r\000e\000a\000d\000\137\000r\000x\000\137\000p\000a\000c\000k\000e\000t\000\050\000\051}{subsection.12.62.3}% 1542
\BOOKMARK [3][-]{subsubsection.12.62.3.29}{\376\377\0001\0002\000.\0006\0002\000.\0003\000.\0002\0009\000\040\000r\000a\000d\000i\000o\000\137\000r\000e\000s\000u\000m\000e\000\137\000a\000f\000t\000e\000r\000\137\000t\000x\000\050\000\051}{subsection.12.62.3}% 1543
\BOOKMARK [3][-]{subsubsection.12.62.3.30}{\376\377\0001\0002\000.\0006\0002\000.\0003\000.\0003\0000\000\040\000r\000a\000d\000i\000o\000\137\000r\000x\000\137\000s\000i\000n\000g\000l\000e\000\137\000t\000i\000m\000e\000o\000u\000t\000\137\000m\000s\000\050\000\051}{subsection.12.62.3}% 1544
\BOOKMARK [3][-]{subsubsection.12.62.3.31}{\376\377\0001\0002\000.\0006\0002\000.\0003\000.\0003\0001\000\040\000r\000a\000d\000i\000o\000\137\000s\000e\000t\000\137\000e\000v\000e\000n\000t\000\137\000f\000l\000a\000g\000s\000\050\000\051}{subsection.12.62.3}% 1545
\BOOKMARK [3][-]{subsubsection.12.62.3.32}{\376\377\0001\0002\000.\0006\0002\000.\0003\000.\0003\0002\000\040\000r\000a\000d\000i\000o\000\137\000s\000e\000t\000\137\000o\000p\000\137\000m\000o\000d\000e\000\137\000r\000e\000a\000d\000y\000\050\000\051}{subsection.12.62.3}% 1546
\BOOKMARK [3][-]{subsubsection.12.62.3.33}{\376\377\0001\0002\000.\0006\0002\000.\0003\000.\0003\0003\000\040\000r\000a\000d\000i\000o\000\137\000s\000e\000t\000\137\000s\000t\000a\000t\000e\000\050\000\051}{subsection.12.62.3}% 1547
\BOOKMARK [3][-]{subsubsection.12.62.3.34}{\376\377\0001\0002\000.\0006\0002\000.\0003\000.\0003\0004\000\040\000r\000a\000d\000i\000o\000\137\000t\000x\000\137\000t\000i\000m\000e\000o\000u\000t\000\137\000m\000s\000\050\000\051}{subsection.12.62.3}% 1548
\BOOKMARK [3][-]{subsubsection.12.62.3.35}{\376\377\0001\0002\000.\0006\0002\000.\0003\000.\0003\0005\000\040\000r\000a\000d\000i\000o\000\137\000w\000r\000i\000t\000e\000\137\000s\000y\000n\000c\000\137\000w\000o\000r\000d\000\050\000\051}{subsection.12.62.3}% 1549
\BOOKMARK [2][-]{subsection.12.62.4}{\376\377\0001\0002\000.\0006\0002\000.\0004\000\040\000D\000o\000k\000u\000m\000e\000n\000t\000a\000c\000j\000a\000\040\000z\000m\000i\000e\000n\000n\000y\000c\000h}{section.12.62}% 1550
\BOOKMARK [3][-]{subsubsection.12.62.4.1}{\376\377\0001\0002\000.\0006\0002\000.\0004\000.\0001\000\040\000s\000\137\000r\000a\000d\000i\000o}{subsection.12.62.4}% 1551
\BOOKMARK [3][-]{subsubsection.12.62.4.2}{\376\377\0001\0002\000.\0006\0002\000.\0004\000.\0002\000\040\000s\000\137\000r\000u\000n\000t\000i\000m\000e\000\137\000c\000f\000g}{subsection.12.62.4}% 1552
\BOOKMARK [3][-]{subsubsection.12.62.4.3}{\376\377\0001\0002\000.\0006\0002\000.\0004\000.\0003\000\040\000s\000\137\000r\000u\000n\000t\000i\000m\000e\000\137\000c\000f\000g\000\137\000r\000e\000a\000d\000y}{subsection.12.62.4}% 1553
\BOOKMARK [1][-]{section.12.63}{\376\377\0001\0002\000.\0006\0003\000\040\000r\000a\000d\000i\000o\000\137\000o\000o\000k\000.\000c}{chapter.12}% 1554
\BOOKMARK [1][-]{section.12.64}{\376\377\0001\0002\000.\0006\0004\000\040\000D\000o\000k\000u\000m\000e\000n\000t\000a\000c\000j\000a\000\040\000p\000l\000i\000k\000u\000\040\000C\000o\000r\000e\000/\000A\000p\000p\000/\000r\000a\000d\000i\000o\000\137\000l\000i\000b\000/\000m\000o\000d\000u\000l\000a\000t\000i\000o\000n\000s\000/\000o\000o\000k\000/\000r\000a\000d\000i\000o\000\137\000o\000o\000k\000.\000h}{chapter.12}% 1555
\BOOKMARK [2][-]{subsection.12.64.1}{\376\377\0001\0002\000.\0006\0004\000.\0001\000\040\000O\000p\000i\000s\000\040\000s\000z\000c\000z\000e\000g\000\363\001\102\000o\000w\000y}{section.12.64}% 1556
\BOOKMARK [2][-]{subsection.12.64.2}{\376\377\0001\0002\000.\0006\0004\000.\0002\000\040\000D\000o\000k\000u\000m\000e\000n\000t\000a\000c\000j\000a\000\040\000f\000u\000n\000k\000c\000j\000i}{section.12.64}% 1557
\BOOKMARK [3][-]{subsubsection.12.64.2.1}{\376\377\0001\0002\000.\0006\0004\000.\0002\000.\0001\000\040\000r\000a\000d\000i\000o\000\137\000o\000o\000k\000\137\000d\000e\000f\000a\000u\000l\000t\000\137\000h\000w\000\137\000c\000f\000g\000\050\000\051}{subsection.12.64.2}% 1558
\BOOKMARK [3][-]{subsubsection.12.64.2.2}{\376\377\0001\0002\000.\0006\0004\000.\0002\000.\0002\000\040\000r\000a\000d\000i\000o\000\137\000o\000o\000k\000\137\000d\000e\000f\000a\000u\000l\000t\000\137\000l\000o\000r\000a\000\137\000c\000f\000g\000\050\000\051}{subsection.12.64.2}% 1559
\BOOKMARK [3][-]{subsubsection.12.64.2.3}{\376\377\0001\0002\000.\0006\0004\000.\0002\000.\0003\000\040\000r\000a\000d\000i\000o\000\137\000o\000o\000k\000\137\000d\000e\000i\000n\000i\000t\000\050\000\051}{subsection.12.64.2}% 1560
\BOOKMARK [3][-]{subsubsection.12.64.2.4}{\376\377\0001\0002\000.\0006\0004\000.\0002\000.\0004\000\040\000r\000a\000d\000i\000o\000\137\000o\000o\000k\000\137\000g\000e\000t\000\137\000l\000a\000s\000t\000\137\000p\000a\000c\000k\000e\000t\000\050\000\051}{subsection.12.64.2}% 1561
\BOOKMARK [3][-]{subsubsection.12.64.2.5}{\376\377\0001\0002\000.\0006\0004\000.\0002\000.\0005\000\040\000r\000a\000d\000i\000o\000\137\000o\000o\000k\000\137\000g\000e\000t\000\137\000s\000t\000a\000t\000e\000\050\000\051}{subsection.12.64.2}% 1562
\BOOKMARK [3][-]{subsubsection.12.64.2.6}{\376\377\0001\0002\000.\0006\0004\000.\0002\000.\0006\000\040\000r\000a\000d\000i\000o\000\137\000o\000o\000k\000\137\000i\000n\000i\000t\000\050\000\051}{subsection.12.64.2}% 1563
\BOOKMARK [3][-]{subsubsection.12.64.2.7}{\376\377\0001\0002\000.\0006\0004\000.\0002\000.\0007\000\040\000r\000a\000d\000i\000o\000\137\000o\000o\000k\000\137\000o\000n\000\137\000e\000x\000t\000i\000\050\000\051}{subsection.12.64.2}% 1564
\BOOKMARK [3][-]{subsubsection.12.64.2.8}{\376\377\0001\0002\000.\0006\0004\000.\0002\000.\0008\000\040\000r\000a\000d\000i\000o\000\137\000o\000o\000k\000\137\000p\000r\000o\000c\000e\000s\000s\000\050\000\051}{subsection.12.64.2}% 1565
\BOOKMARK [3][-]{subsubsection.12.64.2.9}{\376\377\0001\0002\000.\0006\0004\000.\0002\000.\0009\000\040\000r\000a\000d\000i\000o\000\137\000o\000o\000k\000\137\000r\000a\000w\000\137\000r\000e\000a\000d\000\137\000b\000u\000r\000s\000t\000\050\000\051}{subsection.12.64.2}% 1566
\BOOKMARK [3][-]{subsubsection.12.64.2.10}{\376\377\0001\0002\000.\0006\0004\000.\0002\000.\0001\0000\000\040\000r\000a\000d\000i\000o\000\137\000o\000o\000k\000\137\000r\000a\000w\000\137\000r\000e\000a\000d\000\137\000r\000e\000g\000\050\000\051}{subsection.12.64.2}% 1567
\BOOKMARK [3][-]{subsubsection.12.64.2.11}{\376\377\0001\0002\000.\0006\0004\000.\0002\000.\0001\0001\000\040\000r\000a\000d\000i\000o\000\137\000o\000o\000k\000\137\000r\000a\000w\000\137\000w\000r\000i\000t\000e\000\137\000b\000u\000r\000s\000t\000\050\000\051}{subsection.12.64.2}% 1568
\BOOKMARK [3][-]{subsubsection.12.64.2.12}{\376\377\0001\0002\000.\0006\0004\000.\0002\000.\0001\0002\000\040\000r\000a\000d\000i\000o\000\137\000o\000o\000k\000\137\000r\000a\000w\000\137\000w\000r\000i\000t\000e\000\137\000r\000e\000g\000\050\000\051}{subsection.12.64.2}% 1569
\BOOKMARK [3][-]{subsubsection.12.64.2.13}{\376\377\0001\0002\000.\0006\0004\000.\0002\000.\0001\0003\000\040\000r\000a\000d\000i\000o\000\137\000o\000o\000k\000\137\000s\000e\000n\000d\000\137\000a\000s\000y\000n\000c\000\050\000\051}{subsection.12.64.2}% 1570
\BOOKMARK [3][-]{subsubsection.12.64.2.14}{\376\377\0001\0002\000.\0006\0004\000.\0002\000.\0001\0004\000\040\000r\000a\000d\000i\000o\000\137\000o\000o\000k\000\137\000s\000e\000t\000\137\000r\000u\000n\000t\000i\000m\000e\000\137\000c\000f\000g\000\050\000\051}{subsection.12.64.2}% 1571
\BOOKMARK [3][-]{subsubsection.12.64.2.15}{\376\377\0001\0002\000.\0006\0004\000.\0002\000.\0001\0005\000\040\000r\000a\000d\000i\000o\000\137\000o\000o\000k\000\137\000s\000l\000e\000e\000p\000\050\000\051}{subsection.12.64.2}% 1572
\BOOKMARK [3][-]{subsubsection.12.64.2.16}{\376\377\0001\0002\000.\0006\0004\000.\0002\000.\0001\0006\000\040\000r\000a\000d\000i\000o\000\137\000o\000o\000k\000\137\000s\000t\000a\000n\000d\000b\000y\000\050\000\051}{subsection.12.64.2}% 1573
\BOOKMARK [3][-]{subsubsection.12.64.2.17}{\376\377\0001\0002\000.\0006\0004\000.\0002\000.\0001\0007\000\040\000r\000a\000d\000i\000o\000\137\000o\000o\000k\000\137\000s\000t\000a\000r\000t\000\137\000r\000x\000\137\000c\000o\000n\000t\000i\000n\000u\000o\000u\000s\000\050\000\051}{subsection.12.64.2}% 1574
\BOOKMARK [3][-]{subsubsection.12.64.2.18}{\376\377\0001\0002\000.\0006\0004\000.\0002\000.\0001\0008\000\040\000r\000a\000d\000i\000o\000\137\000o\000o\000k\000\137\000s\000t\000a\000r\000t\000\137\000r\000x\000\137\000s\000i\000n\000g\000l\000e\000\050\000\051}{subsection.12.64.2}% 1575
\BOOKMARK [3][-]{subsubsection.12.64.2.19}{\376\377\0001\0002\000.\0006\0004\000.\0002\000.\0001\0009\000\040\000r\000a\000d\000i\000o\000\137\000o\000o\000k\000\137\000t\000a\000k\000e\000\137\000e\000v\000e\000n\000t\000s\000\050\000\051}{subsection.12.64.2}% 1576
\BOOKMARK [1][-]{section.12.65}{\376\377\0001\0002\000.\0006\0005\000\040\000r\000a\000d\000i\000o\000\137\000o\000o\000k\000.\000h}{chapter.12}% 1577
\BOOKMARK [1][-]{section.12.66}{\376\377\0001\0002\000.\0006\0006\000\040\000D\000o\000k\000u\000m\000e\000n\000t\000a\000c\000j\000a\000\040\000p\000l\000i\000k\000u\000\040\000C\000o\000r\000e\000/\000A\000p\000p\000/\000r\000a\000d\000i\000o\000\137\000l\000i\000b\000/\000r\000a\000d\000i\000o\000\137\000l\000i\000b\000.\000c}{chapter.12}% 1578
\BOOKMARK [2][-]{subsection.12.66.1}{\376\377\0001\0002\000.\0006\0006\000.\0001\000\040\000O\000p\000i\000s\000\040\000s\000z\000c\000z\000e\000g\000\363\001\102\000o\000w\000y}{section.12.66}% 1579
\BOOKMARK [2][-]{subsection.12.66.2}{\376\377\0001\0002\000.\0006\0006\000.\0002\000\040\000D\000o\000k\000u\000m\000e\000n\000t\000a\000c\000j\000a\000\040\000f\000u\000n\000k\000c\000j\000i}{section.12.66}% 1580
\BOOKMARK [3][-]{subsubsection.12.66.2.1}{\376\377\0001\0002\000.\0006\0006\000.\0002\000.\0001\000\040\000H\000A\000L\000\137\000G\000P\000I\000O\000\137\000E\000X\000T\000I\000\137\000C\000a\000l\000l\000b\000a\000c\000k\000\050\000\051}{subsection.12.66.2}% 1581
\BOOKMARK [3][-]{subsubsection.12.66.2.2}{\376\377\0001\0002\000.\0006\0006\000.\0002\000.\0002\000\040\000r\000a\000d\000i\000o\000\137\000d\000e\000f\000a\000u\000l\000t\000\137\000f\000s\000k\000\137\000c\000f\000g\000\050\000\051}{subsection.12.66.2}% 1582
\BOOKMARK [3][-]{subsubsection.12.66.2.3}{\376\377\0001\0002\000.\0006\0006\000.\0002\000.\0003\000\040\000r\000a\000d\000i\000o\000\137\000d\000e\000f\000a\000u\000l\000t\000\137\000h\000w\000\137\000c\000f\000g\000\050\000\051}{subsection.12.66.2}% 1583
\BOOKMARK [3][-]{subsubsection.12.66.2.4}{\376\377\0001\0002\000.\0006\0006\000.\0002\000.\0004\000\040\000r\000a\000d\000i\000o\000\137\000d\000e\000f\000a\000u\000l\000t\000\137\000l\000o\000r\000a\000\137\000c\000f\000g\000\050\000\051}{subsection.12.66.2}% 1584
\BOOKMARK [3][-]{subsubsection.12.66.2.5}{\376\377\0001\0002\000.\0006\0006\000.\0002\000.\0005\000\040\000r\000a\000d\000i\000o\000\137\000d\000e\000f\000a\000u\000l\000t\000\137\000o\000o\000k\000\137\000c\000f\000g\000\050\000\051}{subsection.12.66.2}% 1585
\BOOKMARK [3][-]{subsubsection.12.66.2.6}{\376\377\0001\0002\000.\0006\0006\000.\0002\000.\0006\000\040\000r\000a\000d\000i\000o\000\137\000d\000e\000i\000n\000i\000t\000\050\000\051}{subsection.12.66.2}% 1586
\BOOKMARK [3][-]{subsubsection.12.66.2.7}{\376\377\0001\0002\000.\0006\0006\000.\0002\000.\0007\000\040\000r\000a\000d\000i\000o\000\137\000g\000e\000t\000\137\000b\000a\000c\000k\000e\000n\000d\000\050\000\051}{subsection.12.66.2}% 1587
\BOOKMARK [3][-]{subsubsection.12.66.2.8}{\376\377\0001\0002\000.\0006\0006\000.\0002\000.\0008\000\040\000r\000a\000d\000i\000o\000\137\000g\000e\000t\000\137\000l\000a\000s\000t\000\137\000p\000a\000c\000k\000e\000t\000\050\000\051}{subsection.12.66.2}% 1588
\BOOKMARK [3][-]{subsubsection.12.66.2.9}{\376\377\0001\0002\000.\0006\0006\000.\0002\000.\0009\000\040\000r\000a\000d\000i\000o\000\137\000g\000e\000t\000\137\000s\000t\000a\000t\000e\000\050\000\051}{subsection.12.66.2}% 1589
\BOOKMARK [3][-]{subsubsection.12.66.2.10}{\376\377\0001\0002\000.\0006\0006\000.\0002\000.\0001\0000\000\040\000r\000a\000d\000i\000o\000\137\000i\000n\000i\000t\000\050\000\051}{subsection.12.66.2}% 1590
\BOOKMARK [3][-]{subsubsection.12.66.2.11}{\376\377\0001\0002\000.\0006\0006\000.\0002\000.\0001\0001\000\040\000r\000a\000d\000i\000o\000\137\000n\000o\000r\000m\000a\000l\000i\000z\000e\000\137\000b\000a\000c\000k\000e\000n\000d\000\050\000\051}{subsection.12.66.2}% 1591
\BOOKMARK [3][-]{subsubsection.12.66.2.12}{\376\377\0001\0002\000.\0006\0006\000.\0002\000.\0001\0002\000\040\000r\000a\000d\000i\000o\000\137\000o\000n\000\137\000e\000x\000t\000i\000\050\000\051}{subsection.12.66.2}% 1592
\BOOKMARK [3][-]{subsubsection.12.66.2.13}{\376\377\0001\0002\000.\0006\0006\000.\0002\000.\0001\0003\000\040\000r\000a\000d\000i\000o\000\137\000p\000r\000o\000c\000e\000s\000s\000\050\000\051}{subsection.12.66.2}% 1593
\BOOKMARK [3][-]{subsubsection.12.66.2.14}{\376\377\0001\0002\000.\0006\0006\000.\0002\000.\0001\0004\000\040\000r\000a\000d\000i\000o\000\137\000r\000a\000w\000\137\000r\000e\000a\000d\000\137\000b\000u\000r\000s\000t\000\050\000\051}{subsection.12.66.2}% 1594
\BOOKMARK [3][-]{subsubsection.12.66.2.15}{\376\377\0001\0002\000.\0006\0006\000.\0002\000.\0001\0005\000\040\000r\000a\000d\000i\000o\000\137\000r\000a\000w\000\137\000r\000e\000a\000d\000\137\000r\000e\000g\000\050\000\051}{subsection.12.66.2}% 1595
\BOOKMARK [3][-]{subsubsection.12.66.2.16}{\376\377\0001\0002\000.\0006\0006\000.\0002\000.\0001\0006\000\040\000r\000a\000d\000i\000o\000\137\000r\000a\000w\000\137\000w\000r\000i\000t\000e\000\137\000b\000u\000r\000s\000t\000\050\000\051}{subsection.12.66.2}% 1596
\BOOKMARK [3][-]{subsubsection.12.66.2.17}{\376\377\0001\0002\000.\0006\0006\000.\0002\000.\0001\0007\000\040\000r\000a\000d\000i\000o\000\137\000r\000a\000w\000\137\000w\000r\000i\000t\000e\000\137\000r\000e\000g\000\050\000\051}{subsection.12.66.2}% 1597
\BOOKMARK [3][-]{subsubsection.12.66.2.18}{\376\377\0001\0002\000.\0006\0006\000.\0002\000.\0001\0008\000\040\000r\000a\000d\000i\000o\000\137\000s\000e\000l\000e\000c\000t\000\137\000b\000a\000c\000k\000e\000n\000d\000\050\000\051}{subsection.12.66.2}% 1598
\BOOKMARK [3][-]{subsubsection.12.66.2.19}{\376\377\0001\0002\000.\0006\0006\000.\0002\000.\0001\0009\000\040\000r\000a\000d\000i\000o\000\137\000s\000e\000n\000d\000\137\000a\000s\000y\000n\000c\000\050\000\051}{subsection.12.66.2}% 1599
\BOOKMARK [3][-]{subsubsection.12.66.2.20}{\376\377\0001\0002\000.\0006\0006\000.\0002\000.\0002\0000\000\040\000r\000a\000d\000i\000o\000\137\000s\000e\000t\000\137\000f\000s\000k\000\137\000c\000f\000g\000\050\000\051}{subsection.12.66.2}% 1600
\BOOKMARK [3][-]{subsubsection.12.66.2.21}{\376\377\0001\0002\000.\0006\0006\000.\0002\000.\0002\0001\000\040\000r\000a\000d\000i\000o\000\137\000s\000e\000t\000\137\000o\000o\000k\000\137\000c\000f\000g\000\050\000\051}{subsection.12.66.2}% 1601
\BOOKMARK [3][-]{subsubsection.12.66.2.22}{\376\377\0001\0002\000.\0006\0006\000.\0002\000.\0002\0002\000\040\000r\000a\000d\000i\000o\000\137\000s\000l\000e\000e\000p\000\050\000\051}{subsection.12.66.2}% 1602
\BOOKMARK [3][-]{subsubsection.12.66.2.23}{\376\377\0001\0002\000.\0006\0006\000.\0002\000.\0002\0003\000\040\000r\000a\000d\000i\000o\000\137\000s\000t\000a\000n\000d\000b\000y\000\050\000\051}{subsection.12.66.2}% 1603
\BOOKMARK [3][-]{subsubsection.12.66.2.24}{\376\377\0001\0002\000.\0006\0006\000.\0002\000.\0002\0004\000\040\000r\000a\000d\000i\000o\000\137\000s\000t\000a\000r\000t\000\137\000r\000x\000\137\000c\000o\000n\000t\000i\000n\000u\000o\000u\000s\000\050\000\051}{subsection.12.66.2}% 1604
\BOOKMARK [3][-]{subsubsection.12.66.2.25}{\376\377\0001\0002\000.\0006\0006\000.\0002\000.\0002\0005\000\040\000r\000a\000d\000i\000o\000\137\000s\000t\000a\000r\000t\000\137\000r\000x\000\137\000s\000i\000n\000g\000l\000e\000\050\000\051}{subsection.12.66.2}% 1605
\BOOKMARK [3][-]{subsubsection.12.66.2.26}{\376\377\0001\0002\000.\0006\0006\000.\0002\000.\0002\0006\000\040\000r\000a\000d\000i\000o\000\137\000t\000a\000k\000e\000\137\000e\000v\000e\000n\000t\000s\000\050\000\051}{subsection.12.66.2}% 1606
\BOOKMARK [2][-]{subsection.12.66.3}{\376\377\0001\0002\000.\0006\0006\000.\0003\000\040\000D\000o\000k\000u\000m\000e\000n\000t\000a\000c\000j\000a\000\040\000z\000m\000i\000e\000n\000n\000y\000c\000h}{section.12.66}% 1607
\BOOKMARK [3][-]{subsubsection.12.66.3.1}{\376\377\0001\0002\000.\0006\0006\000.\0003\000.\0001\000\040\000s\000\137\000a\000c\000t\000i\000v\000e\000\137\000b\000a\000c\000k\000e\000n\000d}{subsection.12.66.3}% 1608
\BOOKMARK [1][-]{section.12.67}{\376\377\0001\0002\000.\0006\0007\000\040\000r\000a\000d\000i\000o\000\137\000l\000i\000b\000.\000c}{chapter.12}% 1609
\BOOKMARK [1][-]{section.12.68}{\376\377\0001\0002\000.\0006\0008\000\040\000D\000o\000k\000u\000m\000e\000n\000t\000a\000c\000j\000a\000\040\000p\000l\000i\000k\000u\000\040\000C\000o\000r\000e\000/\000A\000p\000p\000/\000r\000a\000d\000i\000o\000\137\000l\000i\000b\000/\000r\000a\000d\000i\000o\000\137\000l\000i\000b\000.\000h}{chapter.12}% 1610
\BOOKMARK [2][-]{subsection.12.68.1}{\376\377\0001\0002\000.\0006\0008\000.\0001\000\040\000O\000p\000i\000s\000\040\000s\000z\000c\000z\000e\000g\000\363\001\102\000o\000w\000y}{section.12.68}% 1611
\BOOKMARK [2][-]{subsection.12.68.2}{\376\377\0001\0002\000.\0006\0008\000.\0002\000\040\000D\000o\000k\000u\000m\000e\000n\000t\000a\000c\000j\000a\000\040\000d\000e\000f\000i\000n\000i\000c\000j\000i\000\040\000t\000y\000p\000\363\000w}{section.12.68}% 1612
\BOOKMARK [3][-]{subsubsection.12.68.2.1}{\376\377\0001\0002\000.\0006\0008\000.\0002\000.\0001\000\040\000r\000a\000d\000i\000o\000\137\000e\000v\000e\000n\000t\000\137\000c\000b\000\137\000t}{subsection.12.68.2}% 1613
\BOOKMARK [2][-]{subsection.12.68.3}{\376\377\0001\0002\000.\0006\0008\000.\0003\000\040\000D\000o\000k\000u\000m\000e\000n\000t\000a\000c\000j\000a\000\040\000t\000y\000p\000\363\000w\000\040\000w\000y\000l\000i\000c\000z\000a\000n\000y\000c\000h}{section.12.68}% 1614
\BOOKMARK [3][-]{subsubsection.12.68.3.1}{\376\377\0001\0002\000.\0006\0008\000.\0003\000.\0001\000\040\000r\000a\000d\000i\000o\000\137\000a\000d\000d\000r\000e\000s\000s\000\137\000f\000i\000l\000t\000e\000r\000\137\000t}{subsection.12.68.3}% 1615
\BOOKMARK [3][-]{subsubsection.12.68.3.2}{\376\377\0001\0002\000.\0006\0008\000.\0003\000.\0002\000\040\000r\000a\000d\000i\000o\000\137\000e\000v\000e\000n\000t\000\137\000m\000a\000s\000k\000\137\000t}{subsection.12.68.3}% 1616
\BOOKMARK [3][-]{subsubsection.12.68.3.3}{\376\377\0001\0002\000.\0006\0008\000.\0003\000.\0003\000\040\000r\000a\000d\000i\000o\000\137\000f\000s\000k\000\137\000f\000i\000l\000t\000e\000r\000\137\000t}{subsection.12.68.3}% 1617
\BOOKMARK [3][-]{subsubsection.12.68.3.4}{\376\377\0001\0002\000.\0006\0008\000.\0003\000.\0004\000\040\000r\000a\000d\000i\000o\000\137\000f\000s\000k\000\137\000s\000h\000a\000p\000i\000n\000g\000\137\000t}{subsection.12.68.3}% 1618
\BOOKMARK [3][-]{subsubsection.12.68.3.5}{\376\377\0001\0002\000.\0006\0008\000.\0003\000.\0005\000\040\000r\000a\000d\000i\000o\000\137\000l\000o\000r\000a\000\137\000b\000w\000\137\000t}{subsection.12.68.3}% 1619
\BOOKMARK [3][-]{subsubsection.12.68.3.6}{\376\377\0001\0002\000.\0006\0008\000.\0003\000.\0006\000\040\000r\000a\000d\000i\000o\000\137\000o\000o\000k\000\137\000t\000h\000r\000e\000s\000h\000o\000l\000d\000\137\000t}{subsection.12.68.3}% 1620
\BOOKMARK [3][-]{subsubsection.12.68.3.7}{\376\377\0001\0002\000.\0006\0008\000.\0003\000.\0007\000\040\000r\000a\000d\000i\000o\000\137\000p\000a\000c\000k\000e\000t\000\137\000c\000r\000c\000\137\000t}{subsection.12.68.3}% 1621
\BOOKMARK [3][-]{subsubsection.12.68.3.8}{\376\377\0001\0002\000.\0006\0008\000.\0003\000.\0008\000\040\000r\000a\000d\000i\000o\000\137\000s\000t\000a\000t\000e\000\137\000t}{subsection.12.68.3}% 1622
\BOOKMARK [3][-]{subsubsection.12.68.3.9}{\376\377\0001\0002\000.\0006\0008\000.\0003\000.\0009\000\040\000r\000a\000d\000i\000o\000\137\000s\000t\000a\000t\000u\000s\000\137\000t}{subsection.12.68.3}% 1623
\BOOKMARK [2][-]{subsection.12.68.4}{\376\377\0001\0002\000.\0006\0008\000.\0004\000\040\000D\000o\000k\000u\000m\000e\000n\000t\000a\000c\000j\000a\000\040\000f\000u\000n\000k\000c\000j\000i}{section.12.68}% 1624
\BOOKMARK [3][-]{subsubsection.12.68.4.1}{\376\377\0001\0002\000.\0006\0008\000.\0004\000.\0001\000\040\000r\000a\000d\000i\000o\000\137\000d\000e\000f\000a\000u\000l\000t\000\137\000f\000s\000k\000\137\000c\000f\000g\000\050\000\051}{subsection.12.68.4}% 1625
\BOOKMARK [3][-]{subsubsection.12.68.4.2}{\376\377\0001\0002\000.\0006\0008\000.\0004\000.\0002\000\040\000r\000a\000d\000i\000o\000\137\000d\000e\000f\000a\000u\000l\000t\000\137\000h\000w\000\137\000c\000f\000g\000\050\000\051}{subsection.12.68.4}% 1626
\BOOKMARK [3][-]{subsubsection.12.68.4.3}{\376\377\0001\0002\000.\0006\0008\000.\0004\000.\0003\000\040\000r\000a\000d\000i\000o\000\137\000d\000e\000f\000a\000u\000l\000t\000\137\000l\000o\000r\000a\000\137\000c\000f\000g\000\050\000\051}{subsection.12.68.4}% 1627
\BOOKMARK [3][-]{subsubsection.12.68.4.4}{\376\377\0001\0002\000.\0006\0008\000.\0004\000.\0004\000\040\000r\000a\000d\000i\000o\000\137\000d\000e\000f\000a\000u\000l\000t\000\137\000o\000o\000k\000\137\000c\000f\000g\000\050\000\051}{subsection.12.68.4}% 1628
\BOOKMARK [3][-]{subsubsection.12.68.4.5}{\376\377\0001\0002\000.\0006\0008\000.\0004\000.\0005\000\040\000r\000a\000d\000i\000o\000\137\000d\000e\000i\000n\000i\000t\000\050\000\051}{subsection.12.68.4}% 1629
\BOOKMARK [3][-]{subsubsection.12.68.4.6}{\376\377\0001\0002\000.\0006\0008\000.\0004\000.\0006\000\040\000r\000a\000d\000i\000o\000\137\000g\000e\000t\000\137\000b\000a\000c\000k\000e\000n\000d\000\050\000\051}{subsection.12.68.4}% 1630
\BOOKMARK [3][-]{subsubsection.12.68.4.7}{\376\377\0001\0002\000.\0006\0008\000.\0004\000.\0007\000\040\000r\000a\000d\000i\000o\000\137\000g\000e\000t\000\137\000l\000a\000s\000t\000\137\000p\000a\000c\000k\000e\000t\000\050\000\051}{subsection.12.68.4}% 1631
\BOOKMARK [3][-]{subsubsection.12.68.4.8}{\376\377\0001\0002\000.\0006\0008\000.\0004\000.\0008\000\040\000r\000a\000d\000i\000o\000\137\000g\000e\000t\000\137\000s\000t\000a\000t\000e\000\050\000\051}{subsection.12.68.4}% 1632
\BOOKMARK [3][-]{subsubsection.12.68.4.9}{\376\377\0001\0002\000.\0006\0008\000.\0004\000.\0009\000\040\000r\000a\000d\000i\000o\000\137\000i\000n\000i\000t\000\050\000\051}{subsection.12.68.4}% 1633
\BOOKMARK [3][-]{subsubsection.12.68.4.10}{\376\377\0001\0002\000.\0006\0008\000.\0004\000.\0001\0000\000\040\000r\000a\000d\000i\000o\000\137\000o\000n\000\137\000e\000x\000t\000i\000\050\000\051}{subsection.12.68.4}% 1634
\BOOKMARK [3][-]{subsubsection.12.68.4.11}{\376\377\0001\0002\000.\0006\0008\000.\0004\000.\0001\0001\000\040\000r\000a\000d\000i\000o\000\137\000p\000r\000o\000c\000e\000s\000s\000\050\000\051}{subsection.12.68.4}% 1635
\BOOKMARK [3][-]{subsubsection.12.68.4.12}{\376\377\0001\0002\000.\0006\0008\000.\0004\000.\0001\0002\000\040\000r\000a\000d\000i\000o\000\137\000r\000a\000w\000\137\000r\000e\000a\000d\000\137\000b\000u\000r\000s\000t\000\050\000\051}{subsection.12.68.4}% 1636
\BOOKMARK [3][-]{subsubsection.12.68.4.13}{\376\377\0001\0002\000.\0006\0008\000.\0004\000.\0001\0003\000\040\000r\000a\000d\000i\000o\000\137\000r\000a\000w\000\137\000r\000e\000a\000d\000\137\000r\000e\000g\000\050\000\051}{subsection.12.68.4}% 1637
\BOOKMARK [3][-]{subsubsection.12.68.4.14}{\376\377\0001\0002\000.\0006\0008\000.\0004\000.\0001\0004\000\040\000r\000a\000d\000i\000o\000\137\000r\000a\000w\000\137\000w\000r\000i\000t\000e\000\137\000b\000u\000r\000s\000t\000\050\000\051}{subsection.12.68.4}% 1638
\BOOKMARK [3][-]{subsubsection.12.68.4.15}{\376\377\0001\0002\000.\0006\0008\000.\0004\000.\0001\0005\000\040\000r\000a\000d\000i\000o\000\137\000r\000a\000w\000\137\000w\000r\000i\000t\000e\000\137\000r\000e\000g\000\050\000\051}{subsection.12.68.4}% 1639
\BOOKMARK [3][-]{subsubsection.12.68.4.16}{\376\377\0001\0002\000.\0006\0008\000.\0004\000.\0001\0006\000\040\000r\000a\000d\000i\000o\000\137\000s\000e\000l\000e\000c\000t\000\137\000b\000a\000c\000k\000e\000n\000d\000\050\000\051}{subsection.12.68.4}% 1640
\BOOKMARK [3][-]{subsubsection.12.68.4.17}{\376\377\0001\0002\000.\0006\0008\000.\0004\000.\0001\0007\000\040\000r\000a\000d\000i\000o\000\137\000s\000e\000n\000d\000\137\000a\000s\000y\000n\000c\000\050\000\051}{subsection.12.68.4}% 1641
\BOOKMARK [3][-]{subsubsection.12.68.4.18}{\376\377\0001\0002\000.\0006\0008\000.\0004\000.\0001\0008\000\040\000r\000a\000d\000i\000o\000\137\000s\000e\000t\000\137\000f\000s\000k\000\137\000c\000f\000g\000\050\000\051}{subsection.12.68.4}% 1642
\BOOKMARK [3][-]{subsubsection.12.68.4.19}{\376\377\0001\0002\000.\0006\0008\000.\0004\000.\0001\0009\000\040\000r\000a\000d\000i\000o\000\137\000s\000e\000t\000\137\000o\000o\000k\000\137\000c\000f\000g\000\050\000\051}{subsection.12.68.4}% 1643
\BOOKMARK [3][-]{subsubsection.12.68.4.20}{\376\377\0001\0002\000.\0006\0008\000.\0004\000.\0002\0000\000\040\000r\000a\000d\000i\000o\000\137\000s\000l\000e\000e\000p\000\050\000\051}{subsection.12.68.4}% 1644
\BOOKMARK [3][-]{subsubsection.12.68.4.21}{\376\377\0001\0002\000.\0006\0008\000.\0004\000.\0002\0001\000\040\000r\000a\000d\000i\000o\000\137\000s\000t\000a\000n\000d\000b\000y\000\050\000\051}{subsection.12.68.4}% 1645
\BOOKMARK [3][-]{subsubsection.12.68.4.22}{\376\377\0001\0002\000.\0006\0008\000.\0004\000.\0002\0002\000\040\000r\000a\000d\000i\000o\000\137\000s\000t\000a\000r\000t\000\137\000r\000x\000\137\000c\000o\000n\000t\000i\000n\000u\000o\000u\000s\000\050\000\051}{subsection.12.68.4}% 1646
\BOOKMARK [3][-]{subsubsection.12.68.4.23}{\376\377\0001\0002\000.\0006\0008\000.\0004\000.\0002\0003\000\040\000r\000a\000d\000i\000o\000\137\000s\000t\000a\000r\000t\000\137\000r\000x\000\137\000s\000i\000n\000g\000l\000e\000\050\000\051}{subsection.12.68.4}% 1647
\BOOKMARK [3][-]{subsubsection.12.68.4.24}{\376\377\0001\0002\000.\0006\0008\000.\0004\000.\0002\0004\000\040\000r\000a\000d\000i\000o\000\137\000t\000a\000k\000e\000\137\000e\000v\000e\000n\000t\000s\000\050\000\051}{subsection.12.68.4}% 1648
\BOOKMARK [1][-]{section.12.69}{\376\377\0001\0002\000.\0006\0009\000\040\000r\000a\000d\000i\000o\000\137\000l\000i\000b\000.\000h}{chapter.12}% 1649
\BOOKMARK [1][-]{section.12.70}{\376\377\0001\0002\000.\0007\0000\000\040\000D\000o\000k\000u\000m\000e\000n\000t\000a\000c\000j\000a\000\040\000p\000l\000i\000k\000u\000\040\000C\000o\000r\000e\000/\000A\000p\000p\000/\000r\000a\000d\000i\000o\000\137\000l\000i\000b\000/\000r\000a\000d\000i\000o\000\137\000l\000i\000b\000\137\000c\000o\000n\000f\000i\000g\000.\000h}{chapter.12}% 1650
\BOOKMARK [2][-]{subsection.12.70.1}{\376\377\0001\0002\000.\0007\0000\000.\0001\000\040\000O\000p\000i\000s\000\040\000s\000z\000c\000z\000e\000g\000\363\001\102\000o\000w\000y}{section.12.70}% 1651
\BOOKMARK [2][-]{subsection.12.70.2}{\376\377\0001\0002\000.\0007\0000\000.\0002\000\040\000D\000o\000k\000u\000m\000e\000n\000t\000a\000c\000j\000a\000\040\000d\000e\000f\000i\000n\000i\000c\000j\000i}{section.12.70}% 1652
\BOOKMARK [3][-]{subsubsection.12.70.2.1}{\376\377\0001\0002\000.\0007\0000\000.\0002\000.\0001\000\040\000R\000A\000D\000I\000O\000\137\000L\000I\000B\000\137\000A\000C\000T\000I\000V\000E\000\137\000M\000O\000D\000U\000L\000A\000T\000I\000O\000N}{subsection.12.70.2}% 1653
\BOOKMARK [3][-]{subsubsection.12.70.2.2}{\376\377\0001\0002\000.\0007\0000\000.\0002\000.\0002\000\040\000R\000A\000D\000I\000O\000\137\000L\000I\000B\000\137\000D\000E\000F\000A\000U\000L\000T\000\137\000F\000R\000E\000Q\000\137\000H\000Z}{subsection.12.70.2}% 1654
\BOOKMARK [3][-]{subsubsection.12.70.2.3}{\376\377\0001\0002\000.\0007\0000\000.\0002\000.\0003\000\040\000R\000A\000D\000I\000O\000\137\000L\000I\000B\000\137\000D\000E\000F\000A\000U\000L\000T\000\137\000S\000Y\000N\000C\000\137\000W\000O\000R\000D}{subsection.12.70.2}% 1655
\BOOKMARK [3][-]{subsubsection.12.70.2.4}{\376\377\0001\0002\000.\0007\0000\000.\0002\000.\0004\000\040\000R\000A\000D\000I\000O\000\137\000L\000I\000B\000\137\000E\000N\000A\000B\000L\000E\000\137\000D\000I\000O\0002\000\137\000E\000X\000T\000I}{subsection.12.70.2}% 1656
\BOOKMARK [3][-]{subsubsection.12.70.2.5}{\376\377\0001\0002\000.\0007\0000\000.\0002\000.\0005\000\040\000R\000A\000D\000I\000O\000\137\000L\000I\000B\000\137\000E\000N\000A\000B\000L\000E\000\137\000D\000I\000O\0003\000\137\000E\000X\000T\000I}{subsection.12.70.2}% 1657
\BOOKMARK [3][-]{subsubsection.12.70.2.6}{\376\377\0001\0002\000.\0007\0000\000.\0002\000.\0006\000\040\000R\000A\000D\000I\000O\000\137\000L\000I\000B\000\137\000E\000N\000A\000B\000L\000E\000\137\000D\000I\000O\0004\000\137\000E\000X\000T\000I}{subsection.12.70.2}% 1658
\BOOKMARK [3][-]{subsubsection.12.70.2.7}{\376\377\0001\0002\000.\0007\0000\000.\0002\000.\0007\000\040\000R\000A\000D\000I\000O\000\137\000L\000I\000B\000\137\000E\000N\000A\000B\000L\000E\000\137\000D\000I\000O\0005\000\137\000E\000X\000T\000I}{subsection.12.70.2}% 1659
\BOOKMARK [3][-]{subsubsection.12.70.2.8}{\376\377\0001\0002\000.\0007\0000\000.\0002\000.\0008\000\040\000R\000A\000D\000I\000O\000\137\000L\000I\000B\000\137\000M\000A\000X\000\137\000P\000A\000Y\000L\000O\000A\000D}{subsection.12.70.2}% 1660
\BOOKMARK [3][-]{subsubsection.12.70.2.9}{\376\377\0001\0002\000.\0007\0000\000.\0002\000.\0009\000\040\000R\000A\000D\000I\000O\000\137\000L\000I\000B\000\137\000M\000O\000D\000U\000L\000A\000T\000I\000O\000N\000\137\000F\000S\000K}{subsection.12.70.2}% 1661
\BOOKMARK [3][-]{subsubsection.12.70.2.10}{\376\377\0001\0002\000.\0007\0000\000.\0002\000.\0001\0000\000\040\000R\000A\000D\000I\000O\000\137\000L\000I\000B\000\137\000M\000O\000D\000U\000L\000A\000T\000I\000O\000N\000\137\000L\000O\000R\000A}{subsection.12.70.2}% 1662
\BOOKMARK [3][-]{subsubsection.12.70.2.11}{\376\377\0001\0002\000.\0007\0000\000.\0002\000.\0001\0001\000\040\000R\000A\000D\000I\000O\000\137\000L\000I\000B\000\137\000M\000O\000D\000U\000L\000A\000T\000I\000O\000N\000\137\000O\000O\000K}{subsection.12.70.2}% 1663
\BOOKMARK [3][-]{subsubsection.12.70.2.12}{\376\377\0001\0002\000.\0007\0000\000.\0002\000.\0001\0002\000\040\000R\000A\000D\000I\000O\000\137\000L\000I\000B\000\137\000O\000W\000N\000S\000\137\000H\000A\000L\000\137\000E\000X\000T\000I\000\137\000C\000A\000L\000L\000B\000A\000C\000K}{subsection.12.70.2}% 1664
\BOOKMARK [3][-]{subsubsection.12.70.2.13}{\376\377\0001\0002\000.\0007\0000\000.\0002\000.\0001\0003\000\040\000R\000A\000D\000I\000O\000\137\000L\000I\000B\000\137\000S\000P\000I\000\137\000T\000I\000M\000E\000O\000U\000T\000\137\000M\000S}{subsection.12.70.2}% 1665
\BOOKMARK [1][-]{section.12.71}{\376\377\0001\0002\000.\0007\0001\000\040\000r\000a\000d\000i\000o\000\137\000l\000i\000b\000\137\000c\000o\000n\000f\000i\000g\000.\000h}{chapter.12}% 1666
\BOOKMARK [1][-]{section.12.72}{\376\377\0001\0002\000.\0007\0002\000\040\000D\000o\000k\000u\000m\000e\000n\000t\000a\000c\000j\000a\000\040\000p\000l\000i\000k\000u\000\040\000C\000o\000r\000e\000/\000A\000p\000p\000/\000r\000a\000d\000i\000o\000\137\000l\000i\000b\000/\000t\000e\000s\000t\000/\000r\000a\000d\000i\000o\000\137\000t\000e\000s\000t\000.\000c}{chapter.12}% 1667
\BOOKMARK [2][-]{subsection.12.72.1}{\376\377\0001\0002\000.\0007\0002\000.\0001\000\040\000O\000p\000i\000s\000\040\000s\000z\000c\000z\000e\000g\000\363\001\102\000o\000w\000y}{section.12.72}% 1668
\BOOKMARK [2][-]{subsection.12.72.2}{\376\377\0001\0002\000.\0007\0002\000.\0002\000\040\000D\000o\000k\000u\000m\000e\000n\000t\000a\000c\000j\000a\000\040\000f\000u\000n\000k\000c\000j\000i}{section.12.72}% 1669
\BOOKMARK [3][-]{subsubsection.12.72.2.1}{\376\377\0001\0002\000.\0007\0002\000.\0002\000.\0001\000\040\000r\000a\000d\000i\000o\000\137\000t\000e\000s\000t\000\137\000d\000e\000m\000o\000\137\000i\000n\000i\000t\000\050\000\051}{subsection.12.72.2}% 1670
\BOOKMARK [3][-]{subsubsection.12.72.2.2}{\376\377\0001\0002\000.\0007\0002\000.\0002\000.\0002\000\040\000r\000a\000d\000i\000o\000\137\000t\000e\000s\000t\000\137\000d\000e\000m\000o\000\137\000p\000r\000o\000c\000e\000s\000s\000\050\000\051}{subsection.12.72.2}% 1671
\BOOKMARK [3][-]{subsubsection.12.72.2.3}{\376\377\0001\0002\000.\0007\0002\000.\0002\000.\0003\000\040\000r\000a\000d\000i\000o\000\137\000t\000e\000s\000t\000\137\000d\000u\000m\000p\000\137\000b\000a\000s\000i\000c\000\050\000\051}{subsection.12.72.2}% 1672
\BOOKMARK [3][-]{subsubsection.12.72.2.4}{\376\377\0001\0002\000.\0007\0002\000.\0002\000.\0004\000\040\000r\000a\000d\000i\000o\000\137\000t\000e\000s\000t\000\137\000d\000u\000m\000p\000\137\000t\000x\000\137\000d\000e\000b\000u\000g\000\050\000\051}{subsection.12.72.2}% 1673
\BOOKMARK [3][-]{subsubsection.12.72.2.5}{\376\377\0001\0002\000.\0007\0002\000.\0002\000.\0005\000\040\000r\000a\000d\000i\000o\000\137\000t\000e\000s\000t\000\137\000e\000v\000e\000n\000t\000\137\000c\000b\000\050\000\051}{subsection.12.72.2}% 1674
\BOOKMARK [3][-]{subsubsection.12.72.2.6}{\376\377\0001\0002\000.\0007\0002\000.\0002\000.\0006\000\040\000r\000a\000d\000i\000o\000\137\000t\000e\000s\000t\000\137\000i\000r\000q\000\137\000r\000e\000s\000t\000o\000r\000e\000\050\000\051}{subsection.12.72.2}% 1675
\BOOKMARK [3][-]{subsubsection.12.72.2.7}{\376\377\0001\0002\000.\0007\0002\000.\0002\000.\0007\000\040\000r\000a\000d\000i\000o\000\137\000t\000e\000s\000t\000\137\000i\000r\000q\000\137\000s\000a\000v\000e\000\050\000\051}{subsection.12.72.2}% 1676
\BOOKMARK [3][-]{subsubsection.12.72.2.8}{\376\377\0001\0002\000.\0007\0002\000.\0002\000.\0008\000\040\000r\000a\000d\000i\000o\000\137\000t\000e\000s\000t\000\137\000n\000o\000w\000\137\000m\000s\000\050\000\051}{subsection.12.72.2}% 1677
\BOOKMARK [3][-]{subsubsection.12.72.2.9}{\376\377\0001\0002\000.\0007\0002\000.\0002\000.\0009\000\040\000r\000a\000d\000i\000o\000\137\000t\000e\000s\000t\000\137\000p\000r\000i\000n\000t\000\137\000p\000a\000c\000k\000e\000t\000\050\000\051}{subsection.12.72.2}% 1678
\BOOKMARK [3][-]{subsubsection.12.72.2.10}{\376\377\0001\0002\000.\0007\0002\000.\0002\000.\0001\0000\000\040\000r\000a\000d\000i\000o\000\137\000t\000e\000s\000t\000\137\000p\000r\000i\000n\000t\000\137\000p\000a\000c\000k\000e\000t\000\137\000t\000e\000x\000t\000\050\000\051}{subsection.12.72.2}% 1679
\BOOKMARK [3][-]{subsubsection.12.72.2.11}{\376\377\0001\0002\000.\0007\0002\000.\0002\000.\0001\0001\000\040\000r\000a\000d\000i\000o\000\137\000t\000e\000s\000t\000\137\000p\000r\000o\000b\000e\000\050\000\051}{subsection.12.72.2}% 1680
\BOOKMARK [3][-]{subsubsection.12.72.2.12}{\376\377\0001\0002\000.\0007\0002\000.\0002\000.\0001\0002\000\040\000r\000a\000d\000i\000o\000\137\000t\000e\000s\000t\000\137\000p\000u\000b\000l\000i\000s\000h\000\137\000p\000a\000c\000k\000e\000t\000\137\000t\000o\000\137\000l\000c\000d\000\050\000\051}{subsection.12.72.2}% 1681
\BOOKMARK [3][-]{subsubsection.12.72.2.13}{\376\377\0001\0002\000.\0007\0002\000.\0002\000.\0001\0003\000\040\000r\000a\000d\000i\000o\000\137\000t\000e\000s\000t\000\137\000s\000e\000n\000d\000\137\000p\000i\000n\000g\000\050\000\051}{subsection.12.72.2}% 1682
\BOOKMARK [3][-]{subsubsection.12.72.2.14}{\376\377\0001\0002\000.\0007\0002\000.\0002\000.\0001\0004\000\040\000r\000a\000d\000i\000o\000\137\000t\000e\000s\000t\000\137\000s\000t\000o\000r\000e\000\137\000p\000a\000c\000k\000e\000t\000\137\000i\000n\000\137\000i\0002\000c\000\137\000m\000e\000m\000o\000r\000y\000\050\000\051}{subsection.12.72.2}% 1683
\BOOKMARK [2][-]{subsection.12.72.3}{\376\377\0001\0002\000.\0007\0002\000.\0003\000\040\000D\000o\000k\000u\000m\000e\000n\000t\000a\000c\000j\000a\000\040\000z\000m\000i\000e\000n\000n\000y\000c\000h}{section.12.72}% 1684
\BOOKMARK [3][-]{subsubsection.12.72.3.1}{\376\377\0001\0002\000.\0007\0002\000.\0003\000.\0001\000\040\000s\000\137\000d\000e\000m\000o\000\137\000i\000n\000i\000t\000i\000a\000l\000i\000z\000e\000d}{subsection.12.72.3}% 1685
\BOOKMARK [3][-]{subsubsection.12.72.3.2}{\376\377\0001\0002\000.\0007\0002\000.\0003\000.\0002\000\040\000s\000\137\000m\000s\000g\000\137\000s\000t\000o\000r\000e}{subsection.12.72.3}% 1686
\BOOKMARK [3][-]{subsubsection.12.72.3.3}{\376\377\0001\0002\000.\0007\0002\000.\0003\000.\0003\000\040\000s\000\137\000m\000s\000g\000\137\000s\000t\000o\000r\000e\000\137\000r\000e\000a\000d\000y}{subsection.12.72.3}% 1687
\BOOKMARK [3][-]{subsubsection.12.72.3.4}{\376\377\0001\0002\000.\0007\0002\000.\0003\000.\0004\000\040\000s\000\137\000r\000a\000d\000i\000o\000\137\000c\000b\000\137\000e\000v\000e\000n\000t\000s}{subsection.12.72.3}% 1688
\BOOKMARK [3][-]{subsubsection.12.72.3.5}{\376\377\0001\0002\000.\0007\0002\000.\0003\000.\0005\000\040\000s\000\137\000r\000a\000d\000i\000o\000\137\000l\000a\000s\000t\000\137\000p\000i\000n\000g\000\137\000m\000s}{subsection.12.72.3}% 1689
\BOOKMARK [3][-]{subsubsection.12.72.3.6}{\376\377\0001\0002\000.\0007\0002\000.\0003\000.\0006\000\040\000s\000\137\000r\000a\000d\000i\000o\000\137\000l\000a\000s\000t\000\137\000t\000x\000\137\000s\000t\000a\000r\000t\000\137\000m\000s}{subsection.12.72.3}% 1690
\BOOKMARK [1][-]{section.12.73}{\376\377\0001\0002\000.\0007\0003\000\040\000r\000a\000d\000i\000o\000\137\000t\000e\000s\000t\000.\000c}{chapter.12}% 1691
\BOOKMARK [1][-]{section.12.74}{\376\377\0001\0002\000.\0007\0004\000\040\000D\000o\000k\000u\000m\000e\000n\000t\000a\000c\000j\000a\000\040\000p\000l\000i\000k\000u\000\040\000C\000o\000r\000e\000/\000A\000p\000p\000/\000r\000a\000d\000i\000o\000\137\000l\000i\000b\000/\000t\000e\000s\000t\000/\000r\000a\000d\000i\000o\000\137\000t\000e\000s\000t\000.\000h}{chapter.12}% 1692
\BOOKMARK [2][-]{subsection.12.74.1}{\376\377\0001\0002\000.\0007\0004\000.\0001\000\040\000O\000p\000i\000s\000\040\000s\000z\000c\000z\000e\000g\000\363\001\102\000o\000w\000y}{section.12.74}% 1693
\BOOKMARK [2][-]{subsection.12.74.2}{\376\377\0001\0002\000.\0007\0004\000.\0002\000\040\000D\000o\000k\000u\000m\000e\000n\000t\000a\000c\000j\000a\000\040\000f\000u\000n\000k\000c\000j\000i}{section.12.74}% 1694
\BOOKMARK [3][-]{subsubsection.12.74.2.1}{\376\377\0001\0002\000.\0007\0004\000.\0002\000.\0001\000\040\000r\000a\000d\000i\000o\000\137\000t\000e\000s\000t\000\137\000d\000e\000m\000o\000\137\000i\000n\000i\000t\000\050\000\051}{subsection.12.74.2}% 1695
\BOOKMARK [3][-]{subsubsection.12.74.2.2}{\376\377\0001\0002\000.\0007\0004\000.\0002\000.\0002\000\040\000r\000a\000d\000i\000o\000\137\000t\000e\000s\000t\000\137\000d\000e\000m\000o\000\137\000p\000r\000o\000c\000e\000s\000s\000\050\000\051}{subsection.12.74.2}% 1696
\BOOKMARK [3][-]{subsubsection.12.74.2.3}{\376\377\0001\0002\000.\0007\0004\000.\0002\000.\0003\000\040\000r\000a\000d\000i\000o\000\137\000t\000e\000s\000t\000\137\000d\000u\000m\000p\000\137\000b\000a\000s\000i\000c\000\050\000\051}{subsection.12.74.2}% 1697
\BOOKMARK [3][-]{subsubsection.12.74.2.4}{\376\377\0001\0002\000.\0007\0004\000.\0002\000.\0004\000\040\000r\000a\000d\000i\000o\000\137\000t\000e\000s\000t\000\137\000p\000r\000o\000b\000e\000\050\000\051}{subsection.12.74.2}% 1698
\BOOKMARK [3][-]{subsubsection.12.74.2.5}{\376\377\0001\0002\000.\0007\0004\000.\0002\000.\0005\000\040\000r\000a\000d\000i\000o\000\137\000t\000e\000s\000t\000\137\000s\000e\000n\000d\000\137\000p\000i\000n\000g\000\050\000\051}{subsection.12.74.2}% 1699
\BOOKMARK [1][-]{section.12.75}{\376\377\0001\0002\000.\0007\0005\000\040\000r\000a\000d\000i\000o\000\137\000t\000e\000s\000t\000.\000h}{chapter.12}% 1700
\BOOKMARK [1][-]{section.12.76}{\376\377\0001\0002\000.\0007\0006\000\040\000r\000a\000d\000i\000o\000\137\000m\000a\000i\000n\000.\000c}{chapter.12}% 1701
\BOOKMARK [1][-]{section.12.77}{\376\377\0001\0002\000.\0007\0007\000\040\000D\000o\000k\000u\000m\000e\000n\000t\000a\000c\000j\000a\000\040\000p\000l\000i\000k\000u\000\040\000C\000o\000r\000e\000/\000A\000p\000p\000/\000r\000a\000d\000i\000o\000\137\000m\000a\000i\000n\000.\000h}{chapter.12}% 1702
\BOOKMARK [2][-]{subsection.12.77.1}{\376\377\0001\0002\000.\0007\0007\000.\0001\000\040\000O\000p\000i\000s\000\040\000s\000z\000c\000z\000e\000g\000\363\001\102\000o\000w\000y}{section.12.77}% 1703
\BOOKMARK [2][-]{subsection.12.77.2}{\376\377\0001\0002\000.\0007\0007\000.\0002\000\040\000D\000o\000k\000u\000m\000e\000n\000t\000a\000c\000j\000a\000\040\000t\000y\000p\000\363\000w\000\040\000w\000y\000l\000i\000c\000z\000a\000n\000y\000c\000h}{section.12.77}% 1704
\BOOKMARK [3][-]{subsubsection.12.77.2.1}{\376\377\0001\0002\000.\0007\0007\000.\0002\000.\0001\000\040\000r\000a\000d\000i\000o\000\137\000m\000a\000i\000n\000\137\000a\000d\000d\000r\000e\000s\000s\000\137\000f\000i\000l\000t\000e\000r\000\137\000t}{subsection.12.77.2}% 1705
\BOOKMARK [3][-]{subsubsection.12.77.2.2}{\376\377\0001\0002\000.\0007\0007\000.\0002\000.\0002\000\040\000r\000a\000d\000i\000o\000\137\000m\000a\000i\000n\000\137\000a\000u\000t\000o\000\137\000p\000i\000n\000g\000\137\000m\000o\000d\000e\000\137\000t}{subsection.12.77.2}% 1706
\BOOKMARK [3][-]{subsubsection.12.77.2.3}{\376\377\0001\0002\000.\0007\0007\000.\0002\000.\0003\000\040\000r\000a\000d\000i\000o\000\137\000m\000a\000i\000n\000\137\000c\000r\000c\000\137\000t\000y\000p\000e\000\137\000t}{subsection.12.77.2}% 1707
\BOOKMARK [3][-]{subsubsection.12.77.2.4}{\376\377\0001\0002\000.\0007\0007\000.\0002\000.\0004\000\040\000r\000a\000d\000i\000o\000\137\000m\000a\000i\000n\000\137\000f\000i\000l\000t\000e\000r\000\137\000t}{subsection.12.77.2}% 1708
\BOOKMARK [3][-]{subsubsection.12.77.2.5}{\376\377\0001\0002\000.\0007\0007\000.\0002\000.\0005\000\040\000r\000a\000d\000i\000o\000\137\000m\000a\000i\000n\000\137\000f\000s\000k\000\137\000s\000h\000a\000p\000i\000n\000g\000\137\000t}{subsection.12.77.2}% 1709
\BOOKMARK [3][-]{subsubsection.12.77.2.6}{\376\377\0001\0002\000.\0007\0007\000.\0002\000.\0006\000\040\000r\000a\000d\000i\000o\000\137\000m\000a\000i\000n\000\137\000h\000e\000a\000d\000e\000r\000\137\000m\000o\000d\000e\000\137\000t}{subsection.12.77.2}% 1710
\BOOKMARK [3][-]{subsubsection.12.77.2.7}{\376\377\0001\0002\000.\0007\0007\000.\0002\000.\0007\000\040\000r\000a\000d\000i\000o\000\137\000m\000a\000i\000n\000\137\000m\000o\000d\000u\000l\000a\000t\000i\000o\000n\000\137\000t}{subsection.12.77.2}% 1711
\BOOKMARK [3][-]{subsubsection.12.77.2.8}{\376\377\0001\0002\000.\0007\0007\000.\0002\000.\0008\000\040\000r\000a\000d\000i\000o\000\137\000m\000a\000i\000n\000\137\000o\000o\000k\000\137\000t\000h\000r\000e\000s\000h\000o\000l\000d\000\137\000t}{subsection.12.77.2}% 1712
\BOOKMARK [3][-]{subsubsection.12.77.2.9}{\376\377\0001\0002\000.\0007\0007\000.\0002\000.\0009\000\040\000r\000a\000d\000i\000o\000\137\000m\000a\000i\000n\000\137\000o\000p\000t\000i\000o\000n\000\137\000t}{subsection.12.77.2}% 1713
\BOOKMARK [2][-]{subsection.12.77.3}{\376\377\0001\0002\000.\0007\0007\000.\0003\000\040\000D\000o\000k\000u\000m\000e\000n\000t\000a\000c\000j\000a\000\040\000f\000u\000n\000k\000c\000j\000i}{section.12.77}% 1714
\BOOKMARK [3][-]{subsubsection.12.77.3.1}{\376\377\0001\0002\000.\0007\0007\000.\0003\000.\0001\000\040\000r\000a\000d\000i\000o\000\137\000m\000a\000i\000n\000\137\000c\000m\000d\000\137\000p\000a\000i\000r\000i\000n\000g\000\137\000a\000c\000c\000e\000p\000t\000\050\000\051}{subsection.12.77.3}% 1715
\BOOKMARK [3][-]{subsubsection.12.77.3.2}{\376\377\0001\0002\000.\0007\0007\000.\0003\000.\0002\000\040\000r\000a\000d\000i\000o\000\137\000m\000a\000i\000n\000\137\000c\000m\000d\000\137\000r\000e\000s\000e\000t\000\137\000m\000o\000d\000u\000l\000e\000\050\000\051}{subsection.12.77.3}% 1716
\BOOKMARK [3][-]{subsubsection.12.77.3.3}{\376\377\0001\0002\000.\0007\0007\000.\0003\000.\0003\000\040\000r\000a\000d\000i\000o\000\137\000m\000a\000i\000n\000\137\000c\000m\000d\000\137\000s\000e\000n\000d\000\137\000n\000e\000t\000w\000o\000r\000k\000\137\000p\000a\000i\000r\000\137\000r\000e\000q\000\050\000\051}{subsection.12.77.3}% 1717
\BOOKMARK [3][-]{subsubsection.12.77.3.4}{\376\377\0001\0002\000.\0007\0007\000.\0003\000.\0004\000\040\000r\000a\000d\000i\000o\000\137\000m\000a\000i\000n\000\137\000c\000m\000d\000\137\000s\000e\000n\000d\000\137\000p\000a\000i\000r\000\137\000e\000r\000r\000o\000r\000\050\000\051}{subsection.12.77.3}% 1718
\BOOKMARK [3][-]{subsubsection.12.77.3.5}{\376\377\0001\0002\000.\0007\0007\000.\0003\000.\0005\000\040\000r\000a\000d\000i\000o\000\137\000m\000a\000i\000n\000\137\000c\000m\000d\000\137\000s\000e\000n\000d\000\137\000p\000a\000i\000r\000\137\000r\000e\000q\000\050\000\051}{subsection.12.77.3}% 1719
\BOOKMARK [3][-]{subsubsection.12.77.3.6}{\376\377\0001\0002\000.\0007\0007\000.\0003\000.\0006\000\040\000r\000a\000d\000i\000o\000\137\000m\000a\000i\000n\000\137\000c\000m\000d\000\137\000s\000e\000n\000d\000\137\000r\000a\000w\000\050\000\051}{subsection.12.77.3}% 1720
\BOOKMARK [3][-]{subsubsection.12.77.3.7}{\376\377\0001\0002\000.\0007\0007\000.\0003\000.\0007\000\040\000r\000a\000d\000i\000o\000\137\000m\000a\000i\000n\000\137\000c\000m\000d\000\137\000s\000e\000n\000d\000\137\000t\000e\000m\000p\000l\000a\000t\000e\000\050\000\051}{subsection.12.77.3}% 1721
\BOOKMARK [3][-]{subsubsection.12.77.3.8}{\376\377\0001\0002\000.\0007\0007\000.\0003\000.\0008\000\040\000r\000a\000d\000i\000o\000\137\000m\000a\000i\000n\000\137\000c\000m\000d\000\137\000s\000e\000n\000d\000\137\000u\000s\000e\000r\000\137\000t\000e\000x\000t\000\050\000\051}{subsection.12.77.3}% 1722
\BOOKMARK [3][-]{subsubsection.12.77.3.9}{\376\377\0001\0002\000.\0007\0007\000.\0003\000.\0009\000\040\000r\000a\000d\000i\000o\000\137\000m\000a\000i\000n\000\137\000c\000m\000d\000\137\000s\000e\000t\000\137\000a\000u\000t\000o\000\137\000p\000i\000n\000g\000\050\000\051}{subsection.12.77.3}% 1723
\BOOKMARK [3][-]{subsubsection.12.77.3.10}{\376\377\0001\0002\000.\0007\0007\000.\0003\000.\0001\0000\000\040\000r\000a\000d\000i\000o\000\137\000m\000a\000i\000n\000\137\000c\000m\000d\000\137\000s\000e\000t\000\137\000a\000u\000t\000o\000\137\000p\000i\000n\000g\000\137\000m\000o\000d\000e\000\050\000\051}{subsection.12.77.3}% 1724
\BOOKMARK [3][-]{subsubsection.12.77.3.11}{\376\377\0001\0002\000.\0007\0007\000.\0003\000.\0001\0001\000\040\000r\000a\000d\000i\000o\000\137\000m\000a\000i\000n\000\137\000c\000m\000d\000\137\000s\000e\000t\000\137\000a\000u\000t\000o\000\137\000p\000i\000n\000g\000\137\000p\000e\000r\000i\000o\000d\000\050\000\051}{subsection.12.77.3}% 1725
\BOOKMARK [3][-]{subsubsection.12.77.3.12}{\376\377\0001\0002\000.\0007\0007\000.\0003\000.\0001\0002\000\040\000r\000a\000d\000i\000o\000\137\000m\000a\000i\000n\000\137\000c\000m\000d\000\137\000s\000e\000t\000\137\000c\000o\000d\000i\000n\000g\000\050\000\051}{subsection.12.77.3}% 1726
\BOOKMARK [3][-]{subsubsection.12.77.3.13}{\376\377\0001\0002\000.\0007\0007\000.\0003\000.\0001\0003\000\040\000r\000a\000d\000i\000o\000\137\000m\000a\000i\000n\000\137\000c\000m\000d\000\137\000s\000e\000t\000\137\000f\000h\000\050\000\051}{subsection.12.77.3}% 1727
\BOOKMARK [3][-]{subsubsection.12.77.3.14}{\376\377\0001\0002\000.\0007\0007\000.\0003\000.\0001\0004\000\040\000r\000a\000d\000i\000o\000\137\000m\000a\000i\000n\000\137\000c\000m\000d\000\137\000s\000e\000t\000\137\000f\000h\000\137\000p\000e\000r\000i\000o\000d\000\050\000\051}{subsection.12.77.3}% 1728
\BOOKMARK [3][-]{subsubsection.12.77.3.15}{\376\377\0001\0002\000.\0007\0007\000.\0003\000.\0001\0005\000\040\000r\000a\000d\000i\000o\000\137\000m\000a\000i\000n\000\137\000c\000m\000d\000\137\000s\000e\000t\000\137\000l\000o\000r\000a\000\137\000p\000r\000e\000s\000e\000t\000\050\000\051}{subsection.12.77.3}% 1729
\BOOKMARK [3][-]{subsubsection.12.77.3.16}{\376\377\0001\0002\000.\0007\0007\000.\0003\000.\0001\0006\000\040\000r\000a\000d\000i\000o\000\137\000m\000a\000i\000n\000\137\000c\000m\000d\000\137\000s\000e\000t\000\137\000m\000o\000d\000u\000l\000a\000t\000i\000o\000n\000\050\000\051}{subsection.12.77.3}% 1730
\BOOKMARK [3][-]{subsubsection.12.77.3.17}{\376\377\0001\0002\000.\0007\0007\000.\0003\000.\0001\0007\000\040\000r\000a\000d\000i\000o\000\137\000m\000a\000i\000n\000\137\000c\000m\000d\000\137\000s\000e\000t\000\137\000m\000o\000d\000u\000l\000a\000t\000i\000o\000n\000\137\000b\000w\000\050\000\051}{subsection.12.77.3}% 1731
\BOOKMARK [3][-]{subsubsection.12.77.3.18}{\376\377\0001\0002\000.\0007\0007\000.\0003\000.\0001\0008\000\040\000r\000a\000d\000i\000o\000\137\000m\000a\000i\000n\000\137\000c\000m\000d\000\137\000s\000e\000t\000\137\000m\000o\000d\000u\000l\000a\000t\000i\000o\000n\000\137\000f\000r\000e\000q\000\050\000\051}{subsection.12.77.3}% 1732
\BOOKMARK [3][-]{subsubsection.12.77.3.19}{\376\377\0001\0002\000.\0007\0007\000.\0003\000.\0001\0009\000\040\000r\000a\000d\000i\000o\000\137\000m\000a\000i\000n\000\137\000c\000m\000d\000\137\000s\000e\000t\000\137\000o\000p\000t\000i\000o\000n\000\050\000\051}{subsection.12.77.3}% 1733
\BOOKMARK [3][-]{subsubsection.12.77.3.20}{\376\377\0001\0002\000.\0007\0007\000.\0003\000.\0002\0000\000\040\000r\000a\000d\000i\000o\000\137\000m\000a\000i\000n\000\137\000c\000m\000d\000\137\000s\000t\000a\000r\000t\000\137\000n\000e\000t\000w\000o\000r\000k\000\137\000p\000a\000i\000r\000i\000n\000g\000\050\000\051}{subsection.12.77.3}% 1734
\BOOKMARK [3][-]{subsubsection.12.77.3.21}{\376\377\0001\0002\000.\0007\0007\000.\0003\000.\0002\0001\000\040\000r\000a\000d\000i\000o\000\137\000m\000a\000i\000n\000\137\000c\000m\000d\000\137\000s\000t\000a\000r\000t\000\137\000p\000a\000i\000r\000i\000n\000g\000\050\000\051}{subsection.12.77.3}% 1735
\BOOKMARK [3][-]{subsubsection.12.77.3.22}{\376\377\0001\0002\000.\0007\0007\000.\0003\000.\0002\0002\000\040\000r\000a\000d\000i\000o\000\137\000m\000a\000i\000n\000\137\000c\000r\000e\000a\000t\000e\000\137\000t\000a\000s\000k\000\050\000\051}{subsection.12.77.3}% 1736
\BOOKMARK [3][-]{subsubsection.12.77.3.23}{\376\377\0001\0002\000.\0007\0007\000.\0003\000.\0002\0003\000\040\000r\000a\000d\000i\000o\000\137\000m\000a\000i\000n\000\137\000g\000e\000t\000\137\000a\000u\000t\000o\000\137\000p\000i\000n\000g\000\137\000p\000e\000r\000i\000o\000d\000\137\000m\000s\000\050\000\051}{subsection.12.77.3}% 1737
\BOOKMARK [3][-]{subsubsection.12.77.3.24}{\376\377\0001\0002\000.\0007\0007\000.\0003\000.\0002\0004\000\040\000r\000a\000d\000i\000o\000\137\000m\000a\000i\000n\000\137\000g\000e\000t\000\137\000l\000a\000s\000t\000\137\000e\000r\000r\000o\000r\000\137\000t\000e\000x\000t\000\050\000\051}{subsection.12.77.3}% 1738
\BOOKMARK [3][-]{subsubsection.12.77.3.25}{\376\377\0001\0002\000.\0007\0007\000.\0003\000.\0002\0005\000\040\000r\000a\000d\000i\000o\000\137\000m\000a\000i\000n\000\137\000g\000e\000t\000\137\000n\000o\000d\000e\000\137\000i\000d\000\050\000\051}{subsection.12.77.3}% 1739
\BOOKMARK [3][-]{subsubsection.12.77.3.26}{\376\377\0001\0002\000.\0007\0007\000.\0003\000.\0002\0006\000\040\000r\000a\000d\000i\000o\000\137\000m\000a\000i\000n\000\137\000g\000e\000t\000\137\000r\000u\000n\000t\000i\000m\000e\000\137\000c\000f\000g\000\050\000\051}{subsection.12.77.3}% 1740
\BOOKMARK [3][-]{subsubsection.12.77.3.27}{\376\377\0001\0002\000.\0007\0007\000.\0003\000.\0002\0007\000\040\000r\000a\000d\000i\000o\000\137\000m\000a\000i\000n\000\137\000l\000o\000a\000d\000\137\000d\000e\000f\000a\000u\000l\000t\000\137\000f\000s\000k\000\137\000p\000r\000o\000f\000i\000l\000e\000\050\000\051}{subsection.12.77.3}% 1741
\BOOKMARK [3][-]{subsubsection.12.77.3.28}{\376\377\0001\0002\000.\0007\0007\000.\0003\000.\0002\0008\000\040\000r\000a\000d\000i\000o\000\137\000m\000a\000i\000n\000\137\000l\000o\000a\000d\000\137\000d\000e\000f\000a\000u\000l\000t\000\137\000l\000o\000r\000a\000\137\000p\000r\000e\000s\000e\000t\000\050\000\051}{subsection.12.77.3}% 1742
\BOOKMARK [3][-]{subsubsection.12.77.3.29}{\376\377\0001\0002\000.\0007\0007\000.\0003\000.\0002\0009\000\040\000r\000a\000d\000i\000o\000\137\000m\000a\000i\000n\000\137\000l\000o\000a\000d\000\137\000d\000e\000f\000a\000u\000l\000t\000\137\000o\000o\000k\000\137\000p\000r\000o\000f\000i\000l\000e\000\050\000\051}{subsection.12.77.3}% 1743
\BOOKMARK [1][-]{section.12.78}{\376\377\0001\0002\000.\0007\0008\000\040\000r\000a\000d\000i\000o\000\137\000m\000a\000i\000n\000.\000h}{chapter.12}% 1744
\BOOKMARK [1][-]{section.12.79}{\376\377\0001\0002\000.\0007\0009\000\040\000s\000e\000c\000u\000r\000i\000t\000y\000\137\000m\000a\000i\000n\000.\000c}{chapter.12}% 1745
\BOOKMARK [1][-]{section.12.80}{\376\377\0001\0002\000.\0008\0000\000\040\000D\000o\000k\000u\000m\000e\000n\000t\000a\000c\000j\000a\000\040\000p\000l\000i\000k\000u\000\040\000C\000o\000r\000e\000/\000A\000p\000p\000/\000s\000e\000c\000u\000r\000i\000t\000y\000\137\000m\000a\000i\000n\000.\000h}{chapter.12}% 1746
\BOOKMARK [2][-]{subsection.12.80.1}{\376\377\0001\0002\000.\0008\0000\000.\0001\000\040\000O\000p\000i\000s\000\040\000s\000z\000c\000z\000e\000g\000\363\001\102\000o\000w\000y}{section.12.80}% 1747
\BOOKMARK [2][-]{subsection.12.80.2}{\376\377\0001\0002\000.\0008\0000\000.\0002\000\040\000D\000o\000k\000u\000m\000e\000n\000t\000a\000c\000j\000a\000\040\000t\000y\000p\000\363\000w\000\040\000w\000y\000l\000i\000c\000z\000a\000n\000y\000c\000h}{section.12.80}% 1748
\BOOKMARK [3][-]{subsubsection.12.80.2.1}{\376\377\0001\0002\000.\0008\0000\000.\0002\000.\0001\000\040\000s\000e\000c\000u\000r\000i\000t\000y\000\137\000f\000r\000a\000m\000e\000\137\000k\000e\000y\000\137\000m\000o\000d\000e\000\137\000t}{subsection.12.80.2}% 1749
\BOOKMARK [3][-]{subsubsection.12.80.2.2}{\376\377\0001\0002\000.\0008\0000\000.\0002\000.\0002\000\040\000s\000e\000c\000u\000r\000i\000t\000y\000\137\000n\000o\000t\000i\000f\000y\000\137\000m\000o\000d\000e\000\137\000t}{subsection.12.80.2}% 1750
\BOOKMARK [2][-]{subsection.12.80.3}{\376\377\0001\0002\000.\0008\0000\000.\0003\000\040\000D\000o\000k\000u\000m\000e\000n\000t\000a\000c\000j\000a\000\040\000f\000u\000n\000k\000c\000j\000i}{section.12.80}% 1751
\BOOKMARK [3][-]{subsubsection.12.80.3.1}{\376\377\0001\0002\000.\0008\0000\000.\0003\000.\0001\000\040\000s\000e\000c\000u\000r\000i\000t\000y\000\137\000m\000a\000i\000n\000\137\000c\000m\000d\000\137\000a\000d\000d\000\137\000d\000e\000v\000i\000c\000e\000\050\000\051}{subsection.12.80.3}% 1752
\BOOKMARK [3][-]{subsubsection.12.80.3.2}{\376\377\0001\0002\000.\0008\0000\000.\0003\000.\0002\000\040\000s\000e\000c\000u\000r\000i\000t\000y\000\137\000m\000a\000i\000n\000\137\000c\000m\000d\000\137\000a\000d\000d\000\137\000g\000a\000t\000e\000w\000a\000y\000\050\000\051}{subsection.12.80.3}% 1753
\BOOKMARK [3][-]{subsubsection.12.80.3.3}{\376\377\0001\0002\000.\0008\0000\000.\0003\000.\0003\000\040\000s\000e\000c\000u\000r\000i\000t\000y\000\137\000m\000a\000i\000n\000\137\000c\000m\000d\000\137\000d\000e\000l\000e\000t\000e\000\137\000d\000e\000v\000i\000c\000e\000\050\000\051}{subsection.12.80.3}% 1754
\BOOKMARK [3][-]{subsubsection.12.80.3.4}{\376\377\0001\0002\000.\0008\0000\000.\0003\000.\0004\000\040\000s\000e\000c\000u\000r\000i\000t\000y\000\137\000m\000a\000i\000n\000\137\000c\000m\000d\000\137\000g\000e\000t\000\137\000d\000e\000v\000i\000c\000e\000\050\000\051}{subsection.12.80.3}% 1755
\BOOKMARK [3][-]{subsubsection.12.80.3.5}{\376\377\0001\0002\000.\0008\0000\000.\0003\000.\0005\000\040\000s\000e\000c\000u\000r\000i\000t\000y\000\137\000m\000a\000i\000n\000\137\000c\000m\000d\000\137\000g\000e\000t\000\137\000r\000u\000n\000t\000i\000m\000e\000\137\000c\000f\000g\000\050\000\051}{subsection.12.80.3}% 1756
\BOOKMARK [3][-]{subsubsection.12.80.3.6}{\376\377\0001\0002\000.\0008\0000\000.\0003\000.\0006\000\040\000s\000e\000c\000u\000r\000i\000t\000y\000\137\000m\000a\000i\000n\000\137\000c\000m\000d\000\137\000r\000o\000t\000a\000t\000e\000\137\000k\000e\000y\000\050\000\051}{subsection.12.80.3}% 1757
\BOOKMARK [3][-]{subsubsection.12.80.3.7}{\376\377\0001\0002\000.\0008\0000\000.\0003\000.\0007\000\040\000s\000e\000c\000u\000r\000i\000t\000y\000\137\000m\000a\000i\000n\000\137\000c\000m\000d\000\137\000s\000e\000t\000\137\000a\000u\000t\000o\000\137\000p\000i\000n\000g\000\050\000\051}{subsection.12.80.3}% 1758
\BOOKMARK [3][-]{subsubsection.12.80.3.8}{\376\377\0001\0002\000.\0008\0000\000.\0003\000.\0008\000\040\000s\000e\000c\000u\000r\000i\000t\000y\000\137\000m\000a\000i\000n\000\137\000c\000m\000d\000\137\000s\000e\000t\000\137\000a\000u\000t\000o\000\137\000p\000i\000n\000g\000\137\000m\000o\000d\000e\000\050\000\051}{subsection.12.80.3}% 1759
\BOOKMARK [3][-]{subsubsection.12.80.3.9}{\376\377\0001\0002\000.\0008\0000\000.\0003\000.\0009\000\040\000s\000e\000c\000u\000r\000i\000t\000y\000\137\000m\000a\000i\000n\000\137\000c\000m\000d\000\137\000s\000e\000t\000\137\000a\000u\000t\000o\000\137\000p\000i\000n\000g\000\137\000p\000e\000r\000i\000o\000d\000\050\000\051}{subsection.12.80.3}% 1760
\BOOKMARK [3][-]{subsubsection.12.80.3.10}{\376\377\0001\0002\000.\0008\0000\000.\0003\000.\0001\0000\000\040\000s\000e\000c\000u\000r\000i\000t\000y\000\137\000m\000a\000i\000n\000\137\000c\000m\000d\000\137\000s\000e\000t\000\137\000c\000o\000d\000i\000n\000g\000\050\000\051}{subsection.12.80.3}% 1761
\BOOKMARK [3][-]{subsubsection.12.80.3.11}{\376\377\0001\0002\000.\0008\0000\000.\0003\000.\0001\0001\000\040\000s\000e\000c\000u\000r\000i\000t\000y\000\137\000m\000a\000i\000n\000\137\000c\000m\000d\000\137\000s\000e\000t\000\137\000f\000h\000\050\000\051}{subsection.12.80.3}% 1762
\BOOKMARK [3][-]{subsubsection.12.80.3.12}{\376\377\0001\0002\000.\0008\0000\000.\0003\000.\0001\0002\000\040\000s\000e\000c\000u\000r\000i\000t\000y\000\137\000m\000a\000i\000n\000\137\000c\000m\000d\000\137\000s\000e\000t\000\137\000f\000h\000\137\000p\000e\000r\000i\000o\000d\000\050\000\051}{subsection.12.80.3}% 1763
\BOOKMARK [3][-]{subsubsection.12.80.3.13}{\376\377\0001\0002\000.\0008\0000\000.\0003\000.\0001\0003\000\040\000s\000e\000c\000u\000r\000i\000t\000y\000\137\000m\000a\000i\000n\000\137\000c\000m\000d\000\137\000s\000e\000t\000\137\000l\000o\000r\000a\000\137\000p\000r\000e\000s\000e\000t\000\050\000\051}{subsection.12.80.3}% 1764
\BOOKMARK [3][-]{subsubsection.12.80.3.14}{\376\377\0001\0002\000.\0008\0000\000.\0003\000.\0001\0004\000\040\000s\000e\000c\000u\000r\000i\000t\000y\000\137\000m\000a\000i\000n\000\137\000c\000m\000d\000\137\000s\000e\000t\000\137\000n\000o\000t\000i\000f\000y\000\137\000m\000o\000d\000e\000\050\000\051}{subsection.12.80.3}% 1765
\BOOKMARK [3][-]{subsubsection.12.80.3.15}{\376\377\0001\0002\000.\0008\0000\000.\0003\000.\0001\0005\000\040\000s\000e\000c\000u\000r\000i\000t\000y\000\137\000m\000a\000i\000n\000\137\000c\000m\000d\000\137\000s\000e\000t\000\137\000r\000a\000d\000i\000o\000\137\000r\000u\000n\000t\000i\000m\000e\000\137\000c\000f\000g\000\050\000\051}{subsection.12.80.3}% 1766
\BOOKMARK [3][-]{subsubsection.12.80.3.16}{\376\377\0001\0002\000.\0008\0000\000.\0003\000.\0001\0006\000\040\000s\000e\000c\000u\000r\000i\000t\000y\000\137\000m\000a\000i\000n\000\137\000c\000o\000m\000m\000i\000t\000\137\000g\000a\000t\000e\000w\000a\000y\000\137\000c\000o\000u\000n\000t\000e\000r\000\050\000\051}{subsection.12.80.3}% 1767
\BOOKMARK [3][-]{subsubsection.12.80.3.17}{\376\377\0001\0002\000.\0008\0000\000.\0003\000.\0001\0007\000\040\000s\000e\000c\000u\000r\000i\000t\000y\000\137\000m\000a\000i\000n\000\137\000c\000r\000e\000a\000t\000e\000\137\000t\000a\000s\000k\000\050\000\051}{subsection.12.80.3}% 1768
\BOOKMARK [3][-]{subsubsection.12.80.3.18}{\376\377\0001\0002\000.\0008\0000\000.\0003\000.\0001\0008\000\040\000s\000e\000c\000u\000r\000i\000t\000y\000\137\000m\000a\000i\000n\000\137\000g\000e\000t\000\137\000f\000r\000a\000m\000e\000\137\000k\000e\000y\000s\000\050\000\051}{subsection.12.80.3}% 1769
\BOOKMARK [3][-]{subsubsection.12.80.3.19}{\376\377\0001\0002\000.\0008\0000\000.\0003\000.\0001\0009\000\040\000s\000e\000c\000u\000r\000i\000t\000y\000\137\000m\000a\000i\000n\000\137\000g\000e\000t\000\137\000f\000r\000a\000m\000e\000\137\000k\000e\000y\000s\000\137\000f\000o\000r\000\137\000c\000o\000d\000e\000\050\000\051}{subsection.12.80.3}% 1770
\BOOKMARK [3][-]{subsubsection.12.80.3.20}{\376\377\0001\0002\000.\0008\0000\000.\0003\000.\0002\0000\000\040\000s\000e\000c\000u\000r\000i\000t\000y\000\137\000m\000a\000i\000n\000\137\000g\000e\000t\000\137\000f\000r\000a\000m\000e\000\137\000k\000e\000y\000s\000\137\000m\000o\000d\000e\000\050\000\051}{subsection.12.80.3}% 1771
\BOOKMARK [3][-]{subsubsection.12.80.3.21}{\376\377\0001\0002\000.\0008\0000\000.\0003\000.\0002\0001\000\040\000s\000e\000c\000u\000r\000i\000t\000y\000\137\000m\000a\000i\000n\000\137\000g\000e\000t\000\137\000g\000a\000t\000e\000w\000a\000y\000\137\000c\000o\000u\000n\000t\000e\000r\000\050\000\051}{subsection.12.80.3}% 1772
\BOOKMARK [3][-]{subsubsection.12.80.3.22}{\376\377\0001\0002\000.\0008\0000\000.\0003\000.\0002\0002\000\040\000s\000e\000c\000u\000r\000i\000t\000y\000\137\000m\000a\000i\000n\000\137\000g\000e\000t\000\137\000n\000e\000t\000w\000o\000r\000k\000\137\000k\000e\000y\000\050\000\051}{subsection.12.80.3}% 1773
\BOOKMARK [3][-]{subsubsection.12.80.3.23}{\376\377\0001\0002\000.\0008\0000\000.\0003\000.\0002\0003\000\040\000s\000e\000c\000u\000r\000i\000t\000y\000\137\000m\000a\000i\000n\000\137\000g\000e\000t\000\137\000p\000e\000e\000r\000\137\000l\000i\000n\000k\000\137\000k\000e\000y\000\050\000\051}{subsection.12.80.3}% 1774
\BOOKMARK [3][-]{subsubsection.12.80.3.24}{\376\377\0001\0002\000.\0008\0000\000.\0003\000.\0002\0004\000\040\000s\000e\000c\000u\000r\000i\000t\000y\000\137\000m\000a\000i\000n\000\137\000g\000e\000t\000\137\000t\000p\000m\000\137\000r\000e\000a\000d\000y\000\050\000\051}{subsection.12.80.3}% 1775
\BOOKMARK [3][-]{subsubsection.12.80.3.25}{\376\377\0001\0002\000.\0008\0000\000.\0003\000.\0002\0005\000\040\000s\000e\000c\000u\000r\000i\000t\000y\000\137\000m\000a\000i\000n\000\137\000l\000o\000g\000\137\000m\000e\000s\000s\000a\000g\000e\000\050\000\051}{subsection.12.80.3}% 1776
\BOOKMARK [1][-]{section.12.81}{\376\377\0001\0002\000.\0008\0001\000\040\000s\000e\000c\000u\000r\000i\000t\000y\000\137\000m\000a\000i\000n\000.\000h}{chapter.12}% 1777
\BOOKMARK [1][-]{section.12.82}{\376\377\0001\0002\000.\0008\0002\000\040\000s\000e\000r\000v\000i\000c\000e\000.\000c}{chapter.12}% 1778
\BOOKMARK [1][-]{section.12.83}{\376\377\0001\0002\000.\0008\0003\000\040\000D\000o\000k\000u\000m\000e\000n\000t\000a\000c\000j\000a\000\040\000p\000l\000i\000k\000u\000\040\000C\000o\000r\000e\000/\000A\000p\000p\000/\000s\000e\000r\000v\000i\000c\000e\000.\000h}{chapter.12}% 1779
\BOOKMARK [2][-]{subsection.12.83.1}{\376\377\0001\0002\000.\0008\0003\000.\0001\000\040\000O\000p\000i\000s\000\040\000s\000z\000c\000z\000e\000g\000\363\001\102\000o\000w\000y}{section.12.83}% 1780
\BOOKMARK [2][-]{subsection.12.83.2}{\376\377\0001\0002\000.\0008\0003\000.\0002\000\040\000D\000o\000k\000u\000m\000e\000n\000t\000a\000c\000j\000a\000\040\000f\000u\000n\000k\000c\000j\000i}{section.12.83}% 1781
\BOOKMARK [3][-]{subsubsection.12.83.2.1}{\376\377\0001\0002\000.\0008\0003\000.\0002\000.\0001\000\040\000s\000e\000r\000v\000i\000c\000e\000\137\000u\000a\000r\000t\000\137\000c\000r\000e\000a\000t\000e\000\137\000t\000a\000s\000k\000\050\000\051}{subsection.12.83.2}% 1782
\BOOKMARK [1][-]{section.12.84}{\376\377\0001\0002\000.\0008\0004\000\040\000s\000e\000r\000v\000i\000c\000e\000.\000h}{chapter.12}% 1783
\BOOKMARK [1][-]{section.12.85}{\376\377\0001\0002\000.\0008\0005\000\040\000D\000o\000k\000u\000m\000e\000n\000t\000a\000c\000j\000a\000\040\000p\000l\000i\000k\000u\000\040\000C\000o\000r\000e\000/\000A\000p\000p\000/\000s\000t\0003\0003\000k\000t\000p\000m\0002\000x\000\137\000l\000i\000b\000/\000s\000t\0003\0003\000k\000t\000p\000m\0002\000x\000.\000c}{chapter.12}% 1784
\BOOKMARK [2][-]{subsection.12.85.1}{\376\377\0001\0002\000.\0008\0005\000.\0001\000\040\000O\000p\000i\000s\000\040\000s\000z\000c\000z\000e\000g\000\363\001\102\000o\000w\000y}{section.12.85}% 1785
\BOOKMARK [2][-]{subsection.12.85.2}{\376\377\0001\0002\000.\0008\0005\000.\0002\000\040\000D\000o\000k\000u\000m\000e\000n\000t\000a\000c\000j\000a\000\040\000d\000e\000f\000i\000n\000i\000c\000j\000i}{section.12.85}% 1786
\BOOKMARK [3][-]{subsubsection.12.85.2.1}{\376\377\0001\0002\000.\0008\0005\000.\0002\000.\0001\000\040\000S\000T\0003\0003\000\137\000A\000C\000C\000E\000S\000S\000\137\000A\000C\000T\000I\000V\000E\000\137\000L\000O\000C\000A\000L\000I\000T\000Y}{subsection.12.85.2}% 1787
\BOOKMARK [3][-]{subsubsection.12.85.2.2}{\376\377\0001\0002\000.\0008\0005\000.\0002\000.\0002\000\040\000S\000T\0003\0003\000\137\000A\000C\000C\000E\000S\000S\000\137\000R\000E\000A\000D\000\137\000Z\000E\000R\000O}{subsection.12.85.2}% 1788
\BOOKMARK [3][-]{subsubsection.12.85.2.3}{\376\377\0001\0002\000.\0008\0005\000.\0002\000.\0003\000\040\000S\000T\0003\0003\000\137\000A\000C\000C\000E\000S\000S\000\137\000R\000E\000Q\000U\000E\000S\000T\000\137\000U\000S\000E}{subsection.12.85.2}% 1789
\BOOKMARK [3][-]{subsubsection.12.85.2.4}{\376\377\0001\0002\000.\0008\0005\000.\0002\000.\0004\000\040\000S\000T\0003\0003\000\137\000A\000C\000C\000E\000S\000S\000\137\000V\000A\000L\000I\000D}{subsection.12.85.2}% 1790
\BOOKMARK [3][-]{subsubsection.12.85.2.5}{\376\377\0001\0002\000.\0008\0005\000.\0002\000.\0005\000\040\000S\000T\0003\0003\000\137\000I\0002\000C\000\137\000M\000A\000X\000\137\000R\000E\000T\000R\000I\000E\000S}{subsection.12.85.2}% 1791
\BOOKMARK [3][-]{subsubsection.12.85.2.6}{\376\377\0001\0002\000.\0008\0005\000.\0002\000.\0006\000\040\000S\000T\0003\0003\000\137\000R\000E\000G\000\137\000A\000C\000C\000E\000S\000S}{subsection.12.85.2}% 1792
\BOOKMARK [3][-]{subsubsection.12.85.2.7}{\376\377\0001\0002\000.\0008\0005\000.\0002\000.\0007\000\040\000S\000T\0003\0003\000\137\000R\000E\000G\000\137\000D\000A\000T\000A\000\137\000F\000I\000F\000O}{subsection.12.85.2}% 1793
\BOOKMARK [3][-]{subsubsection.12.85.2.8}{\376\377\0001\0002\000.\0008\0005\000.\0002\000.\0008\000\040\000S\000T\0003\0003\000\137\000R\000E\000G\000\137\000D\000I\000D\000\137\000V\000I\000D}{subsection.12.85.2}% 1794
\BOOKMARK [3][-]{subsubsection.12.85.2.9}{\376\377\0001\0002\000.\0008\0005\000.\0002\000.\0009\000\040\000S\000T\0003\0003\000\137\000R\000E\000G\000\137\000I\000N\000T\000E\000R\000F\000A\000C\000E\000\137\000C\000A\000P\000A\000B\000I\000L\000I\000T\000Y}{subsection.12.85.2}% 1795
\BOOKMARK [3][-]{subsubsection.12.85.2.10}{\376\377\0001\0002\000.\0008\0005\000.\0002\000.\0001\0000\000\040\000S\000T\0003\0003\000\137\000R\000E\000G\000\137\000L\000O\000C\000\137\000S\000E\000L}{subsection.12.85.2}% 1796
\BOOKMARK [3][-]{subsubsection.12.85.2.11}{\376\377\0001\0002\000.\0008\0005\000.\0002\000.\0001\0001\000\040\000S\000T\0003\0003\000\137\000R\000E\000G\000\137\000R\000I\000D}{subsection.12.85.2}% 1797
\BOOKMARK [3][-]{subsubsection.12.85.2.12}{\376\377\0001\0002\000.\0008\0005\000.\0002\000.\0001\0002\000\040\000S\000T\0003\0003\000\137\000R\000E\000G\000\137\000S\000T\000S}{subsection.12.85.2}% 1798
\BOOKMARK [3][-]{subsubsection.12.85.2.13}{\376\377\0001\0002\000.\0008\0005\000.\0002\000.\0001\0003\000\040\000S\000T\0003\0003\000\137\000S\000T\000S\000\137\000C\000O\000M\000M\000A\000N\000D\000\137\000R\000E\000A\000D\000Y}{subsection.12.85.2}% 1799
\BOOKMARK [3][-]{subsubsection.12.85.2.14}{\376\377\0001\0002\000.\0008\0005\000.\0002\000.\0001\0004\000\040\000S\000T\0003\0003\000\137\000S\000T\000S\000\137\000D\000A\000T\000A\000\137\000A\000V\000A\000I\000L}{subsection.12.85.2}% 1800
\BOOKMARK [3][-]{subsubsection.12.85.2.15}{\376\377\0001\0002\000.\0008\0005\000.\0002\000.\0001\0005\000\040\000S\000T\0003\0003\000\137\000S\000T\000S\000\137\000E\000X\000P\000E\000C\000T}{subsection.12.85.2}% 1801
\BOOKMARK [3][-]{subsubsection.12.85.2.16}{\376\377\0001\0002\000.\0008\0005\000.\0002\000.\0001\0006\000\040\000S\000T\0003\0003\000\137\000S\000T\000S\000\137\000R\000E\000A\000D\000\137\000Z\000E\000R\000O}{subsection.12.85.2}% 1802
\BOOKMARK [3][-]{subsubsection.12.85.2.17}{\376\377\0001\0002\000.\0008\0005\000.\0002\000.\0001\0007\000\040\000S\000T\0003\0003\000\137\000S\000T\000S\000\137\000T\000P\000M\000\137\000G\000O}{subsection.12.85.2}% 1803
\BOOKMARK [3][-]{subsubsection.12.85.2.18}{\376\377\0001\0002\000.\0008\0005\000.\0002\000.\0001\0008\000\040\000S\000T\0003\0003\000\137\000S\000T\000S\000\137\000V\000A\000L\000I\000D}{subsection.12.85.2}% 1804
\BOOKMARK [3][-]{subsubsection.12.85.2.19}{\376\377\0001\0002\000.\0008\0005\000.\0002\000.\0001\0009\000\040\000S\000T\0003\0003\000\137\000T\000P\000M\000\137\000H\000E\000A\000D\000E\000R\000\137\000S\000I\000Z\000E}{subsection.12.85.2}% 1805
\BOOKMARK [3][-]{subsubsection.12.85.2.20}{\376\377\0001\0002\000.\0008\0005\000.\0002\000.\0002\0000\000\040\000S\000T\0003\0003\000\137\000T\000P\000M\000\137\000N\000V\000\137\000T\000R\000A\000N\000S\000F\000E\000R\000\137\000M\000A\000X\000\137\000B\000Y\000T\000E\000S}{subsection.12.85.2}% 1806
\BOOKMARK [3][-]{subsubsection.12.85.2.21}{\376\377\0001\0002\000.\0008\0005\000.\0002\000.\0002\0001\000\040\000S\000T\0003\0003\000\137\000T\000P\000M\000\137\000P\000W\000\137\000A\000U\000T\000H\000\137\000S\000I\000Z\000E}{subsection.12.85.2}% 1807
\BOOKMARK [3][-]{subsubsection.12.85.2.22}{\376\377\0001\0002\000.\0008\0005\000.\0002\000.\0002\0002\000\040\000S\000T\0003\0003\000\137\000T\000P\000M\000\137\000R\000A\000N\000D\000O\000M\000\137\000M\000A\000X\000\137\000B\000Y\000T\000E\000S}{subsection.12.85.2}% 1808
\BOOKMARK [3][-]{subsubsection.12.85.2.23}{\376\377\0001\0002\000.\0008\0005\000.\0002\000.\0002\0003\000\040\000S\000T\0003\0003\000\137\000T\000P\000M\000\137\000R\000H\000\137\000O\000W\000N\000E\000R}{subsection.12.85.2}% 1809
\BOOKMARK [3][-]{subsubsection.12.85.2.24}{\376\377\0001\0002\000.\0008\0005\000.\0002\000.\0002\0004\000\040\000S\000T\0003\0003\000\137\000T\000P\000M\000\137\000R\000H\000\137\000P\000L\000A\000T\000F\000O\000R\000M}{subsection.12.85.2}% 1810
\BOOKMARK [3][-]{subsubsection.12.85.2.25}{\376\377\0001\0002\000.\0008\0005\000.\0002\000.\0002\0005\000\040\000S\000T\0003\0003\000\137\000T\000P\000M\000\137\000R\000S\000\137\000P\000W}{subsection.12.85.2}% 1811
\BOOKMARK [3][-]{subsubsection.12.85.2.26}{\376\377\0001\0002\000.\0008\0005\000.\0002\000.\0002\0006\000\040\000S\000T\0003\0003\000\137\000T\000R\000A\000C\000E}{subsection.12.85.2}% 1812
\BOOKMARK [2][-]{subsection.12.85.3}{\376\377\0001\0002\000.\0008\0005\000.\0003\000\040\000D\000o\000k\000u\000m\000e\000n\000t\000a\000c\000j\000a\000\040\000f\000u\000n\000k\000c\000j\000i}{section.12.85}% 1813
\BOOKMARK [3][-]{subsubsection.12.85.3.1}{\376\377\0001\0002\000.\0008\0005\000.\0003\000.\0001\000\040\000s\000t\0003\0003\000\137\000b\000e\0001\0006\000\137\000r\000e\000a\000d\000\050\000\051}{subsection.12.85.3}% 1814
\BOOKMARK [3][-]{subsubsection.12.85.3.2}{\376\377\0001\0002\000.\0008\0005\000.\0003\000.\0002\000\040\000s\000t\0003\0003\000\137\000b\000e\0001\0006\000\137\000w\000r\000i\000t\000e\000\050\000\051}{subsection.12.85.3}% 1815
\BOOKMARK [3][-]{subsubsection.12.85.3.3}{\376\377\0001\0002\000.\0008\0005\000.\0003\000.\0003\000\040\000s\000t\0003\0003\000\137\000b\000e\0003\0002\000\137\000r\000e\000a\000d\000\050\000\051}{subsection.12.85.3}% 1816
\BOOKMARK [3][-]{subsubsection.12.85.3.4}{\376\377\0001\0002\000.\0008\0005\000.\0003\000.\0004\000\040\000s\000t\0003\0003\000\137\000b\000e\0003\0002\000\137\000w\000r\000i\000t\000e\000\050\000\051}{subsection.12.85.3}% 1817
\BOOKMARK [3][-]{subsubsection.12.85.3.5}{\376\377\0001\0002\000.\0008\0005\000.\0003\000.\0005\000\040\000s\000t\0003\0003\000\137\000f\000i\000f\000o\000\137\000r\000e\000a\000d\000\050\000\051}{subsection.12.85.3}% 1818
\BOOKMARK [3][-]{subsubsection.12.85.3.6}{\376\377\0001\0002\000.\0008\0005\000.\0003\000.\0006\000\040\000s\000t\0003\0003\000\137\000f\000i\000f\000o\000\137\000w\000r\000i\000t\000e\000\050\000\051}{subsection.12.85.3}% 1819
\BOOKMARK [3][-]{subsubsection.12.85.3.7}{\376\377\0001\0002\000.\0008\0005\000.\0003\000.\0007\000\040\000s\000t\0003\0003\000\137\000i\0002\000c\000\137\000r\000e\000a\000d\000\050\000\051}{subsection.12.85.3}% 1820
\BOOKMARK [3][-]{subsubsection.12.85.3.8}{\376\377\0001\0002\000.\0008\0005\000.\0003\000.\0008\000\040\000s\000t\0003\0003\000\137\000i\0002\000c\000\137\000w\000r\000i\000t\000e\000\050\000\051}{subsection.12.85.3}% 1821
\BOOKMARK [3][-]{subsubsection.12.85.3.9}{\376\377\0001\0002\000.\0008\0005\000.\0003\000.\0009\000\040\000s\000t\0003\0003\000\137\000i\000d\000e\000n\000t\000i\000t\000y\000\137\000i\000s\000\137\000v\000a\000l\000i\000d\000\050\000\051}{subsection.12.85.3}% 1822
\BOOKMARK [3][-]{subsubsection.12.85.3.10}{\376\377\0001\0002\000.\0008\0005\000.\0003\000.\0001\0000\000\040\000s\000t\0003\0003\000\137\000l\000e\0003\0002\000\137\000r\000e\000a\000d\000\050\000\051}{subsection.12.85.3}% 1823
\BOOKMARK [3][-]{subsubsection.12.85.3.11}{\376\377\0001\0002\000.\0008\0005\000.\0003\000.\0001\0001\000\040\000s\000t\0003\0003\000\137\000m\000i\000n\000\137\000u\0001\0006\000\050\000\051}{subsection.12.85.3}% 1824
\BOOKMARK [3][-]{subsubsection.12.85.3.12}{\376\377\0001\0002\000.\0008\0005\000.\0003\000.\0001\0002\000\040\000s\000t\0003\0003\000\137\000r\000e\000a\000d\000\137\000a\000c\000c\000e\000s\000s\000\050\000\051}{subsection.12.85.3}% 1825
\BOOKMARK [3][-]{subsubsection.12.85.3.13}{\376\377\0001\0002\000.\0008\0005\000.\0003\000.\0001\0003\000\040\000s\000t\0003\0003\000\137\000r\000e\000a\000d\000\137\000r\000e\000s\000p\000o\000n\000s\000e\000\137\000s\000t\000r\000e\000a\000m\000\050\000\051}{subsection.12.85.3}% 1826
\BOOKMARK [3][-]{subsubsection.12.85.3.14}{\376\377\0001\0002\000.\0008\0005\000.\0003\000.\0001\0004\000\040\000s\000t\0003\0003\000\137\000r\000e\000a\000d\000\137\000s\000t\000s\000\050\000\051}{subsection.12.85.3}% 1827
\BOOKMARK [3][-]{subsubsection.12.85.3.15}{\376\377\0001\0002\000.\0008\0005\000.\0003\000.\0001\0005\000\040\000s\000t\0003\0003\000\137\000s\000t\000a\000t\000u\000s\000\137\000t\000e\000x\000t\000\050\000\051}{subsection.12.85.3}% 1828
\BOOKMARK [3][-]{subsubsection.12.85.3.16}{\376\377\0001\0002\000.\0008\0005\000.\0003\000.\0001\0006\000\040\000s\000t\0003\0003\000\137\000t\000p\000m\0002\000\137\000n\000v\000\137\000w\000r\000i\000t\000e\000\137\000a\000u\000t\000h\000\050\000\051}{subsection.12.85.3}% 1829
\BOOKMARK [3][-]{subsubsection.12.85.3.17}{\376\377\0001\0002\000.\0008\0005\000.\0003\000.\0001\0007\000\040\000s\000t\0003\0003\000\137\000t\000r\000a\000c\000e\000\137\000f\000a\000i\000l\000\050\000\051}{subsection.12.85.3}% 1830
\BOOKMARK [3][-]{subsubsection.12.85.3.18}{\376\377\0001\0002\000.\0008\0005\000.\0003\000.\0001\0008\000\040\000s\000t\0003\0003\000\137\000t\000r\000a\000c\000e\000\137\000t\000i\000s\000\050\000\051}{subsection.12.85.3}% 1831
\BOOKMARK [3][-]{subsubsection.12.85.3.19}{\376\377\0001\0002\000.\0008\0005\000.\0003\000.\0001\0009\000\040\000s\000t\0003\0003\000\137\000w\000a\000i\000t\000\137\000a\000c\000c\000e\000s\000s\000\137\000b\000i\000t\000s\000\050\000\051}{subsection.12.85.3}% 1832
\BOOKMARK [3][-]{subsubsection.12.85.3.20}{\376\377\0001\0002\000.\0008\0005\000.\0003\000.\0002\0000\000\040\000s\000t\0003\0003\000\137\000w\000a\000i\000t\000\137\000b\000u\000r\000s\000t\000\050\000\051}{subsection.12.85.3}% 1833
\BOOKMARK [3][-]{subsubsection.12.85.3.21}{\376\377\0001\0002\000.\0008\0005\000.\0003\000.\0002\0001\000\040\000s\000t\0003\0003\000\137\000w\000a\000i\000t\000\137\000s\000t\000s\000\137\000b\000i\000t\000s\000\050\000\051}{subsection.12.85.3}% 1834
\BOOKMARK [3][-]{subsubsection.12.85.3.22}{\376\377\0001\0002\000.\0008\0005\000.\0003\000.\0002\0002\000\040\000s\000t\0003\0003\000\137\000w\000r\000i\000t\000e\000\137\000a\000c\000c\000e\000s\000s\000\050\000\051}{subsection.12.85.3}% 1835
\BOOKMARK [3][-]{subsubsection.12.85.3.23}{\376\377\0001\0002\000.\0008\0005\000.\0003\000.\0002\0003\000\040\000s\000t\0003\0003\000\137\000w\000r\000i\000t\000e\000\137\000e\000m\000p\000t\000y\000\137\000p\000a\000s\000s\000w\000o\000r\000d\000\137\000a\000u\000t\000h\000\050\000\051}{subsection.12.85.3}% 1836
\BOOKMARK [3][-]{subsubsection.12.85.3.24}{\376\377\0001\0002\000.\0008\0005\000.\0003\000.\0002\0004\000\040\000s\000t\0003\0003\000\137\000w\000r\000i\000t\000e\000\137\000l\000o\000c\000\137\000s\000e\000l\000\050\000\051}{subsection.12.85.3}% 1837
\BOOKMARK [3][-]{subsubsection.12.85.3.25}{\376\377\0001\0002\000.\0008\0005\000.\0003\000.\0002\0005\000\040\000s\000t\0003\0003\000\137\000w\000r\000i\000t\000e\000\137\000s\000t\000s\000\050\000\051}{subsection.12.85.3}% 1838
\BOOKMARK [3][-]{subsubsection.12.85.3.26}{\376\377\0001\0002\000.\0008\0005\000.\0003\000.\0002\0006\000\040\000s\000t\0003\0003\000k\000t\000p\000m\0002\000x\000\137\000d\000a\000v\000i\000n\000t\000\137\000i\000s\000\137\000a\000s\000s\000e\000r\000t\000e\000d\000\050\000\051}{subsection.12.85.3}% 1839
\BOOKMARK [3][-]{subsubsection.12.85.3.27}{\376\377\0001\0002\000.\0008\0005\000.\0003\000.\0002\0007\000\040\000s\000t\0003\0003\000k\000t\000p\000m\0002\000x\000\137\000d\000e\000f\000a\000u\000l\000t\000\137\000c\000f\000g\000\050\000\051}{subsection.12.85.3}% 1840
\BOOKMARK [3][-]{subsubsection.12.85.3.28}{\376\377\0001\0002\000.\0008\0005\000.\0003\000.\0002\0008\000\040\000s\000t\0003\0003\000k\000t\000p\000m\0002\000x\000\137\000d\000e\000i\000n\000i\000t\000\050\000\051}{subsection.12.85.3}% 1841
\BOOKMARK [3][-]{subsubsection.12.85.3.29}{\376\377\0001\0002\000.\0008\0005\000.\0003\000.\0002\0009\000\040\000s\000t\0003\0003\000k\000t\000p\000m\0002\000x\000\137\000h\000a\000r\000d\000\137\000r\000e\000s\000e\000t\000\050\000\051}{subsection.12.85.3}% 1842
\BOOKMARK [3][-]{subsubsection.12.85.3.30}{\376\377\0001\0002\000.\0008\0005\000.\0003\000.\0003\0000\000\040\000s\000t\0003\0003\000k\000t\000p\000m\0002\000x\000\137\000i\000n\000i\000t\000\050\000\051}{subsection.12.85.3}% 1843
\BOOKMARK [3][-]{subsubsection.12.85.3.31}{\376\377\0001\0002\000.\0008\0005\000.\0003\000.\0003\0001\000\040\000s\000t\0003\0003\000k\000t\000p\000m\0002\000x\000\137\000p\000p\000\137\000i\000s\000\137\000p\000r\000e\000s\000s\000e\000d\000\050\000\051}{subsection.12.85.3}% 1844
\BOOKMARK [3][-]{subsubsection.12.85.3.32}{\376\377\0001\0002\000.\0008\0005\000.\0003\000.\0003\0002\000\040\000s\000t\0003\0003\000k\000t\000p\000m\0002\000x\000\137\000p\000p\000\137\000w\000a\000i\000t\000\137\000p\000r\000e\000s\000s\000e\000d\000\050\000\051}{subsection.12.85.3}% 1845
\BOOKMARK [3][-]{subsubsection.12.85.3.33}{\376\377\0001\0002\000.\0008\0005\000.\0003\000.\0003\0003\000\040\000s\000t\0003\0003\000k\000t\000p\000m\0002\000x\000\137\000r\000e\000a\000d\000\137\000i\000d\000e\000n\000t\000i\000t\000y\000\050\000\051}{subsection.12.85.3}% 1846
\BOOKMARK [3][-]{subsubsection.12.85.3.34}{\376\377\0001\0002\000.\0008\0005\000.\0003\000.\0003\0004\000\040\000s\000t\0003\0003\000k\000t\000p\000m\0002\000x\000\137\000r\000e\000l\000e\000a\000s\000e\000\137\000l\000o\000c\000a\000l\000i\000t\000y\0000\000\050\000\051}{subsection.12.85.3}% 1847
\BOOKMARK [3][-]{subsubsection.12.85.3.35}{\376\377\0001\0002\000.\0008\0005\000.\0003\000.\0003\0005\000\040\000s\000t\0003\0003\000k\000t\000p\000m\0002\000x\000\137\000r\000e\000q\000u\000e\000s\000t\000\137\000l\000o\000c\000a\000l\000i\000t\000y\0000\000\050\000\051}{subsection.12.85.3}% 1848
\BOOKMARK [3][-]{subsubsection.12.85.3.36}{\376\377\0001\0002\000.\0008\0005\000.\0003\000.\0003\0006\000\040\000s\000t\0003\0003\000k\000t\000p\000m\0002\000x\000\137\000t\000p\000m\0002\000\137\000f\000l\000u\000s\000h\000\137\000c\000o\000n\000t\000e\000x\000t\000\050\000\051}{subsection.12.85.3}% 1849
\BOOKMARK [3][-]{subsubsection.12.85.3.37}{\376\377\0001\0002\000.\0008\0005\000.\0003\000.\0003\0007\000\040\000s\000t\0003\0003\000k\000t\000p\000m\0002\000x\000\137\000t\000p\000m\0002\000\137\000g\000e\000t\000\137\000c\000a\000p\000a\000b\000i\000l\000i\000t\000y\000\050\000\051}{subsection.12.85.3}% 1850
\BOOKMARK [3][-]{subsubsection.12.85.3.38}{\376\377\0001\0002\000.\0008\0005\000.\0003\000.\0003\0008\000\040\000s\000t\0003\0003\000k\000t\000p\000m\0002\000x\000\137\000t\000p\000m\0002\000\137\000g\000e\000t\000\137\000r\000a\000n\000d\000o\000m\000\050\000\051}{subsection.12.85.3}% 1851
\BOOKMARK [3][-]{subsubsection.12.85.3.39}{\376\377\0001\0002\000.\0008\0005\000.\0003\000.\0003\0009\000\040\000s\000t\0003\0003\000k\000t\000p\000m\0002\000x\000\137\000t\000p\000m\0002\000\137\000n\000v\000\137\000d\000e\000f\000i\000n\000e\000\050\000\051}{subsection.12.85.3}% 1852
\BOOKMARK [3][-]{subsubsection.12.85.3.40}{\376\377\0001\0002\000.\0008\0005\000.\0003\000.\0004\0000\000\040\000s\000t\0003\0003\000k\000t\000p\000m\0002\000x\000\137\000t\000p\000m\0002\000\137\000n\000v\000\137\000r\000e\000a\000d\000\050\000\051}{subsection.12.85.3}% 1853
\BOOKMARK [3][-]{subsubsection.12.85.3.41}{\376\377\0001\0002\000.\0008\0005\000.\0003\000.\0004\0001\000\040\000s\000t\0003\0003\000k\000t\000p\000m\0002\000x\000\137\000t\000p\000m\0002\000\137\000n\000v\000\137\000w\000r\000i\000t\000e\000\050\000\051}{subsection.12.85.3}% 1854
\BOOKMARK [3][-]{subsubsection.12.85.3.42}{\376\377\0001\0002\000.\0008\0005\000.\0003\000.\0004\0002\000\040\000s\000t\0003\0003\000k\000t\000p\000m\0002\000x\000\137\000t\000p\000m\0002\000\137\000n\000v\000\137\000w\000r\000i\000t\000e\000\137\000p\000l\000a\000t\000f\000o\000r\000m\000\137\000p\000p\000\050\000\051}{subsection.12.85.3}% 1855
\BOOKMARK [3][-]{subsubsection.12.85.3.43}{\376\377\0001\0002\000.\0008\0005\000.\0003\000.\0004\0003\000\040\000s\000t\0003\0003\000k\000t\000p\000m\0002\000x\000\137\000t\000p\000m\0002\000\137\000p\000c\000r\000\137\000r\000e\000a\000d\000\137\000s\000h\000a\0002\0005\0006\000\050\000\051}{subsection.12.85.3}% 1856
\BOOKMARK [3][-]{subsubsection.12.85.3.44}{\376\377\0001\0002\000.\0008\0005\000.\0003\000.\0004\0004\000\040\000s\000t\0003\0003\000k\000t\000p\000m\0002\000x\000\137\000t\000p\000m\0002\000\137\000p\000o\000l\000i\000c\000y\000\137\000c\000o\000m\000m\000a\000n\000d\000\137\000c\000o\000d\000e\000\050\000\051}{subsection.12.85.3}% 1857
\BOOKMARK [3][-]{subsubsection.12.85.3.45}{\376\377\0001\0002\000.\0008\0005\000.\0003\000.\0004\0005\000\040\000s\000t\0003\0003\000k\000t\000p\000m\0002\000x\000\137\000t\000p\000m\0002\000\137\000p\000o\000l\000i\000c\000y\000\137\000o\000r\000\050\000\051}{subsection.12.85.3}% 1858
\BOOKMARK [3][-]{subsubsection.12.85.3.46}{\376\377\0001\0002\000.\0008\0005\000.\0003\000.\0004\0006\000\040\000s\000t\0003\0003\000k\000t\000p\000m\0002\000x\000\137\000t\000p\000m\0002\000\137\000p\000o\000l\000i\000c\000y\000\137\000p\000c\000r\000\050\000\051}{subsection.12.85.3}% 1859
\BOOKMARK [3][-]{subsubsection.12.85.3.47}{\376\377\0001\0002\000.\0008\0005\000.\0003\000.\0004\0007\000\040\000s\000t\0003\0003\000k\000t\000p\000m\0002\000x\000\137\000t\000p\000m\0002\000\137\000p\000o\000l\000i\000c\000y\000\137\000p\000h\000y\000s\000i\000c\000a\000l\000\137\000p\000r\000e\000s\000e\000n\000c\000e\000\050\000\051}{subsection.12.85.3}% 1860
\BOOKMARK [3][-]{subsubsection.12.85.3.48}{\376\377\0001\0002\000.\0008\0005\000.\0003\000.\0004\0008\000\040\000s\000t\0003\0003\000k\000t\000p\000m\0002\000x\000\137\000t\000p\000m\0002\000\137\000s\000e\000l\000f\000\137\000t\000e\000s\000t\000\050\000\051}{subsection.12.85.3}% 1861
\BOOKMARK [3][-]{subsubsection.12.85.3.49}{\376\377\0001\0002\000.\0008\0005\000.\0003\000.\0004\0009\000\040\000s\000t\0003\0003\000k\000t\000p\000m\0002\000x\000\137\000t\000p\000m\0002\000\137\000s\000t\000a\000r\000t\000\137\000a\000u\000t\000h\000\137\000s\000e\000s\000s\000i\000o\000n\000\050\000\051}{subsection.12.85.3}% 1862
\BOOKMARK [3][-]{subsubsection.12.85.3.50}{\376\377\0001\0002\000.\0008\0005\000.\0003\000.\0005\0000\000\040\000s\000t\0003\0003\000k\000t\000p\000m\0002\000x\000\137\000t\000p\000m\0002\000\137\000s\000t\000a\000r\000t\000u\000p\000\050\000\051}{subsection.12.85.3}% 1863
\BOOKMARK [3][-]{subsubsection.12.85.3.51}{\376\377\0001\0002\000.\0008\0005\000.\0003\000.\0005\0001\000\040\000s\000t\0003\0003\000k\000t\000p\000m\0002\000x\000\137\000t\000r\000a\000n\000s\000c\000e\000i\000v\000e\000\050\000\051}{subsection.12.85.3}% 1864
\BOOKMARK [2][-]{subsection.12.85.4}{\376\377\0001\0002\000.\0008\0005\000.\0004\000\040\000D\000o\000k\000u\000m\000e\000n\000t\000a\000c\000j\000a\000\040\000z\000m\000i\000e\000n\000n\000y\000c\000h}{section.12.85}% 1865
\BOOKMARK [3][-]{subsubsection.12.85.4.1}{\376\377\0001\0002\000.\0008\0005\000.\0004\000.\0001\000\040\000s\000\137\000s\000t\0003\0003\000\137\000i\0002\000c\000\137\000t\000x}{subsection.12.85.4}% 1866
\BOOKMARK [1][-]{section.12.86}{\376\377\0001\0002\000.\0008\0006\000\040\000s\000t\0003\0003\000k\000t\000p\000m\0002\000x\000.\000c}{chapter.12}% 1867
\BOOKMARK [1][-]{section.12.87}{\376\377\0001\0002\000.\0008\0007\000\040\000D\000o\000k\000u\000m\000e\000n\000t\000a\000c\000j\000a\000\040\000p\000l\000i\000k\000u\000\040\000C\000o\000r\000e\000/\000A\000p\000p\000/\000s\000t\0003\0003\000k\000t\000p\000m\0002\000x\000\137\000l\000i\000b\000/\000s\000t\0003\0003\000k\000t\000p\000m\0002\000x\000.\000h}{chapter.12}% 1868
\BOOKMARK [2][-]{subsection.12.87.1}{\376\377\0001\0002\000.\0008\0007\000.\0001\000\040\000O\000p\000i\000s\000\040\000s\000z\000c\000z\000e\000g\000\363\001\102\000o\000w\000y}{section.12.87}% 1869
\BOOKMARK [2][-]{subsection.12.87.2}{\376\377\0001\0002\000.\0008\0007\000.\0002\000\040\000D\000o\000k\000u\000m\000e\000n\000t\000a\000c\000j\000a\000\040\000d\000e\000f\000i\000n\000i\000c\000j\000i}{section.12.87}% 1870
\BOOKMARK [3][-]{subsubsection.12.87.2.1}{\376\377\0001\0002\000.\0008\0007\000.\0002\000.\0001\000\040\000S\000T\0003\0003\000K\000T\000P\000M\0002\000X\000\137\000C\000M\000D\000\137\000M\000A\000X\000\137\000B\000Y\000T\000E\000S}{subsection.12.87.2}% 1871
\BOOKMARK [3][-]{subsubsection.12.87.2.2}{\376\377\0001\0002\000.\0008\0007\000.\0002\000.\0002\000\040\000S\000T\0003\0003\000K\000T\000P\000M\0002\000X\000\137\000I\0002\000C\000\137\000A\000D\000D\000R\000\137\000D\000E\000F\000A\000U\000L\000T}{subsection.12.87.2}% 1872
\BOOKMARK [3][-]{subsubsection.12.87.2.3}{\376\377\0001\0002\000.\0008\0007\000.\0002\000.\0003\000\040\000S\000T\0003\0003\000K\000T\000P\000M\0002\000X\000\137\000R\000S\000P\000\137\000M\000A\000X\000\137\000B\000Y\000T\000E\000S}{subsection.12.87.2}% 1873
\BOOKMARK [3][-]{subsubsection.12.87.2.4}{\376\377\0001\0002\000.\0008\0007\000.\0002\000.\0004\000\040\000S\000T\0003\0003\000K\000T\000P\000M\0002\000X\000\137\000T\000P\000M\0002\000\137\000A\000L\000G\000\137\000S\000H\000A\0002\0005\0006}{subsection.12.87.2}% 1874
\BOOKMARK [3][-]{subsubsection.12.87.2.5}{\376\377\0001\0002\000.\0008\0007\000.\0002\000.\0005\000\040\000S\000T\0003\0003\000K\000T\000P\000M\0002\000X\000\137\000T\000P\000M\0002\000\137\000C\000A\000P\000\137\000A\000L\000G\000S}{subsection.12.87.2}% 1875
\BOOKMARK [3][-]{subsubsection.12.87.2.6}{\376\377\0001\0002\000.\0008\0007\000.\0002\000.\0006\000\040\000S\000T\0003\0003\000K\000T\000P\000M\0002\000X\000\137\000T\000P\000M\0002\000\137\000C\000A\000P\000\137\000C\000O\000M\000M\000A\000N\000D\000S}{subsection.12.87.2}% 1876
\BOOKMARK [3][-]{subsubsection.12.87.2.7}{\376\377\0001\0002\000.\0008\0007\000.\0002\000.\0007\000\040\000S\000T\0003\0003\000K\000T\000P\000M\0002\000X\000\137\000T\000P\000M\0002\000\137\000C\000A\000P\000\137\000H\000A\000N\000D\000L\000E\000S}{subsection.12.87.2}% 1877
\BOOKMARK [3][-]{subsubsection.12.87.2.8}{\376\377\0001\0002\000.\0008\0007\000.\0002\000.\0008\000\040\000S\000T\0003\0003\000K\000T\000P\000M\0002\000X\000\137\000T\000P\000M\0002\000\137\000C\000A\000P\000\137\000P\000C\000R\000S}{subsection.12.87.2}% 1878
\BOOKMARK [3][-]{subsubsection.12.87.2.9}{\376\377\0001\0002\000.\0008\0007\000.\0002\000.\0009\000\040\000S\000T\0003\0003\000K\000T\000P\000M\0002\000X\000\137\000T\000P\000M\0002\000\137\000C\000A\000P\000\137\000T\000P\000M\000\137\000P\000R\000O\000P\000E\000R\000T\000I\000E\000S}{subsection.12.87.2}% 1879
\BOOKMARK [3][-]{subsubsection.12.87.2.10}{\376\377\0001\0002\000.\0008\0007\000.\0002\000.\0001\0000\000\040\000S\000T\0003\0003\000K\000T\000P\000M\0002\000X\000\137\000T\000P\000M\0002\000\137\000C\000C\000\137\000G\000E\000T\000\137\000C\000A\000P\000A\000B\000I\000L\000I\000T\000Y}{subsection.12.87.2}% 1880
\BOOKMARK [3][-]{subsubsection.12.87.2.11}{\376\377\0001\0002\000.\0008\0007\000.\0002\000.\0001\0001\000\040\000S\000T\0003\0003\000K\000T\000P\000M\0002\000X\000\137\000T\000P\000M\0002\000\137\000C\000C\000\137\000G\000E\000T\000\137\000R\000A\000N\000D\000O\000M}{subsection.12.87.2}% 1881
\BOOKMARK [3][-]{subsubsection.12.87.2.12}{\376\377\0001\0002\000.\0008\0007\000.\0002\000.\0001\0002\000\040\000S\000T\0003\0003\000K\000T\000P\000M\0002\000X\000\137\000T\000P\000M\0002\000\137\000C\000C\000\137\000N\000V\000\137\000D\000E\000F\000I\000N\000E\000\137\000S\000P\000A\000C\000E}{subsection.12.87.2}% 1882
\BOOKMARK [3][-]{subsubsection.12.87.2.13}{\376\377\0001\0002\000.\0008\0007\000.\0002\000.\0001\0003\000\040\000S\000T\0003\0003\000K\000T\000P\000M\0002\000X\000\137\000T\000P\000M\0002\000\137\000C\000C\000\137\000N\000V\000\137\000R\000E\000A\000D}{subsection.12.87.2}% 1883
\BOOKMARK [3][-]{subsubsection.12.87.2.14}{\376\377\0001\0002\000.\0008\0007\000.\0002\000.\0001\0004\000\040\000S\000T\0003\0003\000K\000T\000P\000M\0002\000X\000\137\000T\000P\000M\0002\000\137\000C\000C\000\137\000N\000V\000\137\000W\000R\000I\000T\000E}{subsection.12.87.2}% 1884
\BOOKMARK [3][-]{subsubsection.12.87.2.15}{\376\377\0001\0002\000.\0008\0007\000.\0002\000.\0001\0005\000\040\000S\000T\0003\0003\000K\000T\000P\000M\0002\000X\000\137\000T\000P\000M\0002\000\137\000C\000C\000\137\000P\000C\000R\000\137\000R\000E\000A\000D}{subsection.12.87.2}% 1885
\BOOKMARK [3][-]{subsubsection.12.87.2.16}{\376\377\0001\0002\000.\0008\0007\000.\0002\000.\0001\0006\000\040\000S\000T\0003\0003\000K\000T\000P\000M\0002\000X\000\137\000T\000P\000M\0002\000\137\000C\000C\000\137\000S\000E\000L\000F\000\137\000T\000E\000S\000T}{subsection.12.87.2}% 1886
\BOOKMARK [3][-]{subsubsection.12.87.2.17}{\376\377\0001\0002\000.\0008\0007\000.\0002\000.\0001\0007\000\040\000S\000T\0003\0003\000K\000T\000P\000M\0002\000X\000\137\000T\000P\000M\0002\000\137\000C\000C\000\137\000S\000T\000A\000R\000T\000U\000P}{subsection.12.87.2}% 1887
\BOOKMARK [3][-]{subsubsection.12.87.2.18}{\376\377\0001\0002\000.\0008\0007\000.\0002\000.\0001\0008\000\040\000S\000T\0003\0003\000K\000T\000P\000M\0002\000X\000\137\000T\000P\000M\0002\000\137\000R\000C\000\137\000S\000U\000C\000C\000E\000S\000S}{subsection.12.87.2}% 1888
\BOOKMARK [3][-]{subsubsection.12.87.2.19}{\376\377\0001\0002\000.\0008\0007\000.\0002\000.\0001\0009\000\040\000S\000T\0003\0003\000K\000T\000P\000M\0002\000X\000\137\000T\000P\000M\0002\000\137\000S\000T\000\137\000N\000O\000\137\000S\000E\000S\000S\000I\000O\000N\000S}{subsection.12.87.2}% 1889
\BOOKMARK [3][-]{subsubsection.12.87.2.20}{\376\377\0001\0002\000.\0008\0007\000.\0002\000.\0002\0000\000\040\000S\000T\0003\0003\000K\000T\000P\000M\0002\000X\000\137\000T\000P\000M\0002\000\137\000S\000T\000\137\000S\000E\000S\000S\000I\000O\000N\000S}{subsection.12.87.2}% 1890
\BOOKMARK [3][-]{subsubsection.12.87.2.21}{\376\377\0001\0002\000.\0008\0007\000.\0002\000.\0002\0001\000\040\000S\000T\0003\0003\000K\000T\000P\000M\0002\000X\000\137\000T\000P\000M\0002\000\137\000S\000U\000\137\000C\000L\000E\000A\000R}{subsection.12.87.2}% 1891
\BOOKMARK [3][-]{subsubsection.12.87.2.22}{\376\377\0001\0002\000.\0008\0007\000.\0002\000.\0002\0002\000\040\000S\000T\0003\0003\000K\000T\000P\000M\0002\000X\000\137\000T\000P\000M\0002\000\137\000S\000U\000\137\000S\000T\000A\000T\000E}{subsection.12.87.2}% 1892
\BOOKMARK [2][-]{subsection.12.87.3}{\376\377\0001\0002\000.\0008\0007\000.\0003\000\040\000D\000o\000k\000u\000m\000e\000n\000t\000a\000c\000j\000a\000\040\000t\000y\000p\000\363\000w\000\040\000w\000y\000l\000i\000c\000z\000a\000n\000y\000c\000h}{section.12.87}% 1893
\BOOKMARK [3][-]{subsubsection.12.87.3.1}{\376\377\0001\0002\000.\0008\0007\000.\0003\000.\0001\000\040\000s\000t\0003\0003\000k\000t\000p\000m\0002\000x\000\137\000s\000t\000a\000t\000u\000s\000\137\000t}{subsection.12.87.3}% 1894
\BOOKMARK [2][-]{subsection.12.87.4}{\376\377\0001\0002\000.\0008\0007\000.\0004\000\040\000D\000o\000k\000u\000m\000e\000n\000t\000a\000c\000j\000a\000\040\000f\000u\000n\000k\000c\000j\000i}{section.12.87}% 1895
\BOOKMARK [3][-]{subsubsection.12.87.4.1}{\376\377\0001\0002\000.\0008\0007\000.\0004\000.\0001\000\040\000s\000t\0003\0003\000k\000t\000p\000m\0002\000x\000\137\000d\000a\000v\000i\000n\000t\000\137\000i\000s\000\137\000a\000s\000s\000e\000r\000t\000e\000d\000\050\000\051}{subsection.12.87.4}% 1896
\BOOKMARK [3][-]{subsubsection.12.87.4.2}{\376\377\0001\0002\000.\0008\0007\000.\0004\000.\0002\000\040\000s\000t\0003\0003\000k\000t\000p\000m\0002\000x\000\137\000d\000e\000f\000a\000u\000l\000t\000\137\000c\000f\000g\000\050\000\051}{subsection.12.87.4}% 1897
\BOOKMARK [3][-]{subsubsection.12.87.4.3}{\376\377\0001\0002\000.\0008\0007\000.\0004\000.\0003\000\040\000s\000t\0003\0003\000k\000t\000p\000m\0002\000x\000\137\000d\000e\000i\000n\000i\000t\000\050\000\051}{subsection.12.87.4}% 1898
\BOOKMARK [3][-]{subsubsection.12.87.4.4}{\376\377\0001\0002\000.\0008\0007\000.\0004\000.\0004\000\040\000s\000t\0003\0003\000k\000t\000p\000m\0002\000x\000\137\000h\000a\000r\000d\000\137\000r\000e\000s\000e\000t\000\050\000\051}{subsection.12.87.4}% 1899
\BOOKMARK [3][-]{subsubsection.12.87.4.5}{\376\377\0001\0002\000.\0008\0007\000.\0004\000.\0005\000\040\000s\000t\0003\0003\000k\000t\000p\000m\0002\000x\000\137\000i\000n\000i\000t\000\050\000\051}{subsection.12.87.4}% 1900
\BOOKMARK [3][-]{subsubsection.12.87.4.6}{\376\377\0001\0002\000.\0008\0007\000.\0004\000.\0006\000\040\000s\000t\0003\0003\000k\000t\000p\000m\0002\000x\000\137\000p\000p\000\137\000i\000s\000\137\000p\000r\000e\000s\000s\000e\000d\000\050\000\051}{subsection.12.87.4}% 1901
\BOOKMARK [3][-]{subsubsection.12.87.4.7}{\376\377\0001\0002\000.\0008\0007\000.\0004\000.\0007\000\040\000s\000t\0003\0003\000k\000t\000p\000m\0002\000x\000\137\000p\000p\000\137\000w\000a\000i\000t\000\137\000p\000r\000e\000s\000s\000e\000d\000\050\000\051}{subsection.12.87.4}% 1902
\BOOKMARK [3][-]{subsubsection.12.87.4.8}{\376\377\0001\0002\000.\0008\0007\000.\0004\000.\0008\000\040\000s\000t\0003\0003\000k\000t\000p\000m\0002\000x\000\137\000r\000e\000a\000d\000\137\000i\000d\000e\000n\000t\000i\000t\000y\000\050\000\051}{subsection.12.87.4}% 1903
\BOOKMARK [3][-]{subsubsection.12.87.4.9}{\376\377\0001\0002\000.\0008\0007\000.\0004\000.\0009\000\040\000s\000t\0003\0003\000k\000t\000p\000m\0002\000x\000\137\000r\000e\000l\000e\000a\000s\000e\000\137\000l\000o\000c\000a\000l\000i\000t\000y\0000\000\050\000\051}{subsection.12.87.4}% 1904
\BOOKMARK [3][-]{subsubsection.12.87.4.10}{\376\377\0001\0002\000.\0008\0007\000.\0004\000.\0001\0000\000\040\000s\000t\0003\0003\000k\000t\000p\000m\0002\000x\000\137\000r\000e\000q\000u\000e\000s\000t\000\137\000l\000o\000c\000a\000l\000i\000t\000y\0000\000\050\000\051}{subsection.12.87.4}% 1905
\BOOKMARK [3][-]{subsubsection.12.87.4.11}{\376\377\0001\0002\000.\0008\0007\000.\0004\000.\0001\0001\000\040\000s\000t\0003\0003\000k\000t\000p\000m\0002\000x\000\137\000t\000p\000m\0002\000\137\000f\000l\000u\000s\000h\000\137\000c\000o\000n\000t\000e\000x\000t\000\050\000\051}{subsection.12.87.4}% 1906
\BOOKMARK [3][-]{subsubsection.12.87.4.12}{\376\377\0001\0002\000.\0008\0007\000.\0004\000.\0001\0002\000\040\000s\000t\0003\0003\000k\000t\000p\000m\0002\000x\000\137\000t\000p\000m\0002\000\137\000g\000e\000t\000\137\000c\000a\000p\000a\000b\000i\000l\000i\000t\000y\000\050\000\051}{subsection.12.87.4}% 1907
\BOOKMARK [3][-]{subsubsection.12.87.4.13}{\376\377\0001\0002\000.\0008\0007\000.\0004\000.\0001\0003\000\040\000s\000t\0003\0003\000k\000t\000p\000m\0002\000x\000\137\000t\000p\000m\0002\000\137\000g\000e\000t\000\137\000r\000a\000n\000d\000o\000m\000\050\000\051}{subsection.12.87.4}% 1908
\BOOKMARK [3][-]{subsubsection.12.87.4.14}{\376\377\0001\0002\000.\0008\0007\000.\0004\000.\0001\0004\000\040\000s\000t\0003\0003\000k\000t\000p\000m\0002\000x\000\137\000t\000p\000m\0002\000\137\000n\000v\000\137\000d\000e\000f\000i\000n\000e\000\050\000\051}{subsection.12.87.4}% 1909
\BOOKMARK [3][-]{subsubsection.12.87.4.15}{\376\377\0001\0002\000.\0008\0007\000.\0004\000.\0001\0005\000\040\000s\000t\0003\0003\000k\000t\000p\000m\0002\000x\000\137\000t\000p\000m\0002\000\137\000n\000v\000\137\000r\000e\000a\000d\000\050\000\051}{subsection.12.87.4}% 1910
\BOOKMARK [3][-]{subsubsection.12.87.4.16}{\376\377\0001\0002\000.\0008\0007\000.\0004\000.\0001\0006\000\040\000s\000t\0003\0003\000k\000t\000p\000m\0002\000x\000\137\000t\000p\000m\0002\000\137\000n\000v\000\137\000w\000r\000i\000t\000e\000\050\000\051}{subsection.12.87.4}% 1911
\BOOKMARK [3][-]{subsubsection.12.87.4.17}{\376\377\0001\0002\000.\0008\0007\000.\0004\000.\0001\0007\000\040\000s\000t\0003\0003\000k\000t\000p\000m\0002\000x\000\137\000t\000p\000m\0002\000\137\000n\000v\000\137\000w\000r\000i\000t\000e\000\137\000p\000l\000a\000t\000f\000o\000r\000m\000\137\000p\000p\000\050\000\051}{subsection.12.87.4}% 1912
\BOOKMARK [3][-]{subsubsection.12.87.4.18}{\376\377\0001\0002\000.\0008\0007\000.\0004\000.\0001\0008\000\040\000s\000t\0003\0003\000k\000t\000p\000m\0002\000x\000\137\000t\000p\000m\0002\000\137\000p\000c\000r\000\137\000r\000e\000a\000d\000\137\000s\000h\000a\0002\0005\0006\000\050\000\051}{subsection.12.87.4}% 1913
\BOOKMARK [3][-]{subsubsection.12.87.4.19}{\376\377\0001\0002\000.\0008\0007\000.\0004\000.\0001\0009\000\040\000s\000t\0003\0003\000k\000t\000p\000m\0002\000x\000\137\000t\000p\000m\0002\000\137\000p\000o\000l\000i\000c\000y\000\137\000c\000o\000m\000m\000a\000n\000d\000\137\000c\000o\000d\000e\000\050\000\051}{subsection.12.87.4}% 1914
\BOOKMARK [3][-]{subsubsection.12.87.4.20}{\376\377\0001\0002\000.\0008\0007\000.\0004\000.\0002\0000\000\040\000s\000t\0003\0003\000k\000t\000p\000m\0002\000x\000\137\000t\000p\000m\0002\000\137\000p\000o\000l\000i\000c\000y\000\137\000o\000r\000\050\000\051}{subsection.12.87.4}% 1915
\BOOKMARK [3][-]{subsubsection.12.87.4.21}{\376\377\0001\0002\000.\0008\0007\000.\0004\000.\0002\0001\000\040\000s\000t\0003\0003\000k\000t\000p\000m\0002\000x\000\137\000t\000p\000m\0002\000\137\000p\000o\000l\000i\000c\000y\000\137\000p\000c\000r\000\050\000\051}{subsection.12.87.4}% 1916
\BOOKMARK [3][-]{subsubsection.12.87.4.22}{\376\377\0001\0002\000.\0008\0007\000.\0004\000.\0002\0002\000\040\000s\000t\0003\0003\000k\000t\000p\000m\0002\000x\000\137\000t\000p\000m\0002\000\137\000p\000o\000l\000i\000c\000y\000\137\000p\000h\000y\000s\000i\000c\000a\000l\000\137\000p\000r\000e\000s\000e\000n\000c\000e\000\050\000\051}{subsection.12.87.4}% 1917
\BOOKMARK [3][-]{subsubsection.12.87.4.23}{\376\377\0001\0002\000.\0008\0007\000.\0004\000.\0002\0003\000\040\000s\000t\0003\0003\000k\000t\000p\000m\0002\000x\000\137\000t\000p\000m\0002\000\137\000s\000e\000l\000f\000\137\000t\000e\000s\000t\000\050\000\051}{subsection.12.87.4}% 1918
\BOOKMARK [3][-]{subsubsection.12.87.4.24}{\376\377\0001\0002\000.\0008\0007\000.\0004\000.\0002\0004\000\040\000s\000t\0003\0003\000k\000t\000p\000m\0002\000x\000\137\000t\000p\000m\0002\000\137\000s\000t\000a\000r\000t\000\137\000a\000u\000t\000h\000\137\000s\000e\000s\000s\000i\000o\000n\000\050\000\051}{subsection.12.87.4}% 1919
\BOOKMARK [3][-]{subsubsection.12.87.4.25}{\376\377\0001\0002\000.\0008\0007\000.\0004\000.\0002\0005\000\040\000s\000t\0003\0003\000k\000t\000p\000m\0002\000x\000\137\000t\000p\000m\0002\000\137\000s\000t\000a\000r\000t\000u\000p\000\050\000\051}{subsection.12.87.4}% 1920
\BOOKMARK [3][-]{subsubsection.12.87.4.26}{\376\377\0001\0002\000.\0008\0007\000.\0004\000.\0002\0006\000\040\000s\000t\0003\0003\000k\000t\000p\000m\0002\000x\000\137\000t\000r\000a\000n\000s\000c\000e\000i\000v\000e\000\050\000\051}{subsection.12.87.4}% 1921
\BOOKMARK [1][-]{section.12.88}{\376\377\0001\0002\000.\0008\0008\000\040\000s\000t\0003\0003\000k\000t\000p\000m\0002\000x\000.\000h}{chapter.12}% 1922
\BOOKMARK [1][-]{section.12.89}{\376\377\0001\0002\000.\0008\0009\000\040\000t\000o\000f\000\137\000m\000a\000i\000n\000.\000c}{chapter.12}% 1923
\BOOKMARK [1][-]{section.12.90}{\376\377\0001\0002\000.\0009\0000\000\040\000D\000o\000k\000u\000m\000e\000n\000t\000a\000c\000j\000a\000\040\000p\000l\000i\000k\000u\000\040\000C\000o\000r\000e\000/\000A\000p\000p\000/\000t\000o\000f\000\137\000m\000a\000i\000n\000.\000h}{chapter.12}% 1924
\BOOKMARK [2][-]{subsection.12.90.1}{\376\377\0001\0002\000.\0009\0000\000.\0001\000\040\000O\000p\000i\000s\000\040\000s\000z\000c\000z\000e\000g\000\363\001\102\000o\000w\000y}{section.12.90}% 1925
\BOOKMARK [2][-]{subsection.12.90.2}{\376\377\0001\0002\000.\0009\0000\000.\0002\000\040\000D\000o\000k\000u\000m\000e\000n\000t\000a\000c\000j\000a\000\040\000f\000u\000n\000k\000c\000j\000i}{section.12.90}% 1926
\BOOKMARK [3][-]{subsubsection.12.90.2.1}{\376\377\0001\0002\000.\0009\0000\000.\0002\000.\0001\000\040\000t\000o\000f\000\137\000m\000a\000i\000n\000\137\000c\000r\000e\000a\000t\000e\000\137\000t\000a\000s\000k\000\050\000\051}{subsection.12.90.2}% 1927
\BOOKMARK [3][-]{subsubsection.12.90.2.2}{\376\377\0001\0002\000.\0009\0000\000.\0002\000.\0002\000\040\000t\000o\000f\000\137\000m\000a\000i\000n\000\137\000g\000e\000t\000\137\000l\000a\000s\000t\000\137\000d\000i\000s\000t\000a\000n\000c\000e\000\050\000\051}{subsection.12.90.2}% 1928
\BOOKMARK [1][-]{section.12.91}{\376\377\0001\0002\000.\0009\0001\000\040\000t\000o\000f\000\137\000m\000a\000i\000n\000.\000h}{chapter.12}% 1929
\BOOKMARK [1][-]{section.12.92}{\376\377\0001\0002\000.\0009\0002\000\040\000v\000l\0005\0003\000l\0003\000c\000x\000\137\000l\000i\000b\000.\000c}{chapter.12}% 1930
\BOOKMARK [1][-]{section.12.93}{\376\377\0001\0002\000.\0009\0003\000\040\000D\000o\000k\000u\000m\000e\000n\000t\000a\000c\000j\000a\000\040\000p\000l\000i\000k\000u\000\040\000C\000o\000r\000e\000/\000A\000p\000p\000/\000v\000l\0005\0003\000l\0003\000c\000x\000\137\000l\000i\000b\000/\000v\000l\0005\0003\000l\0003\000c\000x\000\137\000l\000i\000b\000.\000h}{chapter.12}% 1931
\BOOKMARK [2][-]{subsection.12.93.1}{\376\377\0001\0002\000.\0009\0003\000.\0001\000\040\000O\000p\000i\000s\000\040\000s\000z\000c\000z\000e\000g\000\363\001\102\000o\000w\000y}{section.12.93}% 1932
\BOOKMARK [2][-]{subsection.12.93.2}{\376\377\0001\0002\000.\0009\0003\000.\0002\000\040\000D\000o\000k\000u\000m\000e\000n\000t\000a\000c\000j\000a\000\040\000f\000u\000n\000k\000c\000j\000i}{section.12.93}% 1933
\BOOKMARK [3][-]{subsubsection.12.93.2.1}{\376\377\0001\0002\000.\0009\0003\000.\0002\000.\0001\000\040\000t\000o\000f\000\137\000g\000e\000t\000\137\000d\000i\000s\000t\000a\000n\000c\000e\000\050\000\051}{subsection.12.93.2}% 1934
\BOOKMARK [3][-]{subsubsection.12.93.2.2}{\376\377\0001\0002\000.\0009\0003\000.\0002\000.\0002\000\040\000t\000o\000f\000\137\000i\000n\000i\000t\000\050\000\051}{subsection.12.93.2}% 1935
\BOOKMARK [3][-]{subsubsection.12.93.2.3}{\376\377\0001\0002\000.\0009\0003\000.\0002\000.\0003\000\040\000V\000L\0005\0003\000L\0003\000C\000X\000\137\000T\000e\000s\000t\000O\000n\000c\000e\000\050\000\051}{subsection.12.93.2}% 1936
\BOOKMARK [1][-]{section.12.94}{\376\377\0001\0002\000.\0009\0004\000\040\000v\000l\0005\0003\000l\0003\000c\000x\000\137\000l\000i\000b\000.\000h}{chapter.12}% 1937
\BOOKMARK [0][-]{section*.143}{\376\377\000S\000k\000o\000r\000o\000w\000i\000d\000z}{}% 1938
